Rk,Player,Nation,Pos,Squad,Comp,Age,Born,MP,Starts,Min,90s,Gls,Ast,G+A,G-PK,PK,PKatt,CrdY,CrdR,G+A-PK,Sh,SoT,SoT%,Sh/90,SoT/90,G/Sh,G/SoT,PK_stats_shooting,PKatt_stats_shooting,Crs,TklW,Int,Fld,CrdY_stats_misc,CrdR_stats_misc,2CrdY,Fls,OG,GA,GA90,SoTA,Saves,Save%,W,D,L,CS,CS%,PKatt_stats_keeper,PKA,PKsv,PKm,player_clean,expected_goals,expected_assists
1,Brenden Aaronson,us USA,"MF,FW",Leeds United,eng Premier League,25.0,2000.0,34,27,2239,24.9,4,5,9,4,0,0,2,0,0.36,43,16,37.2,1.73,0.64,0.09,0.25,0,0,36,23,17,48,2,0,0,19,0,,,,,,,,,,,,,,,brenden aaronson,4.2381,3.04612654
3,Jones El-Abdellaoui,ma MAR,"MF,FW",Celta Vigo,es La Liga,20.0,2006.0,21,4,666,7.4,2,0,2,2,0,0,0,0,0.27,17,4,23.5,2.3,0.54,0.12,0.5,0,0,27,3,3,3,0,0,0,6,0,,,,,,,,,,,,,,,jones el-abdellaoui,2.5514,0.61684925
4,Himad Abdelli,dz ALG,MF,Marseille,fr Ligue 1,26.0,1999.0,8,1,138,1.5,0,0,0,0,0,0,1,0,0.0,4,1,25.0,2.61,0.65,0.0,0.0,0,0,1,1,2,0,1,0,0,3,0,,,,,,,,,,,,,,,himad abdelli,2.1327,0.78213105
5,Himad Abdelli,dz ALG,MF,Angers,fr Ligue 1,26.0,1999.0,13,11,943,10.5,2,0,2,0,2,2,1,0,0.0,11,5,45.5,1.05,0.48,0.0,0.0,2,2,9,17,13,12,1,0,0,16,0,,,,,,,,,,,,,,,himad abdelli,2.1327,0.78213105
6,Ali Abdi,tn TUN,"MF,DF",Nice,fr Ligue 1,32.0,1993.0,20,12,1065,11.8,3,0,3,3,0,0,4,1,0.25,11,3,27.3,0.93,0.25,0.27,1.0,0,0,31,9,10,17,4,1,1,20,0,,,,,,,,,,,,,,,ali abdi,1.6372,0.60819991
7,Salis Abdul Samed,gh GHA,MF,Nice,fr Ligue 1,26.0,2000.0,17,11,853,9.5,0,0,0,0,0,0,3,0,0.0,1,0,0.0,0.11,0.0,0.0,,0,0,2,7,11,9,3,0,0,19,0,,,,,,,,,,,,,,,salis abdul samed,0.0259,0.13320865
8,Saud Abdulhamid,sa KSA,MF,Lens,fr Ligue 1,26.0,1999.0,24,13,1307,14.5,2,4,6,2,0,0,3,1,0.41,8,3,37.5,0.55,0.21,0.25,0.67,0,0,46,22,9,14,3,1,0,24,0,,,,,,,,,,,,,,,saud abdulhamid,0.5177,2.87205286
10,Laurent Abergel,fr FRA,MF,Lorient,fr Ligue 1,33.0,1993.0,26,25,2163,24.0,1,0,1,1,0,0,6,0,0.04,20,5,25.0,0.83,0.21,0.05,0.2,0,0,9,22,28,24,6,0,0,24,0,,,,,,,,,,,,,,,laurent abergel,0.7317,0.90815313
11,Matthis Abline,fr FRA,"FW,MF",Nantes,fr Ligue 1,23.0,2003.0,32,27,2494,27.7,6,4,10,6,0,1,6,0,0.36,84,22,26.2,3.03,0.79,0.07,0.27,0,1,62,13,9,42,6,0,0,32,0,,,,,,,,,,,,,,,matthis abline,5.3875,3.12054218
13,Zakaria Aboukhlal,ma MAR,MF,Torino,it Serie A,26.0,2000.0,15,6,511,5.7,0,0,0,0,0,0,4,0,0.0,7,2,28.6,1.23,0.35,0.0,0.0,0,0,18,12,1,11,4,0,0,12,0,,,,,,,,,,,,,,,zakaria aboukhlal,0.3365,0.37928878
15,Tammy Abraham,eng ENG,FW,Aston Villa,eng Premier League,28.0,1997.0,12,2,286,3.2,2,0,2,2,0,0,0,0,0.63,9,3,33.3,2.83,0.94,0.22,0.67,0,0,1,1,0,0,0,0,0,2,0,,,,,,,,,,,,,,,tammy abraham,1.7569,0.36209894
17,Giorgi Abuashvili,ge GEO,"MF,FW",Metz,fr Ligue 1,23.0,2003.0,21,5,573,6.4,2,0,2,2,0,0,1,0,0.31,17,7,41.2,2.67,1.1,0.12,0.29,0,0,29,7,4,9,1,0,0,6,0,,,,,,,,,,,,,,,giorgi abuashvili,0.6208,0.59377036
19,Francesco Acerbi,it ITA,DF,Inter,it Serie A,38.0,1988.0,16,13,1198,13.3,0,1,1,0,0,0,3,0,0.08,3,1,33.3,0.23,0.08,0.0,0.0,0,0,2,9,17,12,3,0,0,15,0,,,,,,,,,,,,,,,francesco acerbi,0.3657,0.46919802
20,Ragnar Ache,de GER,FW,Köln,de Bundesliga,27.0,1998.0,29,18,1718,19.1,7,4,11,7,0,0,3,0,0.58,52,22,42.3,2.72,1.15,0.13,0.32,0,0,1,8,4,29,3,0,0,18,0,,,,,,,,,,,,,,,ragnar ache,10.1478,1.04124876
22,Akor Adams,ng NGA,FW,Sevilla,es La Liga,26.0,2000.0,28,19,1846,20.5,8,3,11,5,3,3,2,0,0.39,55,27,49.1,2.68,1.32,0.09,0.19,3,3,15,3,1,10,2,0,0,31,0,,,,,,,,,,,,,,,akor adams,9.6194,0.98235192
23,Che Adams,sct SCO,FW,Torino,it Serie A,29.0,1996.0,31,19,1826,20.3,5,2,7,5,0,0,0,0,0.35,48,14,29.2,2.37,0.69,0.1,0.36,0,0,13,9,1,15,0,0,0,17,0,,,,,,,,,,,,,,,che adams,5.1973,2.09190771
24,Tyler Adams,us USA,MF,Bournemouth,eng Premier League,27.0,1999.0,22,19,1545,17.2,2,2,4,2,0,0,7,0,0.23,9,6,66.7,0.52,0.35,0.22,0.33,0,0,3,20,26,12,7,0,0,30,0,,,,,,,,,,,,,,,tyler adams,0.5822,0.37893605
26,Tosin Adarabioyo,eng ENG,DF,Chelsea,eng Premier League,28.0,1997.0,16,8,795,8.8,0,0,0,0,0,0,2,0,0.0,2,0,0.0,0.23,0.0,0.0,,0,0,0,6,9,0,2,0,0,6,0,,,,,,,,,,,,,,,tosin adarabioyo,0.1073,0.3998622
27,Jayden Addai,nl NED,MF,Como,it Serie A,20.0,2005.0,12,7,686,7.6,3,0,3,3,0,0,4,0,0.39,13,6,46.2,1.71,0.79,0.23,0.5,0,0,10,2,2,14,4,0,0,13,0,,,,,,,,,,,,,,,jayden addai,1.5392,1.24869061
28,Karim Adeyemi,de GER,"MF,FW",Dortmund,de Bundesliga,24.0,2002.0,27,15,1187,13.2,7,3,10,7,0,0,5,0,0.76,31,14,45.2,2.35,1.06,0.23,0.5,0,0,10,4,8,25,5,0,0,21,0,,,,,,,,,,,,,,,karim adeyemi,4.8722,2.92525678
29,Simon Adingra,ci CIV,"MF,FW",Sunderland,eng Premier League,24.0,2002.0,14,9,653,7.3,1,0,1,1,0,0,2,0,0.14,6,2,33.3,0.83,0.28,0.17,0.5,0,0,27,8,2,3,2,0,0,18,0,,,,,,,,,,,,,,,simon adingra,1.9944,1.28499395
30,Simon Adingra,ci CIV,"MF,FW",Monaco,fr Ligue 1,24.0,2002.0,12,8,723,8.0,3,1,4,3,0,0,0,0,0.5,18,5,27.8,2.24,0.62,0.17,0.6,0,0,26,7,5,7,0,0,0,7,0,,,,,,,,,,,,,,,simon adingra,1.9944,1.28499395
31,Nathaniel Adjei,gh GHA,DF,Lorient,fr Ligue 1,23.0,2002.0,13,7,673,7.5,0,0,0,0,0,0,0,0,0.0,4,2,50.0,0.53,0.27,0.0,0.0,0,0,0,6,6,6,0,0,0,5,1,,,,,,,,,,,,,,,nathaniel adjei,0.2704,0.04932049
33,Amine Adli,ma MAR,MF,Bournemouth,eng Premier League,25.0,2000.0,29,10,1063,11.8,3,1,4,3,0,0,2,0,0.34,20,9,45.0,1.69,0.76,0.15,0.33,0,0,39,16,5,23,2,0,0,26,0,,,,,,,,,,,,,,,amine adli,2.5398,1.58659656
34,Vasilije Adžić,me MNE,MF,Juventus,it Serie A,19.0,2006.0,10,1,171,1.9,1,0,1,1,0,0,0,0,0.53,6,4,66.7,3.16,2.11,0.17,0.25,0,0,4,2,3,2,0,0,0,3,0,,,,,,,,,,,,,,,vasilije adzic,0.2299,0.23095471
35,Michel Aebischer,ch SUI,MF,Pisa,it Serie A,29.0,1997.0,33,31,2742,30.5,1,1,2,1,0,0,8,0,0.07,19,5,26.3,0.62,0.16,0.05,0.2,0,0,41,36,33,38,8,0,0,38,0,,,,,,,,,,,,,,,michel aebischer,0.5643,2.15064484
36,David Affengruber,at AUT,DF,Elche,es La Liga,25.0,2001.0,32,29,2589,28.8,1,1,2,1,0,0,6,1,0.07,12,4,33.3,0.42,0.14,0.08,0.25,0,0,8,42,45,33,6,1,0,30,0,,,,,,,,,,,,,,,david affengruber,0.4865,0.5901705
38,Emmanuel Agbadou,ci CIV,DF,Wolves,eng Premier League,28.0,1997.0,14,12,1101,12.2,0,0,0,0,0,0,1,1,0.0,10,3,30.0,0.82,0.25,0.0,0.0,0,0,13,21,14,5,1,1,0,10,0,,,,,,,,,,,,,,,emmanuel agbadou,0.3443,0.57858378
40,Lucien Agoume,fr FRA,MF,Sevilla,es La Liga,24.0,2002.0,30,28,2417,26.9,1,2,3,1,0,0,11,0,0.11,15,2,13.3,0.56,0.07,0.07,0.5,0,0,17,35,44,14,11,0,0,53,0,,,,,,,,,,,,,,,lucien agoume,0.7634,1.39207006
41,Felix Agu,ng NGA,"DF,MF",Werder Bremen,de Bundesliga,26.0,1999.0,11,9,744,8.3,0,0,0,0,0,0,1,0,0.0,2,1,50.0,0.24,0.12,0.0,0.0,0,0,14,14,11,14,1,0,0,8,0,,,,,,,,,,,,,,,felix agu,0.0592,0.77409131
43,Marc Aguado,es ESP,MF,Elche,es La Liga,26.0,2000.0,31,26,2153,23.9,1,2,3,1,0,0,2,0,0.13,3,2,66.7,0.13,0.08,0.33,0.5,0,0,2,24,36,23,2,0,0,20,0,,,,,,,,,,,,,,,marc aguado,0.108,0.47484476
44,Pablo Agudín,es ESP,MF,Oviedo,es La Liga,18.0,2007.0,6,0,78,0.9,0,0,0,0,0,0,0,0,0.0,2,0,0.0,2.31,0.0,0.0,,0,0,1,0,0,1,0,0,0,3,0,,,,,,,,,,,,,,,pablo agudin,0.0352,0.00134307
45,Nayef Aguerd,ma MAR,DF,Marseille,fr Ligue 1,30.0,1996.0,16,16,1396,15.5,1,0,1,1,0,0,4,0,0.06,10,2,20.0,0.64,0.13,0.1,0.5,0,0,2,16,21,6,4,0,0,21,0,,,,,,,,,,,,,,,nayef aguerd,0.633,0.29724477
46,Nayef Aguerd,ma MAR,DF,West Ham United,eng Premier League,30.0,1996.0,2,2,180,2.0,0,0,0,0,0,0,0,0,0.0,2,0,0.0,1.0,0.0,0.0,,0,0,2,0,1,1,0,0,0,0,0,,,,,,,,,,,,,,,nayef aguerd,0.633,0.29724477
47,Ruben Aguilar,fr FRA,MF,Lens,fr Ligue 1,33.0,1993.0,24,19,1591,17.7,2,2,4,2,0,0,5,1,0.23,13,3,23.1,0.74,0.17,0.15,0.67,0,0,84,23,21,12,5,1,1,24,0,,,,,,,,,,,,,,,ruben aguilar,0.9153,2.00230094
49,Naouirou Ahamada,fr FRA,MF,Auxerre,fr Ligue 1,24.0,2002.0,13,6,502,5.6,0,0,0,0,0,0,0,0,0.0,5,1,20.0,0.9,0.18,0.0,0.0,0,0,4,7,2,6,0,0,0,4,0,,,,,,,,,,,,,,,naouirou ahamada,0.2921,0.30982272
50,Honest Ahanor,it ITA,DF,Atalanta,it Serie A,18.0,2008.0,19,13,1169,13.0,0,0,0,0,0,0,1,1,0.0,12,3,25.0,0.92,0.23,0.0,0.0,0,0,2,17,20,26,1,1,0,19,0,,,,,,,,,,,,,,,honest ahanor,1.5951,0.667515
51,Lucas Ahijado,es ESP,DF,Oviedo,es La Liga,31.0,1995.0,16,10,982,10.9,0,1,1,0,0,0,2,0,0.09,8,2,25.0,0.73,0.18,0.0,0.0,0,0,15,27,15,3,2,0,0,10,0,,,,,,,,,,,,,,,lucas ahijado,0.9216,1.0862571
52,Joseph Aidoo,gh GHA,DF,Celta Vigo,es La Liga,30.0,1995.0,8,7,639,7.1,0,0,0,0,0,0,0,0,0.0,2,0,0.0,0.28,0.0,0.0,,0,0,0,3,10,1,0,0,0,5,0,,,,,,,,,,,,,,,joseph aidoo,0.2417,0.06272475
53,Ola Aina,ng NGA,DF,Nottingham Forest,eng Premier League,29.0,1996.0,18,18,1588,17.6,0,0,0,0,0,0,3,0,0.0,12,1,8.3,0.68,0.06,0.0,0.0,0,0,39,21,26,15,3,0,0,13,0,,,,,,,,,,,,,,,ola aina,0.3559,0.81984971
54,Abdelhamid Ait Boudlal,ma MAR,DF,Rennes,fr Ligue 1,20.0,2006.0,18,15,1223,13.6,2,1,3,2,0,0,3,1,0.22,9,4,44.4,0.66,0.29,0.22,0.5,0,0,2,10,17,8,3,1,0,11,0,,,,,,,,,,,,,,,abdelhamid ait boudlal,1.438,0.37361821
55,Rayan Aït-Nouri,dz ALG,DF,Manchester City,eng Premier League,24.0,2001.0,15,11,870,9.7,0,2,2,0,0,0,2,0,0.21,9,2,22.2,0.93,0.21,0.0,0.0,0,0,19,20,13,9,2,0,0,13,0,,,,,,,,,,,,,,,rayan ait-nouri,0.4196,1.71404273
58,Kristoffer Ajer,no NOR,DF,Brentford,eng Premier League,28.0,1998.0,25,18,1639,18.2,0,1,1,0,0,0,3,0,0.05,10,3,30.0,0.55,0.16,0.0,0.0,0,0,7,21,12,5,3,0,0,22,0,,,,,,,,,,,,,,,kristoffer ajer,0.7805,0.71224566
59,Ludovic Ajorque,fr FRA,FW,Brest,fr Ligue 1,32.0,1994.0,29,29,2550,28.3,7,9,16,7,0,0,9,1,0.56,47,15,31.9,1.66,0.53,0.15,0.47,0,0,9,19,9,51,9,1,0,59,0,,,,,,,,,,,,,,,ludovic ajorque,7.7377,1.86012887
60,Manuel Akanji,ch SUI,DF,Inter,it Serie A,30.0,1995.0,33,31,2821,31.3,2,0,2,2,0,0,4,0,0.06,23,6,26.1,0.73,0.19,0.09,0.33,0,0,3,24,37,18,4,0,0,26,0,,,,,,,,,,,,,,,manuel akanji,1.8925,1.32105999
61,Nathan Aké,nl NED,DF,Manchester City,eng Premier League,31.0,1995.0,15,4,496,5.5,0,0,0,0,0,0,1,0,0.0,4,0,0.0,0.73,0.0,0.0,,0,0,4,6,4,6,1,0,0,2,0,,,,,,,,,,,,,,,nathan ake,0.2759,0.44223924
62,Ilias Akhomach,ma MAR,MF,Villarreal,es La Liga,22.0,2004.0,9,2,188,2.1,0,0,0,0,0,0,0,0,0.0,6,2,33.3,2.87,0.96,0.0,0.0,0,0,9,4,0,7,0,0,0,9,0,,,,,,,,,,,,,,,ilias akhomach,1.7689,0.85623641
63,Ilias Akhomach,ma MAR,"MF,FW",Rayo Vallecano,es La Liga,22.0,2004.0,11,7,709,7.9,0,1,1,0,0,0,2,0,0.13,18,6,33.3,2.28,0.76,0.0,0.0,0,0,22,10,2,29,2,0,0,9,0,,,,,,,,,,,,,,,ilias akhomach,1.7689,0.85623641
64,Ebenezer Akinsanmiro,ng NGA,MF,Pisa,it Serie A,21.0,2004.0,21,13,1269,14.1,0,1,1,0,0,0,2,0,0.07,13,3,23.1,0.92,0.21,0.0,0.0,0,0,9,21,24,26,2,0,0,28,0,,,,,,,,,,,,,,,ebenezer akinsanmiro,0.6221,1.19339332
65,Maghnes Akliouche,fr FRA,"MF,FW",Monaco,fr Ligue 1,24.0,2002.0,29,26,2244,24.9,6,6,12,6,0,0,3,0,0.48,46,18,39.1,1.84,0.72,0.13,0.33,0,0,48,23,16,35,3,0,0,26,0,,,,,,,,,,,,,,,maghnes akliouche,6.7422,4.9523109
66,Clément Akpa,ci CIV,DF,Auxerre,fr Ligue 1,24.0,2001.0,25,21,1866,20.7,0,0,0,0,0,0,4,1,0.0,6,0,0.0,0.29,0.0,0.0,,0,0,30,19,23,30,4,1,1,11,2,,,,,,,,,,,,,,,clement akpa,0.2071,0.76769894
70,David Alaba,at AUT,DF,Real Madrid,es La Liga,33.0,1992.0,9,3,265,2.9,0,0,0,0,0,0,1,0,0.0,3,1,33.3,1.02,0.34,0.0,0.0,0,0,0,4,0,0,1,0,0,1,0,,,,,,,,,,,,,,,david alaba,0.1903,0.06023749
73,Raúl Albiol,es ESP,DF,Pisa,it Serie A,40.0,1985.0,8,5,500,5.6,0,1,1,0,0,0,1,0,0.18,1,0,0.0,0.18,0.0,0.0,,0,0,1,4,7,2,1,0,0,6,0,,,,,,,,,,,,,,,raul albiol,0.0678,0.29373517
74,Carlos Alcaraz,ar ARG,MF,Everton,eng Premier League,23.0,2002.0,18,6,681,7.6,0,1,1,0,0,0,4,0,0.13,18,5,27.8,2.38,0.66,0.0,0.0,0,0,5,8,2,11,4,0,0,9,0,,,,,,,,,,,,,,,carlos alcaraz,1.1118,0.44115557
75,Omar Alderete,py PAR,DF,Sunderland,eng Premier League,29.0,1996.0,31,30,2686,29.8,1,1,2,1,0,0,6,0,0.07,23,9,39.1,0.77,0.3,0.04,0.11,0,0,11,17,33,9,6,0,0,33,0,,,,,,,,,,,,,,,omar alderete,1.3976,0.88123831
77,Carles Aleñá,es ESP,MF,Alavés,es La Liga,28.0,1998.0,34,23,1989,22.1,0,4,4,0,0,0,5,0,0.18,29,5,17.2,1.31,0.23,0.0,0.0,0,0,121,24,12,36,5,0,0,38,0,,,,,,,,,,,,,,,carles alena,2.5727,3.0199777
78,Trent Alexander-Arnold,eng ENG,DF,Real Madrid,es La Liga,27.0,1998.0,18,12,996,11.1,0,4,4,0,0,0,3,0,0.36,8,1,12.5,0.72,0.09,0.0,0.0,0,0,109,7,12,0,3,0,0,10,0,,,,,,,,,,,,,,,trent alexander-arnold,0.1902,2.25619358
83,Jim Allevinah,ga GAB,MF,Angers,fr Ligue 1,31.0,1995.0,6,0,133,1.5,1,0,1,1,0,0,0,0,0.68,5,1,20.0,3.38,0.68,0.2,1.0,0,0,1,1,0,4,0,0,0,0,0,,,,,,,,,,,,,,,jim allevinah,0.7946,0.28191115
84,Max Alleyne,eng ENG,DF,Manchester City,eng Premier League,20.0,2005.0,2,2,135,1.5,0,0,0,0,0,0,0,0,0.0,2,1,50.0,1.33,0.67,0.0,0.0,0,0,0,3,3,0,0,0,0,0,0,,,,,,,,,,,,,,,max alleyne,0.259,0.0644063
85,Thiago Almada,ar ARG,"MF,FW",Atlético Madrid,es La Liga,25.0,2001.0,24,15,1191,13.2,3,1,4,3,0,0,2,1,0.3,20,10,50.0,1.51,0.76,0.15,0.3,0,0,35,16,7,16,2,1,0,12,0,,,,,,,,,,,,,,,thiago almada,3.5364,1.94965064
87,Pontus Almqvist,se SWE,MF,Parma,it Serie A,26.0,1999.0,11,4,426,4.7,0,0,0,0,0,0,0,0,0.0,3,2,66.7,0.63,0.42,0.0,0.0,0,0,6,6,6,12,0,0,0,6,0,,,,,,,,,,,,,,,pontus almqvist,0.3347,0.6878904
88,Marcos Alonso,es ESP,DF,Celta Vigo,es La Liga,35.0,1990.0,28,27,2408,26.8,1,0,1,0,1,1,5,0,0.0,22,3,13.6,0.82,0.11,0.0,0.0,1,1,17,21,29,18,5,0,0,21,0,,,,,,,,,,,,,,,marcos alonso,2.0405,1.7127991
90,Sergi Altimira,es ESP,MF,Real Betis,es La Liga,24.0,2001.0,22,12,1110,12.3,1,1,2,1,0,0,3,0,0.16,5,2,40.0,0.41,0.16,0.2,0.5,0,0,3,30,19,20,3,0,0,12,0,,,,,,,,,,,,,,,sergi altimira,0.2931,0.75459526
91,Carlos Álvarez,es ESP,MF,Levante,es La Liga,22.0,2003.0,30,23,1890,21.0,3,1,4,3,0,0,3,0,0.19,30,11,36.7,1.43,0.52,0.1,0.27,0,0,54,13,13,49,3,0,0,22,0,,,,,,,,,,,,,,,carlos alvarez,2.6252,3.93705258
92,Hugo Álvarez,es ESP,"FW,MF",Celta Vigo,es La Liga,22.0,2003.0,24,14,1218,13.5,4,1,5,4,0,0,2,0,0.37,11,6,54.5,0.81,0.44,0.36,0.67,0,0,22,9,10,15,2,0,0,15,0,,,,,,,,,,,,,,,hugo alvarez,1.3666,1.71002342
93,Julián Álvarez,ar ARG,FW,Atlético Madrid,es La Liga,26.0,2000.0,29,22,1895,21.1,8,4,12,6,2,3,2,0,0.47,54,26,48.1,2.56,1.23,0.11,0.23,2,3,86,13,3,18,2,0,0,14,0,,,,,,,,,,,,,,,julian alvarez,7.6955,5.12599782
100,Aurele Amenda,ch SUI,DF,Eintracht Frankfurt,de Bundesliga,22.0,2003.0,23,17,1588,17.6,0,0,0,0,0,0,4,0,0.0,10,2,20.0,0.57,0.11,0.0,0.0,0,0,5,11,29,11,4,0,0,18,1,,,,,,,,,,,,,,,aurele amenda,0.6764,0.78988955
101,Kelvin Amian,fr FRA,DF,Nantes,fr Ligue 1,28.0,1998.0,23,22,1961,21.8,0,1,1,0,0,0,3,0,0.05,10,2,20.0,0.46,0.09,0.0,0.0,0,0,29,18,8,18,3,0,0,23,0,,,,,,,,,,,,,,,kelvin amian,0.3935,1.20520756
104,Nadiem Amiri,de GER,MF,Mainz 05,de Bundesliga,29.0,1996.0,24,22,1926,21.4,11,2,13,3,8,8,6,0,0.23,51,21,41.2,2.38,0.98,0.06,0.14,8,8,124,16,19,23,6,0,0,20,0,,,,,,,,,,,,,,,nadiem amiri,8.0114,5.8985843
105,Samuel Amo-Ameyaw,eng ENG,"MF,DF",Strasbourg,fr Ligue 1,19.0,2006.0,23,8,938,10.4,2,2,4,2,0,0,2,0,0.38,13,3,23.1,1.25,0.29,0.15,0.67,0,0,50,11,3,22,2,0,0,13,0,,,,,,,,,,,,,,,samuel amo-ameyaw,0.5644,1.04468663
107,Mathis Amougou,fr FRA,MF,Strasbourg,fr Ligue 1,20.0,2006.0,11,3,335,3.7,0,0,0,0,0,0,1,0,0.0,3,2,66.7,0.81,0.54,0.0,0.0,0,0,0,8,2,3,1,0,0,3,0,,,,,,,,,,,,,,,mathis amougou,0.1748,0.12445807
108,Mohamed Amoura,dz ALG,"FW,MF",Wolfsburg,de Bundesliga,26.0,2000.0,29,23,1918,21.3,8,3,11,7,1,1,2,0,0.47,60,19,31.7,2.82,0.89,0.12,0.37,1,1,34,22,7,11,2,0,0,21,0,,,,,,,,,,,,,,,mohamed amoura,8.4452,2.48808474
109,Ethan Ampadu,wls WAL,MF,Leeds United,eng Premier League,25.0,2000.0,32,32,2849,31.7,1,1,2,1,0,0,9,0,0.06,26,6,23.1,0.82,0.19,0.04,0.17,0,0,24,43,47,33,9,0,0,45,0,,,,,,,,,,,,,,,ethan ampadu,2.4092,2.12656818
110,Sofyan Amrabat,ma MAR,MF,Real Betis,es La Liga,29.0,1996.0,14,12,1104,12.3,0,0,0,0,0,0,4,0,0.0,7,1,14.3,0.57,0.08,0.0,0.0,0,0,6,11,10,16,4,0,0,19,0,,,,,,,,,,,,,,,sofyan amrabat,0.2382,0.41168621
111,Joachim Andersen,dk DEN,DF,Fulham,eng Premier League,29.0,1996.0,32,32,2831,31.5,0,1,1,0,0,0,7,0,0.03,15,4,26.7,0.48,0.13,0.0,0.0,0,0,15,26,33,13,7,0,0,30,0,,,,,,,,,,,,,,,joachim andersen,1.4316,1.7984062
112,Elliot Anderson,eng ENG,MF,Nottingham Forest,eng Premier League,23.0,2002.0,35,34,3087,34.3,3,2,5,2,1,1,7,0,0.12,40,9,22.5,1.17,0.26,0.05,0.22,1,1,167,57,38,74,7,0,0,52,0,,,,,,,,,,,,,,,elliot anderson,2.5331,3.67118219
113,Tomoya Ando,jp JPN,DF,St Pauli,de Bundesliga,27.0,1999.0,13,12,1080,12.0,0,1,1,0,0,0,3,0,0.08,7,2,28.6,0.58,0.17,0.0,0.0,0,0,6,19,13,8,3,0,0,10,0,,,,,,,,,,,,,,,tomoya ando,0.2695,0.35329583
115,André,br BRA,MF,Wolves,eng Premier League,24.0,2001.0,32,27,2492,27.7,1,0,1,1,0,0,10,0,0.04,14,1,7.1,0.51,0.04,0.07,1.0,0,0,39,38,22,40,10,0,0,39,0,,,,,,,,,,,,,,,andre,0.4565,0.85397941
116,Benjamin André,fr FRA,MF,Lille,fr Ligue 1,35.0,1990.0,25,24,2152,23.9,2,2,4,2,0,0,8,0,0.17,24,6,25.0,1.0,0.25,0.08,0.33,0,0,20,38,30,39,8,0,0,34,0,,,,,,,,,,,,,,,benjamin andre,2.4429,2.23309175
117,Robert Andrich,de GER,"DF,MF",Leverkusen,de Bundesliga,31.0,1994.0,30,27,2395,26.6,2,0,2,2,0,0,6,1,0.08,11,3,27.3,0.41,0.11,0.18,0.67,0,0,13,30,32,21,6,1,1,30,0,,,,,,,,,,,,,,,robert andrich,0.5229,1.29096211
121,Angeliño,es ESP,MF,Roma,it Serie A,29.0,1997.0,7,5,416,4.6,0,0,0,0,0,0,2,0,0.0,5,2,40.0,1.08,0.43,0.0,0.0,0,0,18,7,3,2,2,0,0,5,0,,,,,,,,,,,,,,,angelino,0.19,0.72279705
122,Samuele Angori,it ITA,MF,Pisa,it Serie A,22.0,2003.0,32,28,2365,26.3,0,2,2,0,0,0,2,0,0.08,13,2,15.4,0.49,0.08,0.0,0.0,0,0,158,23,22,53,2,0,0,16,0,,,,,,,,,,,,,,,samuele angori,1.3749,3.54907677
123,Nilson Angulo,ec ECU,MF,Sunderland,eng Premier League,22.0,2003.0,5,3,256,2.8,0,0,0,0,0,0,0,0,0.0,3,2,66.7,1.05,0.7,0.0,0.0,0,0,7,5,2,2,0,0,0,7,0,,,,,,,,,,,,,,,nilson angulo,0.4981,0.07700177
124,Faustino Anjorin,eng ENG,MF,Torino,it Serie A,24.0,2001.0,15,1,289,3.2,0,0,0,0,0,0,1,0,0.0,4,1,25.0,1.25,0.31,0.0,0.0,0,0,1,5,7,1,1,0,0,8,0,,,,,,,,,,,,,,,faustino anjorin,0.4921,0.1495053
125,Ilyas Ansah,de GER,"MF,FW",Union Berlin,de Bundesliga,21.0,2004.0,31,21,1769,19.7,5,1,6,5,0,0,1,0,0.31,30,10,33.3,1.53,0.51,0.17,0.5,0,0,19,8,4,38,1,0,0,21,0,,,,,,,,,,,,,,,ilyas ansah,3.0593,0.98324606
128,Andrés Antañón,es ESP,FW,Celta Vigo,es La Liga,19.0,2007.0,2,1,63,0.7,0,0,0,0,0,0,0,0,0.0,2,2,100.0,2.86,2.86,0.0,0.0,0,0,0,0,0,0,0,0,0,1,0,,,,,,,,,,,,,,,andres antanon,0.1569,0.00839059
129,Jaidon Anthony,eng ENG,MF,Burnley,eng Premier League,26.0,1999.0,34,29,2462,27.4,7,2,9,7,0,0,4,0,0.33,50,20,40.0,1.83,0.73,0.14,0.35,0,0,66,20,16,42,4,0,0,20,0,,,,,,,,,,,,,,,jaidon anthony,4.3056,2.63340446
130,Waldemar Anton,de GER,DF,Dortmund,de Bundesliga,29.0,1996.0,31,31,2790,31.0,2,0,2,2,0,0,3,0,0.06,16,6,37.5,0.52,0.19,0.13,0.33,0,0,11,41,28,16,3,0,0,26,0,,,,,,,,,,,,,,,waldemar anton,1.6894,1.13900021
131,Kyllian Antonio,fr FRA,DF,Lens,fr Ligue 1,18.0,2008.0,2,1,121,1.3,0,0,0,0,0,0,1,0,0.0,1,0,0.0,0.74,0.0,0.0,,0,0,1,3,5,4,1,0,0,1,0,,,,,,,,,,,,,,,kyllian antonio,0.0609,0.02259372
133,Antony,br BRA,"MF,FW",Real Betis,es La Liga,26.0,2000.0,28,26,2125,23.6,7,6,13,7,0,0,5,1,0.55,77,31,40.3,3.26,1.31,0.09,0.23,0,0,58,19,20,40,5,1,0,14,0,,,,,,,,,,,,,,,antony,6.5909,4.51924945
135,Mauro Arambarri,uy URU,MF,Getafe,es La Liga,30.0,1995.0,33,33,2889,32.1,6,2,8,4,2,3,5,0,0.19,54,18,33.3,1.68,0.56,0.07,0.22,2,3,14,40,20,57,5,0,0,57,0,,,,,,,,,,,,,,,mauro arambarri,5.7907,0.69226009
136,Jon Aramburu,ve VEN,DF,Real Sociedad,es La Liga,23.0,2002.0,32,29,2604,28.9,1,0,1,1,0,0,10,0,0.03,20,5,25.0,0.69,0.17,0.05,0.2,0,0,46,60,43,43,10,0,0,63,0,,,,,,,,,,,,,,,jon aramburu,1.6829,0.59433619
138,Ronald Araújo,uy URU,DF,Barcelona,es La Liga,27.0,1999.0,22,10,998,11.1,3,0,3,3,0,0,2,0,0.27,11,5,45.5,0.99,0.45,0.27,0.6,0,0,5,10,10,3,2,0,0,16,0,,,,,,,,,,,,,,,ronald araujo,1.3606,0.41840992
139,Carlens Arcus,ht HAI,DF,Angers,fr Ligue 1,29.0,1996.0,25,24,2014,22.4,0,3,3,0,0,0,7,0,0.13,9,1,11.1,0.4,0.04,0.0,0.0,0,0,38,28,29,16,7,0,0,32,0,,,,,,,,,,,,,,,carlens arcus,0.2864,1.4918971
142,Jesús Areso,es ESP,DF,Athletic Club,es La Liga,26.0,1999.0,25,13,1436,16.0,0,1,1,0,0,0,3,0,0.06,3,0,0.0,0.19,0.0,0.0,,0,0,82,15,20,6,3,0,0,18,0,,,,,,,,,,,,,,,jesus areso,0.1186,1.25655659
143,Jeremy Arévalo,ec ECU,FW,Stuttgart,de Bundesliga,21.0,2005.0,7,0,38,0.4,0,0,0,0,0,0,0,0,0.0,3,1,33.3,7.11,2.37,0.0,0.0,0,0,0,0,0,3,0,0,0,0,0,,,,,,,,,,,,,,,jeremy arevalo,0.1291,0.03064644
147,Juan Arizala,co COL,MF,Udinese,it Serie A,20.0,2005.0,8,0,119,1.3,0,0,0,0,0,0,0,0,0.0,1,1,100.0,0.76,0.76,0.0,0.0,0,0,5,2,1,1,0,0,0,0,0,,,,,,,,,,,,,,,juan arizala,0.0278,0.16860959
148,Adam Armstrong,eng ENG,"FW,MF",Wolves,eng Premier League,29.0,1997.0,11,11,906,10.1,1,2,3,1,0,0,3,0,0.3,16,5,31.3,1.59,0.5,0.06,0.2,0,0,4,3,1,3,3,0,0,10,0,,,,,,,,,,,,,,,adam armstrong,0.9351,0.68920529
149,Harrison Armstrong,eng ENG,MF,Everton,eng Premier League,19.0,2007.0,12,6,500,5.6,0,0,0,0,0,0,0,0,0.0,5,2,40.0,0.9,0.36,0.0,0.0,0,0,2,10,4,15,0,0,0,6,0,,,,,,,,,,,,,,,harrison armstrong,0.7874,0.20377204
150,Maximilian Arnold,de GER,MF,Wolfsburg,de Bundesliga,31.0,1994.0,25,20,1859,20.7,1,4,5,1,0,0,5,0,0.24,13,5,38.5,0.63,0.24,0.08,0.2,0,0,81,15,24,26,5,0,0,17,0,,,,,,,,,,,,,,,maximilian arnold,0.4329,4.09499554
151,Tolu Arokodare,ng NGA,FW,Wolves,eng Premier League,25.0,2000.0,30,13,1373,15.3,3,1,4,3,0,1,1,0,0.26,43,15,34.9,2.82,0.98,0.07,0.2,0,1,0,3,5,16,1,0,0,17,0,,,,,,,,,,,,,,,tolu arokodare,4.6159,0.41796925
153,Kervin Arriaga,hn HON,MF,Levante,es La Liga,28.0,1998.0,24,13,1307,14.5,1,2,3,1,0,0,7,1,0.21,10,3,30.0,0.69,0.21,0.1,0.33,0,0,4,22,13,21,7,1,1,19,0,,,,,,,,,,,,,,,kervin arriaga,0.3415,0.427228
154,Arthur,br BRA,MF,Leverkusen,de Bundesliga,23.0,2003.0,18,13,1081,12.0,1,3,4,1,0,0,2,0,0.33,10,2,20.0,0.83,0.17,0.1,0.5,0,0,30,12,18,9,2,0,0,17,0,,,,,,,,,,,,,,,arthur,0.9189,1.38899715
155,Takuma Asano,jp JPN,"MF,FW",Mallorca,es La Liga,31.0,1994.0,17,7,557,6.2,1,0,1,1,0,0,2,0,0.16,11,2,18.2,1.78,0.32,0.09,0.5,0,0,10,5,1,10,2,0,0,8,0,,,,,,,,,,,,,,,takuma asano,1.1087,0.93876894
156,Raúl Asencio,es ESP,DF,Real Madrid,es La Liga,23.0,2003.0,20,15,1438,16.0,2,0,2,2,0,0,3,0,0.13,14,4,28.6,0.88,0.25,0.14,0.5,0,0,1,11,8,17,3,0,0,15,0,,,,,,,,,,,,,,,raul asencio,1.2396,0.55549183
157,Fisnik Asllani,xk KVX,"FW,MF",Hoffenheim,de Bundesliga,23.0,2002.0,31,29,2183,24.3,10,7,17,10,0,0,2,0,0.7,69,26,37.7,2.84,1.07,0.14,0.38,0,0,10,7,4,36,2,0,0,25,0,,,,,,,,,,,,,,,fisnik asllani,7.3115,3.48578561
158,Kristjan Asllani,al ALB,MF,Torino,it Serie A,24.0,2002.0,15,13,1129,12.5,0,0,0,0,0,1,3,0,0.0,20,4,20.0,1.59,0.32,0.0,0.0,0,1,52,14,12,14,3,0,0,7,0,,,,,,,,,,,,,,,kristjan asllani,1.4095,0.26487992
160,Iago Aspas,es ESP,"FW,MF",Celta Vigo,es La Liga,38.0,1987.0,28,9,955,10.6,5,3,8,3,2,2,4,0,0.57,27,12,44.4,2.54,1.13,0.11,0.25,2,2,23,11,12,13,4,0,0,3,0,,,,,,,,,,,,,,,iago aspas,4.24,3.35346809
161,Yaser Asprilla,co COL,"FW,MF",Girona,es La Liga,22.0,2003.0,15,6,611,6.8,0,0,0,0,0,0,0,0,0.0,15,5,33.3,2.21,0.74,0.0,0.0,0,0,36,4,5,8,0,0,0,11,0,,,,,,,,,,,,,,,yaser asprilla,0.9364,0.31712883
162,Lorenz Assignon,tg TOG,"DF,MF",Stuttgart,de Bundesliga,25.0,2000.0,23,12,1090,12.1,0,0,0,0,0,0,3,1,0.0,12,4,33.3,0.99,0.33,0.0,0.0,0,0,38,15,14,7,3,1,0,19,0,,,,,,,,,,,,,,,lorenz assignon,0.5661,1.29327966
166,Zachary Athekame,ch SUI,"MF,DF",Milan,it Serie A,21.0,2004.0,24,6,680,7.6,1,2,3,1,0,0,3,0,0.4,10,2,20.0,1.32,0.26,0.1,0.5,0,0,42,7,4,10,3,0,0,13,0,,,,,,,,,,,,,,,zachary athekame,0.1772,0.81418473
167,Arthur Atta,fr FRA,MF,Udinese,it Serie A,23.0,2003.0,29,26,2287,25.4,5,3,8,5,0,0,3,0,0.31,52,19,36.5,2.05,0.75,0.1,0.26,0,0,51,14,22,31,3,0,0,21,0,,,,,,,,,,,,,,,arthur atta,2.7978,2.07820141
169,Pierre-Emerick Aubameyang,ga GAB,FW,Marseille,fr Ligue 1,36.0,1989.0,29,22,1949,21.7,9,5,14,9,0,0,1,0,0.65,52,28,53.8,2.4,1.29,0.17,0.32,0,0,29,6,7,16,1,0,0,19,0,,,,,,,,,,,,,,,pierre-emerick aubameyang,11.395,3.41250481
171,Carlos Augusto,br BRA,"DF,MF",Inter,it Serie A,27.0,1999.0,31,15,1493,16.6,1,1,2,1,0,0,6,0,0.12,15,4,26.7,0.9,0.24,0.07,0.25,0,0,41,20,17,11,6,0,0,25,0,,,,,,,,,,,,,,,carlos augusto,1.0726,1.45875977
173,Leon Avdullahu,xk KVX,MF,Hoffenheim,de Bundesliga,22.0,2004.0,31,30,2654,29.5,0,1,1,0,0,0,4,0,0.03,14,2,14.3,0.47,0.07,0.0,0.0,0,0,14,29,31,12,4,0,0,25,0,,,,,,,,,,,,,,,leon avdullahu,0.5654,1.69183674
176,Chidozie Awaziem,ng NGA,DF,Nantes,fr Ligue 1,29.0,1997.0,26,25,2231,24.8,1,2,3,1,0,0,7,0,0.12,11,4,36.4,0.44,0.16,0.09,0.25,0,0,2,20,20,21,7,0,0,23,1,,,,,,,,,,,,,,,chidozie awaziem,0.5231,1.25801295
177,Taiwo Awoniyi,ng NGA,FW,Nottingham Forest,eng Premier League,28.0,1997.0,14,2,372,4.1,4,1,5,4,0,0,1,0,1.21,12,7,58.3,2.9,1.69,0.33,0.57,0,0,1,1,1,4,1,0,0,7,0,,,,,,,,,,,,,,,taiwo awoniyi,1.9679,0.38721443
178,Yasin Ayari,se SWE,MF,Brighton,eng Premier League,22.0,2003.0,27,20,1905,21.2,3,3,6,3,0,0,1,0,0.28,41,10,24.4,1.94,0.47,0.07,0.3,0,0,23,25,25,28,1,0,0,23,0,,,,,,,,,,,,,,,yasin ayari,2.7096,1.13895091
179,Neil El Aynaoui,ma MAR,MF,Roma,it Serie A,24.0,2001.0,22,7,832,9.2,1,2,3,1,0,0,5,0,0.32,5,4,80.0,0.54,0.43,0.2,0.25,0,0,13,8,18,8,5,0,0,20,0,,,,,,,,,,,,,,,neil el aynaoui,0.1589,0.44954543
181,César Azpilicueta,es ESP,DF,Sevilla,es La Liga,36.0,1989.0,15,15,1033,11.5,0,1,1,0,0,0,4,0,0.09,1,0,0.0,0.09,0.0,0.0,,0,0,11,17,22,8,4,0,0,22,0,,,,,,,,,,,,,,,cesar azpilicueta,0.0096,0.54362024
182,Oussama El Azzouzi,ma MAR,"MF,DF",Auxerre,fr Ligue 1,24.0,2001.0,11,10,807,9.0,1,0,1,1,0,0,1,1,0.11,5,1,20.0,0.56,0.11,0.2,1.0,0,0,0,15,16,8,1,1,0,18,0,,,,,,,,,,,,,,,oussama el azzouzi,0.5211,0.48613338
184,Loïc Bade,fr FRA,DF,Leverkusen,de Bundesliga,26.0,2000.0,23,19,1653,18.4,0,0,0,0,0,0,4,0,0.0,12,4,33.3,0.65,0.22,0.0,0.0,0,0,4,19,21,4,4,0,0,11,1,,,,,,,,,,,,,,,loic bade,1.2853,0.88295447
187,Samson Baidoo,at AUT,DF,Lens,fr Ligue 1,22.0,2004.0,22,19,1768,19.6,2,1,3,2,0,0,2,0,0.15,16,4,25.0,0.81,0.2,0.13,0.5,0,0,0,22,25,5,2,0,0,20,0,,,,,,,,,,,,,,,samson baidoo,1.6224,0.38489797
188,Leon Bailey,jm JAM,MF,Aston Villa,eng Premier League,28.0,1997.0,11,2,363,4.0,0,1,1,0,0,0,1,0,0.25,6,1,16.7,1.49,0.25,0.0,0.0,0,0,17,4,1,4,1,0,0,5,0,,,,,,,,,,,,,,,leon bailey,0.3028,1.20996422
189,Leon Bailey,jm JAM,FW,Roma,it Serie A,28.0,1997.0,7,1,186,2.1,0,0,0,0,0,0,0,0,0.0,3,1,33.3,1.45,0.48,0.0,0.0,0,0,14,0,0,1,0,0,0,2,0,,,,,,,,,,,,,,,leon bailey,0.3028,1.20996422
190,Eric Bailly,ci CIV,DF,Oviedo,es La Liga,32.0,1994.0,12,12,1043,11.6,1,0,1,1,0,0,3,0,0.09,5,1,20.0,0.43,0.09,0.2,1.0,0,0,1,9,15,7,3,0,0,13,0,,,,,,,,,,,,,,,eric bailly,0.2877,0.201657
192,Cédric Bakambu,cd COD,FW,Real Betis,es La Liga,35.0,1991.0,17,5,524,5.8,3,1,4,3,0,0,1,0,0.69,21,9,42.9,3.61,1.55,0.14,0.33,0,0,2,2,1,9,1,0,0,10,0,,,,,,,,,,,,,,,cedric bakambu,3.2765,0.23484921
193,Johan Bakayoko,be BEL,"FW,MF",RB Leipzig,de Bundesliga,23.0,2003.0,19,8,766,8.5,2,0,2,2,0,0,1,0,0.23,24,9,37.5,2.82,1.06,0.08,0.22,0,0,14,3,2,11,1,0,0,12,0,,,,,,,,,,,,,,,johan bakayoko,1.63,1.11041106
194,Darryl Bakola,fr FRA,MF,Marseille,fr Ligue 1,18.0,2007.0,8,0,75,0.8,0,0,0,0,0,0,0,0,0.0,2,1,50.0,2.4,1.2,0.0,0.0,0,0,1,1,0,4,0,0,0,4,0,,,,,,,,,,,,,,,darryl bakola,0.0427,0.07152247
195,Darryl Bakola,fr FRA,MF,Sassuolo,it Serie A,18.0,2007.0,5,1,109,1.2,0,1,1,0,0,0,0,0,0.83,3,1,33.3,2.48,0.83,0.0,0.0,0,0,3,0,1,3,0,0,0,1,0,,,,,,,,,,,,,,,darryl bakola,0.0427,0.07152247
196,Ridle Baku,de GER,DF,RB Leipzig,de Bundesliga,28.0,1998.0,30,27,2387,26.5,2,3,5,2,0,0,4,0,0.19,29,6,20.7,1.09,0.23,0.07,0.33,0,0,54,38,29,20,4,0,0,23,0,,,,,,,,,,,,,,,ridle baku,2.1213,5.6300702
197,Dilane Bakwa,fr FRA,"FW,MF",Strasbourg,fr Ligue 1,23.0,2002.0,3,0,107,1.2,1,2,3,1,0,0,0,0,2.52,2,1,50.0,1.68,0.84,0.5,1.0,0,0,8,1,1,4,0,0,0,0,0,,,,,,,,,,,,,,,dilane bakwa,0.5119,0.72578211
198,Dilane Bakwa,fr FRA,MF,Nottingham Forest,eng Premier League,23.0,2002.0,12,5,469,5.2,0,2,2,0,0,0,1,0,0.38,8,3,37.5,1.54,0.58,0.0,0.0,0,0,32,3,0,12,1,0,0,9,0,,,,,,,,,,,,,,,dilane bakwa,0.5119,0.72578211
200,Tommaso Baldanzi,it ITA,MF,Genoa,it Serie A,23.0,2003.0,7,4,336,3.7,0,2,2,0,0,0,0,0,0.54,8,3,37.5,2.14,0.8,0.0,0.0,0,0,7,6,2,5,0,0,0,2,0,,,,,,,,,,,,,,,tommaso baldanzi,1.9896,1.44350141
201,Tommaso Baldanzi,it ITA,"FW,MF",Roma,it Serie A,23.0,2003.0,10,3,386,4.3,1,0,1,1,0,0,2,0,0.23,11,4,36.4,2.56,0.93,0.09,0.25,0,0,9,1,3,18,2,0,0,8,0,,,,,,,,,,,,,,,tommaso baldanzi,1.9896,1.44350141
202,Alejandro Balde,es ESP,DF,Barcelona,es La Liga,22.0,2003.0,24,19,1653,18.4,0,2,2,0,0,0,2,0,0.11,8,1,12.5,0.44,0.05,0.0,0.0,0,0,23,19,6,22,2,0,0,14,0,,,,,,,,,,,,,,,alejandro balde,0.3047,1.97594716
203,Fabio Baldé,pt POR,"FW,MF",Hamburger SV,de Bundesliga,20.0,2005.0,14,3,408,4.5,0,1,1,0,0,0,1,0,0.22,6,3,50.0,1.32,0.66,0.0,0.0,0,0,14,7,0,2,1,0,0,4,0,,,,,,,,,,,,,,,fabio balde,0.4461,0.36029385
204,Carlos Baleba,cm CMR,MF,Brighton,eng Premier League,22.0,2004.0,28,21,1464,16.3,0,0,0,0,0,0,5,0,0.0,17,1,5.9,1.05,0.06,0.0,0.0,0,0,0,17,26,17,5,0,0,29,0,,,,,,,,,,,,,,,carlos baleba,0.5347,0.30979455
205,Leonardo Balerdi,ar ARG,DF,Marseille,fr Ligue 1,27.0,1999.0,24,19,1821,20.2,0,1,1,0,0,0,5,0,0.05,19,5,26.3,0.94,0.25,0.0,0.0,0,0,2,25,22,21,5,0,0,18,0,,,,,,,,,,,,,,,leonardo balerdi,1.2296,0.28277354
206,Daniel Ballard,nir NIR,DF,Sunderland,eng Premier League,26.0,1999.0,29,24,2149,23.9,2,0,2,2,0,0,4,1,0.08,26,9,34.6,1.09,0.38,0.08,0.22,0,0,1,17,20,29,4,1,0,29,0,,,,,,,,,,,,,,,daniel ballard,2.3805,0.60374765
208,Iván Balliu,al ALB,DF,Rayo Vallecano,es La Liga,34.0,1992.0,12,4,423,4.7,0,0,0,0,0,0,2,0,0.0,2,0,0.0,0.43,0.0,0.0,,0,0,8,4,5,4,2,0,0,8,0,,,,,,,,,,,,,,,ivan balliu,0.3289,0.24513486
209,Fodé Ballo-Touré,sn SEN,"DF,MF",Metz,fr Ligue 1,29.0,1997.0,13,11,836,9.3,0,0,0,0,0,0,2,0,0.0,5,1,20.0,0.54,0.11,0.0,0.0,0,0,16,16,5,18,2,0,0,13,0,,,,,,,,,,,,,,,fode ballo-toure,0.2213,0.99671701
210,Folarin Balogun,us USA,FW,Monaco,fr Ligue 1,24.0,2001.0,28,24,2065,22.9,13,4,17,10,3,3,4,1,0.61,71,31,43.7,3.09,1.35,0.14,0.32,3,3,13,6,4,35,4,1,0,42,0,,,,,,,,,,,,,,,folarin balogun,12.8561,1.73151852
211,Abdoulaye Bamba,ci CIV,DF,Angers,fr Ligue 1,36.0,1990.0,4,2,186,2.1,0,0,0,0,0,0,0,0,0.0,1,1,100.0,0.48,0.48,0.0,0.0,0,0,1,3,3,2,0,0,0,1,0,,,,,,,,,,,,,,,abdoulaye bamba,0.0176,0.00527502
212,Aladji Bamba,fr FRA,MF,Monaco,fr Ligue 1,19.0,2006.0,16,9,689,7.7,0,1,1,0,0,0,2,0,0.13,1,1,100.0,0.13,0.13,0.0,0.0,0,0,4,17,8,15,2,0,0,21,0,,,,,,,,,,,,,,,aladji bamba,0.0969,1.46994385
213,Mohamed Bamba,ci CIV,FW,Lorient,fr Ligue 1,24.0,2001.0,18,7,682,7.6,1,2,3,1,0,1,3,0,0.4,13,6,46.2,1.72,0.79,0.08,0.17,0,1,3,2,2,8,3,0,0,17,0,,,,,,,,,,,,,,,mohamed bamba,2.3767,0.96739274
214,Lameck Banda,zm ZAM,"MF,FW",Lecce,it Serie A,25.0,2001.0,29,18,1551,17.2,4,3,7,4,0,0,6,1,0.41,33,10,30.3,1.91,0.58,0.12,0.4,0,0,79,17,7,46,6,1,0,42,0,,,,,,,,,,,,,,,lameck banda,1.6567,1.44985514
215,Noahkai Banks,us USA,DF,Augsburg,de Bundesliga,19.0,2006.0,22,20,1695,18.8,1,1,2,1,0,0,8,0,0.11,9,5,55.6,0.48,0.27,0.11,0.2,0,0,3,25,18,18,8,0,0,29,0,,,,,,,,,,,,,,,noahkai banks,1.132,1.00213356
216,Ezechiel Banzuzi,nl NED,MF,RB Leipzig,de Bundesliga,21.0,2005.0,24,2,597,6.6,0,1,1,0,0,0,3,0,0.15,15,4,26.7,2.26,0.6,0.0,0.0,0,0,5,10,6,7,3,0,0,14,0,,,,,,,,,,,,,,,ezechiel banzuzi,1.4007,0.36962623
217,Tommaso Barbieri,it ITA,MF,Cremonese,it Serie A,23.0,2002.0,26,16,1550,17.2,0,1,1,0,0,0,7,0,0.06,14,2,14.3,0.81,0.12,0.0,0.0,0,0,71,24,14,24,7,0,0,38,0,,,,,,,,,,,,,,,tommaso barbieri,0.6259,0.82189116
218,Valentín Barco,ar ARG,MF,Strasbourg,fr Ligue 1,21.0,2004.0,25,22,2021,22.5,1,4,5,1,0,0,5,1,0.22,24,8,33.3,1.07,0.36,0.04,0.13,0,0,101,33,13,58,5,1,0,23,0,,,,,,,,,,,,,,,valentin barco,2.1531,6.3016628
219,Bradley Barcola,fr FRA,FW,Paris Saint-Germain,fr Ligue 1,23.0,2002.0,26,18,1573,17.5,10,1,11,10,0,0,2,0,0.63,63,28,44.4,3.6,1.6,0.16,0.36,0,0,24,16,12,8,2,0,0,19,0,,,,,,,,,,,,,,,bradley barcola,9.3923,3.9799188
220,Melvin Bard,fr FRA,"DF,MF",Nice,fr Ligue 1,25.0,2000.0,28,25,2336,26.0,2,1,3,2,0,0,4,0,0.12,15,5,33.3,0.58,0.19,0.13,0.4,0,0,76,29,40,25,4,0,0,26,0,,,,,,,,,,,,,,,melvin bard,1.0737,1.18099025
221,Roony Bardghji,se SWE,"MF,FW",Barcelona,es La Liga,20.0,2005.0,19,6,559,6.2,1,1,2,1,0,0,0,0,0.32,20,12,60.0,3.22,1.93,0.05,0.08,0,0,48,4,2,6,0,0,0,6,0,,,,,,,,,,,,,,,roony bardghji,1.2111,1.16943448
222,Nicolò Barella,it ITA,MF,Inter,it Serie A,29.0,1997.0,32,29,2419,26.9,3,8,11,3,0,0,7,0,0.41,32,5,15.6,1.19,0.19,0.09,0.6,0,0,101,30,8,21,7,0,0,32,0,,,,,,,,,,,,,,,nicolo barella,2.9306,5.7495253
223,Kike Barja,es ESP,MF,Osasuna,es La Liga,29.0,1997.0,24,2,356,4.0,1,2,3,1,0,0,2,0,0.76,5,2,40.0,1.26,0.51,0.2,0.5,0,0,48,2,3,5,2,0,0,11,0,,,,,,,,,,,,,,,kike barja,0.505,0.71223883
224,Ross Barkley,eng ENG,MF,Aston Villa,eng Premier League,32.0,1993.0,18,5,648,7.2,2,0,2,2,0,0,1,0,0.28,13,6,46.2,1.81,0.83,0.15,0.33,0,0,0,9,2,6,1,0,0,6,0,,,,,,,,,,,,,,,ross barkley,0.74,1.19871303
225,Ashley Barnes,eng ENG,"FW,MF",Burnley,eng Premier League,36.0,1989.0,6,0,40,0.4,0,0,0,0,0,0,1,0,0.0,1,0,0.0,2.25,0.0,0.0,,0,0,0,0,0,0,1,0,0,2,0,,,,,,,,,,,,,,,ashley barnes,0.1055,0.00223747
226,Harvey Barnes,eng ENG,"FW,MF",Newcastle United,eng Premier League,28.0,1997.0,34,18,1817,20.2,6,0,6,6,0,0,1,0,0.3,53,19,35.8,2.63,0.94,0.11,0.32,0,0,71,5,3,23,1,0,0,17,0,,,,,,,,,,,,,,,harvey barnes,6.3301,2.27894298
227,Ander Barrenetxea,es ESP,"MF,FW",Real Sociedad,es La Liga,24.0,2001.0,28,20,1640,18.2,3,5,8,3,0,0,3,0,0.44,33,10,30.3,1.81,0.55,0.09,0.3,0,0,67,15,16,29,3,0,0,35,0,,,,,,,,,,,,,,,ander barrenetxea,2.3139,4.03400866
228,Pablo Barrios,es ESP,MF,Atlético Madrid,es La Liga,22.0,2003.0,23,20,1661,18.5,1,1,2,1,0,0,0,0,0.11,23,6,26.1,1.25,0.33,0.04,0.17,0,0,30,16,26,23,0,0,0,12,0,,,,,,,,,,,,,,,pablo barrios,1.7035,2.0450784
229,Thierno Barry,fr FRA,FW,Everton,eng Premier League,23.0,2002.0,35,20,1792,19.9,8,0,8,8,0,0,3,0,0.4,37,14,37.8,1.86,0.7,0.22,0.57,0,0,4,4,5,8,3,0,0,40,0,,,,,,,,,,,,,,,thierno barry,6.1423,0.41707531
230,Davide Bartesaghi,it ITA,"MF,DF",Milan,it Serie A,20.0,2005.0,28,24,2182,24.2,2,0,2,2,0,0,3,0,0.08,20,6,30.0,0.82,0.25,0.1,0.33,0,0,131,32,13,14,3,0,0,16,1,,,,,,,,,,,,,,,davide bartesaghi,1.0313,3.88346156
231,Marc Bartra,es ESP,DF,Real Betis,es La Liga,35.0,1991.0,25,21,1978,22.0,1,0,1,1,0,0,3,0,0.05,16,5,31.3,0.73,0.23,0.06,0.2,0,0,2,18,29,11,3,0,0,15,1,,,,,,,,,,,,,,,marc bartra,0.5608,0.4277554
232,Federico Baschirotto,it ITA,DF,Cremonese,it Serie A,29.0,1996.0,29,29,2540,28.2,2,0,2,2,0,0,2,0,0.07,12,5,41.7,0.43,0.18,0.17,0.4,0,0,8,13,24,9,2,0,0,45,0,,,,,,,,,,,,,,,federico baschirotto,1.0607,0.15181764
233,Toma Bašić,hr CRO,MF,Lazio,it Serie A,29.0,1996.0,20,20,1465,16.3,2,3,5,2,0,0,0,1,0.31,28,11,39.3,1.72,0.68,0.07,0.18,0,0,38,14,8,17,0,1,0,19,0,,,,,,,,,,,,,,,toma basic,1.38,1.55305911
234,Calvin Bassey,ng NGA,DF,Fulham,eng Premier League,26.0,1999.0,27,25,2264,25.2,1,0,1,1,0,0,5,0,0.04,12,1,8.3,0.48,0.04,0.08,1.0,0,0,11,26,19,33,5,0,0,27,0,,,,,,,,,,,,,,,calvin bassey,1.7156,0.29928702
235,Alessandro Bastoni,it ITA,DF,Inter,it Serie A,27.0,1999.0,27,27,2177,24.2,1,4,5,1,0,0,6,0,0.21,17,8,47.1,0.7,0.33,0.06,0.13,0,0,82,39,20,19,6,0,0,45,0,,,,,,,,,,,,,,,alessandro bastoni,1.3519,2.6640937
237,Michy Batshuayi,be BEL,FW,Eintracht Frankfurt,de Bundesliga,32.0,1993.0,6,1,139,1.5,1,0,1,0,1,1,0,0,0.0,5,1,20.0,3.24,0.65,0.0,0.0,1,1,0,1,0,1,0,0,0,2,0,,,,,,,,,,,,,,,michy batshuayi,1.1322,0.20258969
238,Martin Baturina,hr CRO,"MF,FW",Como,it Serie A,23.0,2003.0,26,15,1361,15.1,6,3,9,6,0,0,0,0,0.6,22,8,36.4,1.45,0.53,0.27,0.75,0,0,66,12,5,40,0,0,0,13,0,,,,,,,,,,,,,,,martin baturina,1.3004,3.88999293
242,Christoph Baumgartner,at AUT,MF,RB Leipzig,de Bundesliga,26.0,1999.0,31,30,2600,28.9,13,7,20,13,0,1,8,0,0.69,75,33,44.0,2.6,1.14,0.17,0.39,0,1,6,37,21,31,8,0,0,60,0,,,,,,,,,,,,,,,christoph baumgartner,12.0931,3.63382898
244,Vakoun Bayo,ci CIV,FW,Udinese,it Serie A,29.0,1997.0,14,4,433,4.8,0,2,2,0,0,0,0,0,0.42,13,2,15.4,2.7,0.42,0.0,0.0,0,0,1,1,0,5,0,0,0,14,0,,,,,,,,,,,,,,,vakoun bayo,1.2807,0.10167598
245,Ihlas Bebou,tg TOG,"FW,MF",Hoffenheim,de Bundesliga,32.0,1994.0,16,0,190,2.1,0,0,0,0,0,0,1,0,0.0,5,2,40.0,2.37,0.95,0.0,0.0,0,0,1,1,3,2,1,0,0,6,0,,,,,,,,,,,,,,,ihlas bebou,0.5374,0.68949469
247,Adrian Beck,de GER,MF,Heidenheim,de Bundesliga,28.0,1997.0,23,9,850,9.4,1,1,2,1,0,0,1,0,0.21,11,4,36.4,1.16,0.42,0.09,0.25,0,0,13,16,3,14,1,0,0,13,0,,,,,,,,,,,,,,,adrian beck,0.8273,1.11967625
248,Sheraldo Becker,sr SUR,"FW,MF",Osasuna,es La Liga,31.0,1995.0,9,0,158,1.8,0,0,0,0,0,0,0,0,0.0,3,0,0.0,1.71,0.0,0.0,,0,0,11,1,3,1,0,0,0,4,0,,,,,,,,,,,,,,,sheraldo becker,2.447,2.16091082
249,Sheraldo Becker,sr SUR,FW,Mainz 05,de Bundesliga,31.0,1995.0,12,9,790,8.8,2,3,5,2,0,0,1,0,0.57,24,12,50.0,2.73,1.37,0.08,0.17,0,0,29,0,3,8,1,0,0,12,0,,,,,,,,,,,,,,,sheraldo becker,2.447,2.16091082
250,Donny van de Beek,nl NED,MF,Girona,es La Liga,29.0,1997.0,2,1,41,0.5,0,0,0,0,0,0,0,0,0.0,2,1,50.0,4.39,2.2,0.0,0.0,0,0,0,0,0,0,0,0,0,0,0,,,,,,,,,,,,,,,donny van de beek,0.0884,0.07686925
253,Maximilian Beier,de GER,"MF,FW",Dortmund,de Bundesliga,23.0,2002.0,31,23,1958,21.8,9,6,15,9,0,0,3,0,0.69,49,20,40.8,2.25,0.92,0.18,0.45,0,0,28,16,11,23,3,0,0,31,0,,,,,,,,,,,,,,,maximilian beier,6.9132,3.90405476
255,Ismael Bekhoucha,ma MAR,DF,Getafe,es La Liga,21.0,2004.0,4,1,122,1.4,0,1,1,0,0,0,2,0,0.74,1,0,0.0,0.74,0.0,0.0,,0,0,4,5,2,3,2,0,0,7,0,,,,,,,,,,,,,,,ismael bekhoucha,0.0163,0.00642706
256,Reda Belahyane,ma MAR,MF,Lazio,it Serie A,21.0,2004.0,12,4,519,5.8,0,1,1,0,0,0,1,1,0.17,1,1,100.0,0.17,0.17,0.0,0.0,0,0,1,5,2,3,1,1,0,11,0,,,,,,,,,,,,,,,reda belahyane,0.1294,0.88849093
257,Rayane Belaid,es ESP,"MF,FW",Atlético Madrid,es La Liga,21.0,2005.0,2,2,132,1.5,0,0,0,0,0,0,0,0,0.0,4,0,0.0,2.73,0.0,0.0,,0,0,1,0,0,1,0,0,0,1,0,,,,,,,,,,,,,,,rayane belaid,0.2251,0.0066616
258,Rafik Belghali,dz ALG,MF,Hellas Verona,it Serie A,23.0,2002.0,23,19,1695,18.8,2,0,2,2,0,0,6,0,0.11,20,6,30.0,1.06,0.32,0.1,0.33,0,0,57,11,16,10,6,0,0,20,0,,,,,,,,,,,,,,,rafik belghali,2.1107,2.34867723
259,Haris Belkebla,dz ALG,MF,Angers,fr Ligue 1,32.0,1994.0,31,31,2695,29.9,0,0,0,0,0,0,7,0,0.0,5,0,0.0,0.17,0.0,0.0,,0,0,5,40,27,52,7,0,0,23,0,,,,,,,,,,,,,,,haris belkebla,0.283,0.4220962
260,Yassin Belkhdim,fr FRA,MF,Angers,fr Ligue 1,24.0,2002.0,27,26,2135,23.7,2,2,4,2,0,0,5,0,0.17,33,14,42.4,1.39,0.59,0.06,0.14,0,0,42,43,32,29,5,0,0,29,0,,,,,,,,,,,,,,,yassin belkhdim,2.345,1.25016913
261,Stefan Bell,de GER,DF,Mainz 05,de Bundesliga,34.0,1991.0,18,13,1039,11.5,2,1,3,2,0,0,4,0,0.26,12,5,41.7,1.04,0.43,0.17,0.4,0,0,1,6,19,8,4,0,0,15,0,,,,,,,,,,,,,,,stefan bell,1.7317,0.62857991
263,Raoul Bellanova,it ITA,MF,Atalanta,it Serie A,25.0,2000.0,22,14,1296,14.4,0,1,1,0,0,0,1,0,0.07,13,5,38.5,0.9,0.35,0.0,0.0,0,0,81,9,9,11,1,0,0,3,0,,,,,,,,,,,,,,,raoul bellanova,0.4756,1.78708747
264,Jean-Ricner Bellegarde,ht HAI,"MF,FW",Wolves,eng Premier League,27.0,1998.0,24,15,1212,13.5,1,1,2,1,0,0,5,0,0.15,21,7,33.3,1.56,0.52,0.05,0.14,0,0,24,15,9,39,5,0,0,19,0,,,,,,,,,,,,,,,jean-ricner bellegarde,0.9889,1.05463653
265,Héctor Bellerín,es ESP,DF,Real Betis,es La Liga,31.0,1995.0,23,17,1530,17.0,2,3,5,2,0,0,2,0,0.29,6,5,83.3,0.35,0.29,0.33,0.4,0,0,27,12,12,3,2,0,0,13,0,,,,,,,,,,,,,,,hector bellerin,0.2844,2.4927945
266,Jobe Bellingham,eng ENG,MF,Dortmund,de Bundesliga,20.0,2005.0,31,19,1704,18.9,0,1,1,0,0,0,2,1,0.05,17,5,29.4,0.9,0.26,0.0,0.0,0,0,5,22,41,20,2,1,0,13,0,,,,,,,,,,,,,,,jobe bellingham,0.8214,0.99697647
267,Jude Bellingham,eng ENG,MF,Real Madrid,es La Liga,22.0,2003.0,24,19,1640,18.2,4,4,8,4,0,0,1,0,0.44,48,23,47.9,2.63,1.26,0.08,0.17,0,0,16,33,13,42,1,0,0,29,0,,,,,,,,,,,,,,,jude bellingham,5.8777,1.76793089
268,Jeanuël Belocian,fr FRA,DF,Wolfsburg,de Bundesliga,21.0,2005.0,12,12,1074,11.9,0,1,1,0,0,0,3,0,0.08,3,0,0.0,0.25,0.0,0.0,,0,0,3,12,12,7,3,0,0,17,0,,,,,,,,,,,,,,,jeanuel belocian,0.4303,0.64647487
269,Jeanuël Belocian,fr FRA,DF,Leverkusen,de Bundesliga,21.0,2005.0,8,3,292,3.2,0,0,0,0,0,0,0,0,0.0,1,0,0.0,0.31,0.0,0.0,,0,0,4,2,2,5,0,0,0,5,0,,,,,,,,,,,,,,,jeanuel belocian,0.4303,0.64647487
270,Andrea Belotti,it ITA,FW,Cagliari,it Serie A,32.0,1993.0,6,3,209,2.3,2,0,2,1,1,1,0,0,0.43,6,4,66.7,2.58,1.72,0.17,0.25,1,1,1,1,4,7,0,0,0,3,0,,,,,,,,,,,,,,,andrea belotti,1.9247,0.02549719
271,Fran Beltrán,es ESP,MF,Girona,es La Liga,27.0,1999.0,13,10,826,9.2,1,0,1,1,0,0,3,0,0.11,6,2,33.3,0.65,0.22,0.17,0.5,0,0,5,10,7,7,3,0,0,8,0,,,,,,,,,,,,,,,fran beltran,0.5279,0.86339361
272,Fran Beltrán,es ESP,MF,Celta Vigo,es La Liga,27.0,1999.0,10,7,528,5.9,0,0,0,0,0,0,0,0,0.0,6,1,16.7,1.02,0.17,0.0,0.0,0,0,2,5,8,3,0,0,0,10,0,,,,,,,,,,,,,,,fran beltran,0.5279,0.86339361
273,Lucas Beltrán,ar ARG,FW,Valencia,es La Liga,25.0,2001.0,27,16,1365,15.2,1,2,3,1,0,0,1,0,0.2,34,9,26.5,2.24,0.59,0.03,0.11,0,0,10,10,4,39,1,0,0,26,0,,,,,,,,,,,,,,,lucas beltran,3.935,1.45201707
274,Eliesse Ben Seghir,ma MAR,MF,Leverkusen,de Bundesliga,21.0,2005.0,8,2,218,2.4,0,0,0,0,0,0,2,0,0.0,4,1,25.0,1.65,0.41,0.0,0.0,0,0,6,1,1,6,2,0,0,3,0,,,,,,,,,,,,,,,eliesse ben seghir,0.1227,0.87704127
275,Eliesse Ben Seghir,ma MAR,MF,Monaco,fr Ligue 1,21.0,2005.0,2,0,45,0.5,0,0,0,0,0,0,0,0,0.0,1,0,0.0,2.0,0.0,0.0,,0,0,1,0,0,1,0,0,0,1,0,,,,,,,,,,,,,,,eliesse ben seghir,0.1227,0.87704127
276,Carlos Benavídez,uy URU,DF,Alavés,es La Liga,28.0,1998.0,9,3,242,2.7,0,0,0,0,0,0,2,1,0.0,3,2,66.7,1.12,0.74,0.0,0.0,0,0,0,5,3,2,2,1,1,7,0,,,,,,,,,,,,,,,carlos benavidez,0.2303,0.20638603
277,Adrian Benedyczak,pl POL,FW,Parma,it Serie A,25.0,2000.0,14,5,490,5.4,1,1,2,0,1,1,1,0,0.18,8,3,37.5,1.47,0.55,0.0,0.0,1,1,10,6,1,6,1,0,0,9,0,,,,,,,,,,,,,,,adrian benedyczak,4.2276,0.64564854
280,Iker Benito,es ESP,MF,Osasuna,es La Liga,23.0,2002.0,6,1,159,1.8,1,0,1,1,0,0,1,0,0.57,2,1,50.0,1.13,0.57,0.5,1.0,0,0,5,0,2,3,1,0,0,3,0,,,,,,,,,,,,,,,iker benito,0.6042,0.49987875
282,Ramy Bensebaini,dz ALG,DF,Dortmund,de Bundesliga,31.0,1995.0,21,15,1530,17.0,5,2,7,3,2,2,6,0,0.29,17,7,41.2,1.0,0.41,0.18,0.43,2,2,11,14,18,16,6,0,0,31,0,,,,,,,,,,,,,,,ramy bensebaini,2.7473,1.7032251
283,Nabil Bentaleb,dz ALG,MF,Lille,fr Ligue 1,31.0,1994.0,24,12,1197,13.3,2,2,4,1,1,1,3,0,0.23,17,5,29.4,1.28,0.38,0.06,0.2,1,1,21,8,14,18,3,0,0,13,0,,,,,,,,,,,,,,,nabil bentaleb,1.2844,2.10886213
284,Rodrigo Bentancur,uy URU,MF,Tottenham Hotspur,eng Premier League,28.0,1997.0,23,20,1632,18.1,1,1,2,1,0,0,7,0,0.11,11,3,27.3,0.61,0.17,0.09,0.33,0,0,7,29,30,4,7,0,0,17,0,,,,,,,,,,,,,,,rodrigo bentancur,0.4803,0.67906536
286,Lucas Beraldo,br BRA,"DF,MF",Paris Saint-Germain,fr Ligue 1,22.0,2003.0,17,15,1297,14.4,2,1,3,2,0,0,2,0,0.21,11,4,36.4,0.76,0.28,0.18,0.5,0,0,1,14,17,6,2,0,0,14,0,,,,,,,,,,,,,,,lucas beraldo,0.9784,0.65984534
287,Domenico Berardi,it ITA,FW,Sassuolo,it Serie A,31.0,1994.0,24,22,1797,20.0,8,4,12,6,2,3,2,1,0.5,37,19,51.4,1.85,0.95,0.16,0.32,2,3,53,17,23,33,2,1,0,29,0,,,,,,,,,,,,,,,domenico berardi,5.6319,2.93862686
288,Yuri Berchiche,es ESP,DF,Athletic Club,es La Liga,36.0,1990.0,30,29,2525,28.1,0,5,5,0,0,0,4,0,0.18,22,5,22.7,0.78,0.18,0.0,0.0,0,0,57,28,32,32,4,0,0,25,0,,,,,,,,,,,,,,,yuri berchiche,0.4562,3.32369705
289,Álex Berenguer,es ESP,MF,Athletic Club,es La Liga,30.0,1995.0,28,23,1957,21.7,2,3,5,2,0,0,4,0,0.23,41,19,46.3,1.89,0.87,0.05,0.11,0,0,178,12,13,38,4,0,0,25,1,,,,,,,,,,,,,,,alex berenguer,3.944,5.27210452
290,Sander Berge,no NOR,MF,Fulham,eng Premier League,28.0,1998.0,33,32,2770,30.8,0,1,1,0,0,0,5,0,0.03,12,3,25.0,0.39,0.1,0.0,0.0,0,0,12,40,25,14,5,0,0,32,1,,,,,,,,,,,,,,,sander berge,1.3169,1.32094182
292,Lucas Bergvall,se SWE,MF,Tottenham Hotspur,eng Premier League,20.0,2006.0,22,11,955,10.6,1,3,4,1,0,0,2,0,0.38,11,5,45.5,1.04,0.47,0.09,0.2,0,0,18,14,3,7,2,0,0,24,0,,,,,,,,,,,,,,,lucas bergvall,1.3424,0.42801289
293,Medon Berisha,al ALB,MF,Lecce,it Serie A,22.0,2003.0,13,12,871,9.7,2,3,5,2,0,0,0,0,0.52,24,5,20.8,2.48,0.52,0.08,0.4,0,0,58,12,5,10,0,0,0,11,0,,,,,,,,,,,,,,,medon berisha,1.2236,1.99739635
294,Anthony Bermont,fr FRA,FW,Lens,fr Ligue 1,21.0,2005.0,10,0,104,1.2,0,0,0,0,0,0,0,0,0.0,4,2,50.0,3.46,1.73,0.0,0.0,0,0,11,1,3,0,0,0,0,2,0,,,,,,,,,,,,,,,anthony bermont,0.1423,0.37674753
295,Adrian Bernabe,es ESP,MF,Parma,it Serie A,24.0,2001.0,32,31,2470,27.4,3,1,4,3,0,0,0,0,0.15,50,12,24.0,1.82,0.44,0.06,0.25,0,0,81,23,17,61,0,0,0,15,0,,,,,,,,,,,,,,,adrian bernabe,2.2478,2.94555242
296,Marc Bernal,es ESP,MF,Barcelona,es La Liga,18.0,2007.0,18,6,534,5.9,2,1,3,2,0,0,3,0,0.51,6,2,33.3,1.01,0.34,0.33,1.0,0,0,1,13,6,7,3,0,0,11,0,,,,,,,,,,,,,,,marc bernal,1.0031,0.47329844
297,Gabin Bernardeau,fr FRA,MF,Nice,fr Ligue 1,20.0,2006.0,4,1,95,1.1,0,0,0,0,0,0,0,0,0.0,3,1,33.3,2.84,0.95,0.0,0.0,0,0,5,4,0,3,0,0,0,1,0,,,,,,,,,,,,,,,gabin bernardeau,0.0837,0.17181884
298,Federico Bernardeschi,it ITA,"MF,FW",Bologna,it Serie A,32.0,1994.0,26,9,990,11.0,2,2,4,1,1,1,2,0,0.27,32,9,28.1,2.91,0.82,0.03,0.11,1,1,41,6,4,10,2,0,0,11,0,,,,,,,,,,,,,,,federico bernardeschi,2.2899,1.78923689
299,Bernardo,br BRA,DF,Hoffenheim,de Bundesliga,30.0,1995.0,27,24,2167,24.1,0,0,0,0,0,0,8,0,0.0,9,0,0.0,0.37,0.0,0.0,,0,0,16,39,34,10,8,0,0,41,0,,,,,,,,,,,,,,,bernardo,0.2452,1.12439851
300,Lorenzo Bernasconi,it ITA,MF,Atalanta,it Serie A,22.0,2003.0,23,17,1572,17.5,0,3,3,0,0,0,3,0,0.17,9,1,11.1,0.52,0.06,0.0,0.0,0,0,113,16,14,5,3,0,0,8,0,,,,,,,,,,,,,,,lorenzo bernasconi,0.4032,3.45036662
301,Antoine Bernede,fr FRA,MF,Hellas Verona,it Serie A,26.0,1999.0,30,27,2194,24.4,1,2,3,1,0,0,2,0,0.12,19,4,21.1,0.78,0.16,0.05,0.25,0,0,24,37,14,18,2,0,0,54,0,,,,,,,,,,,,,,,antoine bernede,1.1116,1.44082564
302,Nicolò Bertola,it ITA,"DF,MF",Udinese,it Serie A,23.0,2003.0,25,18,1649,18.3,0,1,1,0,0,0,3,0,0.05,12,4,33.3,0.65,0.22,0.0,0.0,0,0,8,20,22,11,3,0,0,17,0,,,,,,,,,,,,,,,nicolo bertola,0.5501,0.7229514
303,Jan-Niklas Beste,de GER,MF,Freiburg,de Bundesliga,27.0,1999.0,26,18,1587,17.6,1,2,3,1,0,0,5,0,0.17,23,13,56.5,1.3,0.74,0.04,0.08,0,0,98,23,17,35,5,0,0,15,0,,,,,,,,,,,,,,,jan-niklas beste,2.9258,3.8403875
304,Beto,gw GNB,FW,Everton,eng Premier League,28.0,1998.0,34,15,1420,15.8,8,1,9,8,0,0,3,0,0.57,40,16,40.0,2.54,1.01,0.2,0.5,0,0,2,5,1,12,3,0,0,31,0,,,,,,,,,,,,,,,beto,8.2115,0.21632514
305,Sam Beukema,nl NED,DF,Napoli,it Serie A,27.0,1998.0,23,17,1591,17.7,2,0,2,2,0,0,2,0,0.11,7,3,42.9,0.4,0.17,0.29,0.67,0,0,6,17,14,5,2,0,0,18,0,,,,,,,,,,,,,,,sam beukema,1.6669,0.5090086
306,Matteo Bianchetti,it ITA,DF,Cremonese,it Serie A,33.0,1993.0,24,22,1922,21.4,0,2,2,0,0,0,3,0,0.09,6,1,16.7,0.28,0.05,0.0,0.0,0,0,6,29,15,14,3,0,0,23,0,,,,,,,,,,,,,,,matteo bianchetti,0.3579,0.36749707
307,Mika Biereth,dk DEN,FW,Monaco,fr Ligue 1,23.0,2003.0,30,12,1048,11.6,2,2,4,2,0,0,0,0,0.34,19,7,36.8,1.63,0.6,0.11,0.29,0,0,9,7,0,14,0,0,0,16,0,,,,,,,,,,,,,,,mika biereth,3.3054,1.43950733
308,Pedro Bigas,es ESP,DF,Elche,es La Liga,35.0,1990.0,25,22,1793,19.9,1,2,3,1,0,0,5,1,0.15,10,3,30.0,0.5,0.15,0.1,0.33,0,0,22,18,27,18,5,1,1,21,0,,,,,,,,,,,,,,,pedro bigas,0.6564,1.11428131
310,Jaka Bijol,si SVN,DF,Leeds United,eng Premier League,27.0,1999.0,22,18,1641,18.2,1,2,3,1,0,0,3,0,0.16,15,6,40.0,0.82,0.33,0.07,0.17,0,0,1,13,22,10,3,0,0,15,0,,,,,,,,,,,,,,,jaka bijol,0.8808,0.66258124
311,Cristiano Biraghi,it ITA,"MF,DF",Torino,it Serie A,33.0,1992.0,14,5,517,5.7,0,0,0,0,0,0,0,0,0.0,2,0,0.0,0.35,0.0,0.0,,0,0,45,7,3,6,0,0,0,9,0,,,,,,,,,,,,,,,cristiano biraghi,0.0672,0.73297347
312,Veljko Birmančević,rs SRB,FW,Getafe,es La Liga,28.0,1998.0,5,1,136,1.5,0,0,0,0,0,0,0,0,0.0,2,1,50.0,1.32,0.66,0.0,0.0,0,0,1,0,2,3,0,0,0,3,0,,,,,,,,,,,,,,,veljko birmancevic,0.1037,0.0750597
313,Tom Bischof,de GER,"DF,MF",Bayern Munich,de Bundesliga,20.0,2005.0,24,12,1122,12.5,2,3,5,2,0,0,2,0,0.4,27,7,25.9,2.17,0.56,0.07,0.29,0,0,24,13,11,7,2,0,0,14,0,,,,,,,,,,,,,,,tom bischof,1.6286,2.40132254
314,Yves Bissouma,ml MLI,MF,Tottenham Hotspur,eng Premier League,29.0,1996.0,11,7,603,6.7,0,0,0,0,0,0,4,0,0.0,5,2,40.0,0.75,0.3,0.0,0.0,0,0,1,11,8,6,4,0,0,8,0,,,,,,,,,,,,,,,yves bissouma,0.3554,0.09859714
315,Leonardo Bittencourt,de GER,MF,Werder Bremen,de Bundesliga,32.0,1993.0,16,5,614,6.8,0,1,1,0,0,0,5,0,0.15,7,0,0.0,1.03,0.0,0.0,,0,0,4,10,8,11,5,0,0,7,0,,,,,,,,,,,,,,,leonardo bittencourt,0.2792,1.29935139
316,Emmanuel Biumla,fr FRA,DF,Angers,fr Ligue 1,21.0,2005.0,7,3,369,4.1,0,0,0,0,0,0,0,0,0.0,1,0,0.0,0.24,0.0,0.0,,0,0,1,5,2,5,0,0,0,8,0,,,,,,,,,,,,,,,emmanuel biumla,0.0165,0.01092088
318,Antonio Blanco,es ESP,MF,Alavés,es La Liga,25.0,2000.0,32,32,2750,30.6,2,2,4,2,0,0,8,0,0.13,37,12,32.4,1.21,0.39,0.05,0.17,0,0,26,47,49,38,8,0,0,61,0,,,,,,,,,,,,,,,antonio blanco,0.8939,1.31965823
319,Ludovic Blas,fr FRA,"MF,FW",Rennes,fr Ligue 1,28.0,1997.0,30,13,1403,15.6,5,4,9,3,2,2,1,0,0.45,42,13,31.0,2.69,0.83,0.07,0.23,2,2,85,9,13,26,1,0,0,22,0,,,,,,,,,,,,,,,ludovic blas,4.5933,4.85985967
321,Daley Blind,nl NED,DF,Girona,es La Liga,36.0,1990.0,31,30,2606,29.0,0,0,0,0,0,0,1,0,0.0,5,1,20.0,0.17,0.03,0.0,0.0,0,0,13,34,38,20,1,0,0,19,0,,,,,,,,,,,,,,,daley blind,0.0937,1.06802098
322,Adam Boayar,ma MAR,MF,Elche,es La Liga,20.0,2005.0,7,0,104,1.2,1,0,1,1,0,0,0,0,0.87,5,2,40.0,4.33,1.73,0.2,0.5,0,0,2,2,1,1,0,0,0,0,0,,,,,,,,,,,,,,,adam boayar,0.3025,0.44767474
323,Oscar Bobb,no NOR,"MF,FW",Manchester City,eng Premier League,22.0,2003.0,9,5,468,5.2,0,1,1,0,0,0,1,0,0.19,4,0,0.0,0.77,0.0,0.0,,0,0,5,5,3,9,1,0,0,5,0,,,,,,,,,,,,,,,oscar bobb,1.1687,1.57495284
324,Oscar Bobb,no NOR,MF,Fulham,eng Premier League,22.0,2003.0,11,4,393,4.4,0,0,0,0,0,0,0,0,0.0,6,3,50.0,1.37,0.69,0.0,0.0,0,0,4,5,4,5,0,0,0,4,0,,,,,,,,,,,,,,,oscar bobb,1.1687,1.57495284
327,Sacha Boey,fr FRA,DF,Bayern Munich,de Bundesliga,25.0,2000.0,9,5,463,5.1,0,0,0,0,0,0,1,0,0.0,6,0,0.0,1.17,0.0,0.0,,0,0,6,4,7,8,1,0,0,10,0,,,,,,,,,,,,,,,sacha boey,0.2633,0.1402659
328,Jeremie Boga,ci CIV,"MF,FW",Nice,fr Ligue 1,29.0,1997.0,14,7,646,7.2,2,2,4,2,0,0,0,0,0.56,15,5,33.3,2.09,0.7,0.13,0.4,0,0,12,5,3,11,0,0,0,2,0,,,,,,,,,,,,,,,jeremie boga,2.1917,1.6797897
329,Jeremie Boga,ci CIV,"MF,FW",Juventus,it Serie A,29.0,1997.0,12,5,549,6.1,4,0,4,4,0,0,1,0,0.66,19,9,47.4,3.11,1.48,0.21,0.44,0,0,26,3,2,5,1,0,0,3,0,,,,,,,,,,,,,,,jeremie boga,2.1917,1.6797897
331,Jayden Bogle,eng ENG,"MF,DF",Leeds United,eng Premier League,25.0,2000.0,33,31,2716,30.2,1,2,3,1,0,0,6,0,0.1,17,4,23.5,0.56,0.13,0.06,0.25,0,0,64,40,29,28,6,0,0,38,0,,,,,,,,,,,,,,,jayden bogle,2.0788,2.62224154
333,Adama Boiro,es ESP,DF,Athletic Club,es La Liga,23.0,2002.0,12,6,635,7.1,0,0,0,0,0,0,1,0,0.0,1,0,0.0,0.14,0.0,0.0,,0,0,17,8,15,8,1,0,0,4,0,,,,,,,,,,,,,,,adama boiro,0.0188,0.36836126
335,Hugo Bolin,se SWE,"MF,FW",Gladbach,de Bundesliga,22.0,2003.0,11,4,451,5.0,0,1,1,0,0,0,0,0,0.2,11,2,18.2,2.2,0.4,0.0,0.0,0,0,15,1,1,10,0,0,0,2,0,,,,,,,,,,,,,,,hugo bolin,0.675,0.29932317
336,Daniel Boloca,ro ROU,MF,Sassuolo,it Serie A,27.0,1998.0,2,2,135,1.5,0,0,0,0,0,0,0,0,0.0,2,0,0.0,1.33,0.0,0.0,,0,0,1,2,2,1,0,0,0,0,0,,,,,,,,,,,,,,,daniel boloca,0.245,0.02305369
338,Javier Boñar,es ESP,DF,Atlético Madrid,es La Liga,20.0,2005.0,3,3,269,3.0,1,0,1,1,0,0,0,0,0.33,2,1,50.0,0.67,0.33,0.5,1.0,0,0,3,3,0,1,0,0,0,2,0,,,,,,,,,,,,,,,javier bonar,0.3097,0.00568647
339,Federico Bonazzoli,it ITA,FW,Cremonese,it Serie A,28.0,1997.0,32,28,2277,25.3,8,1,9,6,2,2,3,0,0.28,70,28,40.0,2.77,1.11,0.09,0.21,2,2,25,13,10,72,3,0,0,25,0,,,,,,,,,,,,,,,federico bonazzoli,7.6877,1.4468424
340,Warren Bondo,fr FRA,MF,Cremonese,it Serie A,22.0,2003.0,27,22,1762,19.6,0,0,0,0,0,0,5,0,0.0,8,2,25.0,0.41,0.1,0.0,0.0,0,0,3,16,9,33,5,0,0,39,0,,,,,,,,,,,,,,,warren bondo,0.1923,0.33241827
344,Ange-Yoan Bonny,fr FRA,FW,Inter,it Serie A,22.0,2003.0,30,9,997,11.1,5,3,8,5,0,0,1,0,0.72,21,9,42.9,1.9,0.81,0.24,0.56,0,0,4,9,1,20,1,0,0,16,0,,,,,,,,,,,,,,,ange-yoan bonny,3.2446,1.73284199
345,Thiago Borbas,uy URU,FW,Oviedo,es La Liga,24.0,2002.0,9,0,132,1.5,0,0,0,0,0,0,1,0,0.0,4,1,25.0,2.73,0.68,0.0,0.0,0,0,0,0,0,2,1,0,0,5,0,,,,,,,,,,,,,,,thiago borbas,0.3984,0.01368126
347,Gennaro Borrelli,it ITA,FW,Cagliari,it Serie A,26.0,2000.0,26,12,1202,13.4,4,1,5,4,0,0,4,0,0.37,25,8,32.0,1.87,0.6,0.16,0.5,0,0,2,6,3,47,4,0,0,43,0,,,,,,,,,,,,,,,gennaro borrelli,2.1952,0.3546717
348,Olivier Boscagli,fr FRA,DF,Brighton,eng Premier League,28.0,1997.0,12,9,802,8.9,0,1,1,0,0,0,2,0,0.11,1,0,0.0,0.11,0.0,0.0,,0,0,15,11,16,10,2,0,0,7,0,,,,,,,,,,,,,,,olivier boscagli,0.0382,0.36450854
349,Sebastián Boselli,uy URU,DF,Getafe,es La Liga,22.0,2003.0,10,4,360,4.0,0,0,0,0,0,0,3,0,0.0,3,1,33.3,0.75,0.25,0.0,0.0,0,0,8,12,0,0,3,0,0,5,0,,,,,,,,,,,,,,,sebastian boselli,0.2696,0.1087166
350,Sven Botman,nl NED,DF,Newcastle United,eng Premier League,26.0,2000.0,22,18,1565,17.4,1,1,2,1,0,0,2,0,0.12,14,4,28.6,0.81,0.23,0.07,0.25,0,0,2,12,19,14,2,0,0,11,1,,,,,,,,,,,,,,,sven botman,1.4933,0.45886344
351,Ayyoub Bouaddi,fr FRA,MF,Lille,fr Ligue 1,18.0,2007.0,28,26,2186,24.3,0,1,1,0,0,0,6,1,0.04,15,4,26.7,0.62,0.16,0.0,0.0,0,0,16,37,25,23,6,1,0,36,0,,,,,,,,,,,,,,,ayyoub bouaddi,1.5924,1.34269875
352,Badredine Bouanani,dz ALG,MF,Nice,fr Ligue 1,21.0,2004.0,2,1,93,1.0,0,0,0,0,0,0,0,0,0.0,1,0,0.0,0.97,0.0,0.0,,0,0,5,0,1,2,0,0,0,0,0,,,,,,,,,,,,,,,badredine bouanani,0.9294,0.93224335
353,Badredine Bouanani,dz ALG,MF,Stuttgart,de Bundesliga,21.0,2004.0,14,5,463,5.1,0,0,0,0,0,0,1,0,0.0,16,4,25.0,3.11,0.78,0.0,0.0,0,0,26,3,4,6,1,0,0,1,0,,,,,,,,,,,,,,,badredine bouanani,0.9294,0.93224335
354,Kaïl Boudache,fr FRA,"MF,FW",Nice,fr Ligue 1,19.0,2006.0,12,2,486,5.4,1,0,1,1,0,0,1,0,0.19,11,2,18.2,2.04,0.37,0.09,0.5,0,0,7,9,6,4,1,0,0,5,0,,,,,,,,,,,,,,,kail boudache,2.1399,0.34301838
355,Hicham Boudaoui,dz ALG,MF,Nice,fr Ligue 1,26.0,1999.0,23,17,1559,17.3,1,2,3,1,0,0,5,0,0.17,19,8,42.1,1.1,0.46,0.05,0.13,0,0,18,14,18,35,5,0,0,17,0,,,,,,,,,,,,,,,hicham boudaoui,1.5536,1.91830526
356,Sofiane Boufal,ma MAR,"FW,MF",Le Havre,fr Ligue 1,32.0,1993.0,15,11,864,9.6,1,3,4,1,0,0,1,0,0.42,14,3,21.4,1.46,0.31,0.07,0.33,0,0,54,10,3,28,1,0,0,20,0,,,,,,,,,,,,,,,sofiane boufal,0.4982,1.42831616
358,Jarrod Bowen,eng ENG,"MF,FW",West Ham United,eng Premier League,29.0,1996.0,35,35,3133,34.8,8,10,18,7,1,1,4,0,0.49,74,25,33.8,2.13,0.72,0.09,0.28,1,1,134,26,27,46,4,0,0,19,0,,,,,,,,,,,,,,,jarrod bowen,6.5482,4.16224177
359,Kieron Bowie,sct SCO,FW,Hellas Verona,it Serie A,23.0,2002.0,11,11,930,10.3,3,0,3,3,0,0,1,0,0.29,23,8,34.8,2.23,0.77,0.13,0.38,0,0,6,2,0,17,1,0,0,27,0,,,,,,,,,,,,,,,kieron bowie,2.62,0.16241466
360,Lucas Boyé,ar ARG,FW,Alavés,es La Liga,30.0,1996.0,27,21,1866,20.7,11,1,12,8,3,3,4,1,0.43,59,20,33.9,2.85,0.96,0.14,0.4,3,3,10,24,7,36,4,1,1,55,0,,,,,,,,,,,,,,,lucas boye,8.9816,1.61263786
362,Rosen Bozhinov,bg BUL,DF,Pisa,it Serie A,21.0,2005.0,7,6,498,5.5,0,0,0,0,0,0,1,0,0.0,2,1,50.0,0.36,0.18,0.0,0.0,0,0,3,4,11,1,1,0,0,10,0,,,,,,,,,,,,,,,rosen bozhinov,0.0101,0.07025193
363,Domagoj Bradarić,hr CRO,MF,Hellas Verona,it Serie A,26.0,1999.0,27,23,1938,21.5,0,1,1,0,0,0,2,0,0.05,12,6,50.0,0.56,0.28,0.0,0.0,0,0,100,20,9,10,2,0,0,8,0,,,,,,,,,,,,,,,domagoj bradaric,0.6089,2.37002116
364,Conor Bradley,nir NIR,DF,Liverpool,eng Premier League,22.0,2003.0,15,12,929,10.3,0,1,1,0,0,0,5,0,0.1,6,0,0.0,0.58,0.0,0.0,,0,0,23,15,12,20,5,0,0,18,0,,,,,,,,,,,,,,,conor bradley,0.241,0.93808918
366,Julian Brandt,de GER,"MF,FW",Dortmund,de Bundesliga,30.0,1996.0,28,17,1584,17.6,7,4,11,7,0,0,0,0,0.62,38,18,47.4,2.16,1.02,0.18,0.39,0,0,24,7,5,5,0,0,0,8,0,,,,,,,,,,,,,,,julian brandt,5.3585,4.15926278
367,Jarrad Branthwaite,eng ENG,DF,Everton,eng Premier League,23.0,2002.0,10,7,680,7.6,1,0,1,1,0,0,1,0,0.13,6,2,33.3,0.79,0.26,0.17,0.5,0,0,3,6,11,1,1,0,0,3,0,,,,,,,,,,,,,,,jarrad branthwaite,0.3516,0.11597741
369,Lilian Brassier,fr FRA,DF,Rennes,fr Ligue 1,26.0,1999.0,27,25,2250,25.0,0,1,1,0,0,0,2,0,0.04,11,2,18.2,0.44,0.08,0.0,0.0,0,0,23,13,38,21,2,0,0,27,0,,,,,,,,,,,,,,,lilian brassier,0.7551,1.12717627
373,Marco Brescianini,it ITA,MF,Fiorentina,it Serie A,26.0,2000.0,14,8,714,7.9,1,0,1,1,0,0,1,0,0.13,10,2,20.0,1.26,0.25,0.1,0.5,0,0,11,2,1,8,1,0,0,11,0,,,,,,,,,,,,,,,marco brescianini,1.8143,0.47585969
374,Marco Brescianini,it ITA,MF,Atalanta,it Serie A,26.0,2000.0,9,0,182,2.0,1,0,1,1,0,0,1,0,0.49,3,2,66.7,1.48,0.99,0.33,0.5,0,0,6,8,2,2,1,0,0,4,0,,,,,,,,,,,,,,,marco brescianini,1.8143,0.47585969
375,Abel Bretones,es ESP,"MF,DF",Osasuna,es La Liga,25.0,2000.0,26,16,1527,17.0,1,2,3,1,0,0,5,1,0.18,11,3,27.3,0.65,0.18,0.09,0.33,0,0,26,12,15,18,5,1,0,16,0,,,,,,,,,,,,,,,abel bretones,0.6348,1.17401333
376,Sascha Britschgi,ch SUI,"MF,DF",Parma,it Serie A,19.0,2006.0,27,21,2008,22.3,0,2,2,0,0,0,4,0,0.09,13,3,23.1,0.58,0.13,0.0,0.0,0,0,47,18,8,22,4,0,0,15,0,,,,,,,,,,,,,,,sascha britschgi,0.4205,1.2839019
377,Brian Brobbey,nl NED,FW,Sunderland,eng Premier League,24.0,2002.0,28,19,1701,18.9,6,1,7,6,0,0,6,0,0.37,28,14,50.0,1.48,0.74,0.21,0.43,0,0,2,2,0,33,6,0,0,27,0,,,,,,,,,,,,,,,brian brobbey,4.5735,0.4787102
379,Armando Broja,al ALB,FW,Burnley,eng Premier League,24.0,2001.0,24,8,860,9.6,1,1,2,1,0,0,0,0,0.21,16,6,37.5,1.67,0.63,0.06,0.17,0,0,3,3,3,16,0,0,0,14,0,,,,,,,,,,,,,,,armando broja,2.1458,0.14551123
380,David Brooks,wls WAL,MF,Bournemouth,eng Premier League,28.0,1997.0,29,13,1185,13.2,1,3,4,1,0,0,7,0,0.3,46,12,26.1,3.49,0.91,0.02,0.08,0,0,59,11,4,13,7,0,0,11,0,,,,,,,,,,,,,,,david brooks,4.9385,3.07470363
381,Nathaniel Brown,de GER,"MF,DF",Eintracht Frankfurt,de Bundesliga,22.0,2003.0,32,28,2566,28.5,4,4,8,4,0,0,3,0,0.28,17,9,52.9,0.6,0.32,0.24,0.44,0,0,44,55,25,32,3,0,0,27,0,,,,,,,,,,,,,,,nathaniel brown,2.5012,2.66406229
383,Paris Brunner,de GER,FW,Monaco,fr Ligue 1,20.0,2006.0,6,1,117,1.3,0,0,0,0,0,0,1,0,0.0,2,0,0.0,1.54,0.0,0.0,,0,0,1,2,1,1,1,0,0,8,0,,,,,,,,,,,,,,,paris brunner,0.1314,0.02508896
384,Jacob Bruun Larsen,dk DEN,"MF,FW",Burnley,eng Premier League,27.0,1998.0,25,10,1011,11.2,0,1,1,0,0,0,0,0,0.09,16,4,25.0,1.42,0.36,0.0,0.0,0,0,40,3,6,0,0,0,0,1,0,,,,,,,,,,,,,,,jacob bruun larsen,1.3572,1.08776372
385,Tajon Buchanan,ca CAN,MF,Villarreal,es La Liga,27.0,1999.0,31,19,1673,18.6,7,1,8,7,0,0,8,0,0.43,26,11,42.3,1.4,0.59,0.27,0.64,0,0,29,18,22,34,8,0,0,17,0,,,,,,,,,,,,,,,tajon buchanan,1.9571,1.90936081
386,Ante Budimir,hr CRO,FW,Osasuna,es La Liga,34.0,1991.0,34,32,2668,29.6,17,0,17,11,6,8,2,0,0.37,88,37,42.0,2.97,1.25,0.13,0.3,6,8,4,16,6,35,2,0,0,44,0,,,,,,,,,,,,,,,ante budimir,13.1,1.41394959
388,Hugo Bueno,es ESP,"MF,DF",Wolves,eng Premier League,23.0,2002.0,32,25,2298,25.5,1,2,3,1,0,0,3,0,0.12,15,6,40.0,0.59,0.23,0.07,0.17,0,0,164,35,33,24,3,0,0,17,0,,,,,,,,,,,,,,,hugo bueno,0.5486,3.01555352
389,Manu Bueno,es ESP,MF,Sevilla,es La Liga,21.0,2004.0,8,2,272,3.0,0,0,0,0,0,0,2,0,0.0,2,0,0.0,0.66,0.0,0.0,,0,0,2,1,0,3,2,0,0,4,0,,,,,,,,,,,,,,,manu bueno,0.0497,0.21921606
390,Santiago Bueno,uy URU,DF,Wolves,eng Premier League,27.0,1998.0,26,25,2283,25.4,3,1,4,3,0,0,4,0,0.16,9,6,66.7,0.35,0.24,0.33,0.5,0,0,5,30,22,11,4,0,0,24,0,,,,,,,,,,,,,,,santiago bueno,1.6807,1.05539567
392,Adam Buksa,pl POL,FW,Udinese,it Serie A,29.0,1996.0,22,4,736,8.2,2,0,2,2,0,0,2,0,0.24,11,5,45.5,1.35,0.61,0.18,0.4,0,0,1,8,3,15,2,0,0,18,0,,,,,,,,,,,,,,,adam buksa,1.029,0.41143073
393,Andrija Bulatović,me MNE,MF,Lens,fr Ligue 1,19.0,2006.0,17,5,666,7.4,0,3,3,0,0,0,2,0,0.41,10,5,50.0,1.35,0.68,0.0,0.0,0,0,50,17,7,20,2,0,0,16,0,,,,,,,,,,,,,,,andrija bulatovic,0.399,1.09185476
394,Marius Bülter,de GER,"FW,MF",Köln,de Bundesliga,33.0,1993.0,30,16,1427,15.9,4,4,8,4,0,0,3,0,0.5,36,14,38.9,2.27,0.88,0.11,0.29,0,0,60,3,6,24,3,0,0,15,0,,,,,,,,,,,,,,,marius bulter,3.782,4.37211985
395,Facundo Buonanotte,ar ARG,MF,Leeds United,eng Premier League,21.0,2004.0,2,0,26,0.3,0,0,0,0,0,0,1,0,0.0,1,0,0.0,3.46,0.0,0.0,,0,0,0,0,1,0,1,0,0,1,0,,,,,,,,,,,,,,,facundo buonanotte,0.0401,0.10055615
396,Facundo Buonanotte,ar ARG,MF,Chelsea,eng Premier League,21.0,2004.0,1,1,45,0.5,0,0,0,0,0,0,0,0,0.0,0,0,,0.0,0.0,,,0,0,0,0,0,0,0,0,0,0,0,,,,,,,,,,,,,,,facundo buonanotte,0.0401,0.10055615
397,Alessandro Buongiorno,it ITA,DF,Napoli,it Serie A,26.0,1999.0,31,26,2373,26.4,0,1,1,0,0,0,3,0,0.04,8,3,37.5,0.3,0.11,0.0,0.0,0,0,6,22,40,26,3,0,0,47,0,,,,,,,,,,,,,,,alessandro buongiorno,1.4318,0.75511083
398,Livan Burcu,tr TUR,"MF,FW",Union Berlin,de Bundesliga,21.0,2004.0,16,4,523,5.8,1,0,1,1,0,0,4,0,0.17,13,2,15.4,2.24,0.34,0.08,0.5,0,0,15,7,2,9,4,0,0,5,0,,,,,,,,,,,,,,,livan burcu,1.1566,0.84832117
399,Jan Bürger,de GER,"MF,DF",Wolfsburg,de Bundesliga,19.0,2007.0,7,2,247,2.7,0,0,0,0,0,0,0,0,0.0,2,1,50.0,0.73,0.36,0.0,0.0,0,0,6,3,0,5,0,0,0,4,0,,,,,,,,,,,,,,,jan burger,0.0742,0.13989525
400,Wouter Burger,nl NED,MF,Hoffenheim,de Bundesliga,25.0,2001.0,28,28,2250,25.0,4,5,9,4,0,0,7,1,0.36,32,13,40.6,1.28,0.52,0.13,0.31,0,0,77,40,17,9,7,1,0,55,0,,,,,,,,,,,,,,,wouter burger,2.9378,4.4230723
401,Jonathan Burkardt,de GER,FW,Eintracht Frankfurt,de Bundesliga,25.0,2000.0,21,15,1305,14.5,11,1,12,9,2,2,1,0,0.69,38,19,50.0,2.62,1.31,0.24,0.47,2,2,4,4,1,14,1,0,0,12,0,,,,,,,,,,,,,,,jonathan burkardt,9.5547,0.75300433
402,Oliver Burke,sct SCO,"FW,MF",Union Berlin,de Bundesliga,29.0,1997.0,27,19,1492,16.6,5,1,6,5,0,0,3,0,0.36,32,13,40.6,1.93,0.78,0.16,0.38,0,0,31,5,4,8,3,0,0,10,0,,,,,,,,,,,,,,,oliver burke,3.9734,1.67128805
404,Dan Burn,eng ENG,DF,Newcastle United,eng Premier League,34.0,1992.0,26,23,2010,22.3,1,2,3,1,0,0,11,1,0.13,10,3,30.0,0.45,0.13,0.1,0.33,0,0,11,24,18,12,11,1,1,36,0,,,,,,,,,,,,,,,dan burn,0.7808,0.35804263
406,Marnon Busch,de GER,"DF,MF",Heidenheim,de Bundesliga,31.0,1994.0,28,19,1870,20.8,1,5,6,1,0,0,4,0,0.29,12,3,25.0,0.58,0.14,0.08,0.33,0,0,59,23,33,7,4,0,0,18,0,,,,,,,,,,,,,,,marnon busch,0.8346,2.92100946
411,William Bøving,dk DEN,MF,Mainz 05,de Bundesliga,23.0,2003.0,9,2,223,2.5,0,1,1,0,0,0,1,0,0.4,1,0,0.0,0.4,0.0,0.0,,0,0,8,2,0,2,1,0,0,2,0,,,,,,,,,,,,,,,william bving,0.0223,0.53731023
412,Rémy Cabella,fr FRA,"MF,FW",Nantes,fr Ligue 1,36.0,1990.0,11,6,572,6.4,2,0,2,1,1,1,1,0,0.16,9,5,55.6,1.42,0.79,0.11,0.2,1,1,37,7,6,11,1,0,0,7,0,,,,,,,,,,,,,,,remy cabella,2.0903,1.0648064
414,Pape Cabral,fr FRA,MF,Monaco,fr Ligue 1,19.0,2007.0,4,0,77,0.9,0,0,0,0,0,0,0,0,0.0,3,2,66.7,3.51,2.34,0.0,0.0,0,0,0,1,1,1,0,0,0,1,0,,,,,,,,,,,,,,,pape cabral,0.5332,0.05856165
415,Leandro Cabrera,uy URU,DF,Espanyol,es La Liga,34.0,1991.0,33,33,2970,33.0,3,0,3,3,0,0,3,0,0.09,36,10,27.8,1.09,0.3,0.08,0.3,0,0,19,22,21,8,3,0,0,34,0,,,,,,,,,,,,,,,leandro cabrera,2.4259,1.49125291
416,Anthony Caci,fr FRA,MF,Mainz 05,de Bundesliga,28.0,1997.0,8,5,427,4.7,0,0,0,0,0,0,2,0,0.0,5,0,0.0,1.05,0.0,0.0,,0,0,36,9,3,3,2,0,0,6,0,,,,,,,,,,,,,,,anthony caci,0.3025,1.11959787
417,Noah Cadiou,gp GLP,MF,Lorient,fr Ligue 1,27.0,1998.0,26,18,1699,18.9,2,1,3,2,0,0,1,0,0.16,16,8,50.0,0.85,0.42,0.13,0.25,0,0,3,16,24,12,1,0,0,25,0,,,,,,,,,,,,,,,noah cadiou,0.8071,1.4854952
418,Mathieu Cafaro,fr FRA,FW,Paris FC,fr Ligue 1,29.0,1997.0,10,1,152,1.7,0,0,0,0,0,0,0,0,0.0,7,1,14.3,4.14,0.59,0.0,0.0,0,0,7,0,0,4,0,0,0,2,0,,,,,,,,,,,,,,,mathieu cafaro,0.3959,0.25584369
419,Moisés Caicedo,ec ECU,MF,Chelsea,eng Premier League,24.0,2001.0,30,29,2531,28.1,3,1,4,3,0,0,10,1,0.14,26,7,26.9,0.92,0.25,0.12,0.43,0,0,8,45,56,46,10,1,0,46,0,,,,,,,,,,,,,,,moises caicedo,1.3705,2.06267659
420,Tom Cairney,sct SCO,MF,Fulham,eng Premier League,35.0,1991.0,22,5,669,7.4,1,0,1,1,0,0,3,0,0.13,13,1,7.7,1.75,0.13,0.08,1.0,0,0,6,4,2,9,3,0,0,9,0,,,,,,,,,,,,,,,tom cairney,0.9395,0.61389169
421,Arturo Calabresi,it ITA,DF,Pisa,it Serie A,30.0,1996.0,23,15,1315,14.6,0,0,0,0,0,0,6,0,0.0,4,1,25.0,0.27,0.07,0.0,0.0,0,0,17,10,18,21,6,0,0,27,0,,,,,,,,,,,,,,,arturo calabresi,0.1991,0.22983584
422,Riccardo Calafiori,it ITA,DF,Arsenal,eng Premier League,23.0,2002.0,23,19,1538,17.1,1,2,3,1,0,0,5,0,0.18,29,7,24.1,1.7,0.41,0.03,0.14,0,0,21,19,13,9,5,0,0,25,0,,,,,,,,,,,,,,,riccardo calafiori,2.8955,0.48692635
424,Fernando Calero,es ESP,DF,Espanyol,es La Liga,30.0,1995.0,25,22,1941,21.6,0,0,0,0,0,0,4,0,0.0,11,1,9.1,0.51,0.05,0.0,0.0,0,0,2,16,27,8,4,0,0,13,0,,,,,,,,,,,,,,,fernando calero,1.725,0.10410561
425,Duje Ćaleta-Car,hr CRO,DF,Real Sociedad,es La Liga,29.0,1996.0,25,22,1970,21.9,1,0,1,1,0,0,5,1,0.05,12,3,25.0,0.55,0.14,0.08,0.33,0,0,1,14,28,8,5,1,0,26,1,,,,,,,,,,,,,,,duje caleta-car,1.0928,0.55707218
426,Hakan Çalhanoğlu,tr TUR,MF,Inter,it Serie A,32.0,1994.0,22,20,1639,18.2,9,4,13,5,4,5,7,0,0.49,50,17,34.0,2.75,0.93,0.1,0.29,4,5,86,17,19,11,7,0,0,28,0,,,,,,,,,,,,,,,hakan calhanoglu,5.6541,3.4953317
427,Dominic Calvert-Lewin,eng ENG,FW,Leeds United,eng Premier League,29.0,1997.0,32,27,2473,27.5,12,1,13,9,3,4,2,0,0.36,68,31,45.6,2.47,1.13,0.13,0.29,3,4,8,4,2,36,2,0,0,43,0,,,,,,,,,,,,,,,dominic calvert-lewin,13.99,1.01422222
428,Dani Calvo,es ESP,DF,Oviedo,es La Liga,32.0,1994.0,17,14,1341,14.9,0,0,0,0,0,0,3,0,0.0,2,0,0.0,0.13,0.0,0.0,,0,0,1,11,8,4,3,0,0,10,0,,,,,,,,,,,,,,,dani calvo,0.0556,0.15934664
429,Adama Camara,fr FRA,"MF,DF",Paris FC,fr Ligue 1,29.0,1996.0,27,25,2054,22.8,1,0,1,1,0,0,8,0,0.04,16,4,25.0,0.7,0.18,0.06,0.25,0,0,12,27,34,17,8,0,0,26,0,,,,,,,,,,,,,,,adama camara,1.7831,0.95972705
430,Amady Camara,ml MLI,FW,Nantes,fr Ligue 1,20.0,2005.0,10,1,171,1.9,0,0,0,0,0,0,0,0,0.0,6,0,0.0,3.16,0.0,0.0,,0,0,17,3,1,2,0,0,0,3,0,,,,,,,,,,,,,,,amady camara,0.4256,0.13383979
432,Lamine Camara,sn SEN,MF,Monaco,fr Ligue 1,22.0,2004.0,22,20,1667,18.5,1,4,5,1,0,0,5,0,0.27,21,2,9.5,1.13,0.11,0.05,0.5,0,0,92,30,37,45,5,0,0,24,0,,,,,,,,,,,,,,,lamine camara,1.6186,3.935695
433,Mahdi Camara,fr FRA,MF,Rennes,fr Ligue 1,27.0,1998.0,30,29,2473,27.5,3,1,4,3,0,0,4,1,0.15,27,11,40.7,0.98,0.4,0.11,0.27,0,0,28,30,26,27,4,1,0,35,0,,,,,,,,,,,,,,,mahdi camara,2.8429,2.17951075
434,Ousmane Camara,ml MLI,DF,Angers,fr Ligue 1,23.0,2003.0,30,29,2538,28.2,1,0,1,1,0,0,3,0,0.04,12,4,33.3,0.43,0.14,0.08,0.25,0,0,3,29,34,7,3,0,0,20,0,,,,,,,,,,,,,,,ousmane camara,0.3631,0.23887786
435,Francesco Camarda,it ITA,FW,Lecce,it Serie A,18.0,2008.0,19,7,660,7.3,1,0,1,1,0,1,1,0,0.14,15,3,20.0,2.05,0.41,0.07,0.33,0,1,1,1,0,4,1,0,0,12,0,,,,,,,,,,,,,,,francesco camarda,1.7171,0.61949459
436,Eduardo Camavinga,fr FRA,MF,Real Madrid,es La Liga,23.0,2002.0,26,14,1348,15.0,1,0,1,1,0,0,1,0,0.07,12,2,16.7,0.8,0.13,0.08,0.5,0,0,2,33,15,29,1,0,0,31,0,,,,,,,,,,,,,,,eduardo camavinga,1.0957,1.80840568
437,Nicolò Cambiaghi,it ITA,"MF,FW",Bologna,it Serie A,25.0,2000.0,28,17,1518,16.9,3,4,7,3,0,0,3,1,0.42,24,6,25.0,1.42,0.36,0.13,0.5,0,0,63,20,9,71,3,1,0,32,0,,,,,,,,,,,,,,,nicolo cambiaghi,2.1255,2.3798555
438,Andrea Cambiaso,it ITA,"MF,DF",Juventus,it Serie A,26.0,2000.0,33,32,2557,28.4,3,3,6,3,0,0,3,1,0.21,23,11,47.8,0.81,0.39,0.13,0.27,0,0,113,36,20,20,3,1,0,27,2,,,,,,,,,,,,,,,andrea cambiaso,2.6464,4.15547004
440,Sergio Camello,es ESP,"FW,MF",Rayo Vallecano,es La Liga,25.0,2001.0,19,6,631,7.0,3,0,3,3,0,0,2,1,0.43,17,9,52.9,2.42,1.28,0.18,0.33,0,0,2,5,3,11,2,1,0,7,0,,,,,,,,,,,,,,,sergio camello,1.0932,0.65029628
441,Cole Campbell,us USA,FW,Hoffenheim,de Bundesliga,20.0,2006.0,3,0,33,0.4,0,0,0,0,0,0,0,0,0.0,1,0,0.0,2.73,0.0,0.0,,0,0,0,0,0,1,0,0,0,0,0,,,,,,,,,,,,,,,cole campbell,0.1163,0.24330537
442,Cole Campbell,us USA,FW,Dortmund,de Bundesliga,20.0,2006.0,1,0,17,0.2,0,0,0,0,0,0,0,0,0.0,1,0,0.0,5.29,0.0,0.0,,0,0,1,0,0,0,0,0,0,0,0,,,,,,,,,,,,,,,cole campbell,0.1163,0.24330537
443,Emre Can,de GER,DF,Dortmund,de Bundesliga,32.0,1994.0,9,7,621,6.9,3,0,3,0,3,3,3,0,0.0,5,4,80.0,0.72,0.58,0.0,0.0,3,3,2,8,13,10,3,0,0,10,0,,,,,,,,,,,,,,,emre can,2.4487,0.40105743
444,Matteo Cancellieri,it ITA,"FW,MF",Lazio,it Serie A,24.0,2002.0,27,18,1530,17.0,4,2,6,4,0,0,5,0,0.35,37,14,37.8,2.18,0.82,0.11,0.29,0,0,20,23,23,61,5,0,0,33,0,,,,,,,,,,,,,,,matteo cancellieri,3.7689,1.58767058
445,João Cancelo,pt POR,DF,Barcelona,es La Liga,31.0,1994.0,12,9,754,8.4,1,2,3,1,0,0,0,0,0.36,11,3,27.3,1.31,0.36,0.09,0.33,0,0,23,18,11,9,0,0,0,7,0,,,,,,,,,,,,,,,joao cancelo,0.3746,1.30611082
446,Fali Candé,gw GNB,DF,Sassuolo,it Serie A,28.0,1998.0,12,5,509,5.7,0,0,0,0,0,0,2,0,0.0,3,0,0.0,0.53,0.0,0.0,,0,0,4,9,2,6,2,0,0,9,0,,,,,,,,,,,,,,,fali cande,0.2222,0.02800867
447,Simone Canestrelli,it ITA,DF,Pisa,it Serie A,25.0,2000.0,34,33,2931,32.6,1,0,1,1,0,0,4,0,0.03,15,3,20.0,0.46,0.09,0.07,0.33,0,0,12,25,28,20,4,0,0,41,0,,,,,,,,,,,,,,,simone canestrelli,1.0644,0.40699971
448,Jaydee Canvot,fr FRA,"MF,DF",Toulouse,fr Ligue 1,19.0,2006.0,2,2,180,2.0,0,0,0,0,0,0,1,0,0.0,2,0,0.0,1.0,0.0,0.0,,0,0,0,1,0,0,1,0,0,1,0,,,,,,,,,,,,,,,jaydee canvot,1.1571,0.27557628
449,Jaydee Canvot,fr FRA,DF,Crystal Palace,eng Premier League,19.0,2006.0,17,11,1066,11.8,0,0,0,0,0,0,3,0,0.0,5,0,0.0,0.42,0.0,0.0,,0,0,4,20,8,4,3,0,0,12,0,,,,,,,,,,,,,,,jaydee canvot,1.1571,0.27557628
450,Nicolás Capaldo,ar ARG,"DF,MF",Hamburger SV,de Bundesliga,27.0,1998.0,24,22,1821,20.2,1,2,3,1,0,0,8,0,0.15,19,4,21.1,0.94,0.2,0.05,0.25,0,0,20,42,33,45,8,0,0,28,0,,,,,,,,,,,,,,,nicolas capaldo,1.1559,1.44519485
451,Pierrick Capelle,fr FRA,MF,Angers,fr Ligue 1,39.0,1987.0,14,4,485,5.4,0,0,0,0,0,0,1,0,0.0,7,1,14.3,1.3,0.19,0.0,0.0,0,0,11,13,5,11,1,0,0,11,0,,,,,,,,,,,,,,,pierrick capelle,0.3053,0.31221284
453,Maxence Caqueret,fr FRA,MF,Como,it Serie A,26.0,2000.0,27,16,1361,15.1,2,5,7,2,0,0,2,0,0.46,17,4,23.5,1.12,0.26,0.12,0.5,0,0,32,22,11,20,2,0,0,20,0,,,,,,,,,,,,,,,maxence caqueret,2.04,2.19022051
454,Antonio Caracciolo,it ITA,DF,Pisa,it Serie A,35.0,1990.0,33,32,2893,32.1,2,0,2,2,0,0,9,0,0.06,25,6,24.0,0.78,0.19,0.08,0.33,0,0,3,43,50,11,9,0,0,39,1,,,,,,,,,,,,,,,antonio caracciolo,2.0254,0.1357985
458,Sergi Cardona,es ESP,DF,Villarreal,es La Liga,26.0,1999.0,28,18,1766,19.6,1,4,5,1,0,0,4,0,0.25,15,4,26.7,0.76,0.2,0.07,0.25,0,0,65,30,35,20,4,0,0,24,0,,,,,,,,,,,,,,,sergi cardona,0.9545,2.32160688
460,Johnny Cardoso,us USA,MF,Atlético Madrid,es La Liga,24.0,2001.0,15,12,887,9.9,0,0,0,0,0,0,5,0,0.0,2,0,0.0,0.2,0.0,0.0,,0,0,3,21,16,14,5,0,0,23,0,,,,,,,,,,,,,,,johnny cardoso,0.0778,0.44245394
464,Diego Carlos,br BRA,DF,Como,it Serie A,33.0,1993.0,25,20,1850,20.6,1,0,1,1,0,0,8,0,0.05,8,2,25.0,0.39,0.1,0.13,0.5,0,0,1,17,20,7,8,0,0,36,0,,,,,,,,,,,,,,,diego carlos,0.8271,0.13566007
466,David Carmo,ao ANG,DF,Oviedo,es La Liga,26.0,1999.0,22,20,1786,19.8,1,0,1,1,0,0,8,1,0.05,10,3,30.0,0.5,0.15,0.1,0.33,0,0,2,18,21,4,8,1,1,20,0,,,,,,,,,,,,,,,david carmo,0.9059,0.47294114
469,Sergio Carreira,es ESP,MF,Celta Vigo,es La Liga,25.0,2000.0,30,26,2401,26.7,2,1,3,2,0,0,2,0,0.11,13,6,46.2,0.49,0.22,0.15,0.33,0,0,31,17,26,32,2,0,0,17,0,,,,,,,,,,,,,,,sergio carreira,1.3836,1.56640017
471,Álvaro Carreras,es ESP,DF,Real Madrid,es La Liga,23.0,2003.0,26,24,2152,23.9,2,2,4,2,0,0,5,1,0.17,8,2,25.0,0.33,0.08,0.25,1.0,0,0,29,18,36,31,5,1,0,17,0,,,,,,,,,,,,,,,alvaro carreras,0.307,1.37734593
472,Dani Carvajal,es ESP,DF,Real Madrid,es La Liga,34.0,1992.0,14,8,777,8.6,0,0,0,0,0,0,0,0,0.0,5,1,20.0,0.58,0.12,0.0,0.0,0,0,7,9,4,8,0,0,0,7,0,,,,,,,,,,,,,,,dani carvajal,0.3598,1.75886332
473,Fabio Carvalho,pt POR,MF,Brentford,eng Premier League,23.0,2002.0,6,1,102,1.1,1,0,1,1,0,0,0,0,0.88,2,1,50.0,1.76,0.88,0.5,1.0,0,0,5,2,0,0,0,0,0,0,0,,,,,,,,,,,,,,,fabio carvalho,0.6992,0.03116271
474,Cesare Casadei,it ITA,MF,Torino,it Serie A,23.0,2003.0,31,19,1920,21.3,5,0,5,5,0,0,5,0,0.23,33,15,45.5,1.55,0.7,0.15,0.33,0,0,2,15,9,15,5,0,0,49,0,,,,,,,,,,,,,,,cesare casadei,3.8481,1.43963079
475,Marc Casado,es ESP,MF,Barcelona,es La Liga,22.0,2003.0,21,9,914,10.2,0,1,1,0,0,0,1,0,0.1,10,0,0.0,0.98,0.0,0.0,,0,0,0,8,7,19,1,0,0,22,0,,,,,,,,,,,,,,,marc casado,0.4836,0.63113955
476,Nicolò Casale,it ITA,DF,Bologna,it Serie A,28.0,1998.0,12,8,678,7.5,0,0,0,0,0,0,0,0,0.0,5,0,0.0,0.66,0.0,0.0,,0,0,2,2,7,5,0,0,0,15,0,,,,,,,,,,,,,,,nicolo casale,0.74,0.18139864
477,Casemiro,br BRA,MF,Manchester Utd,eng Premier League,34.0,1992.0,33,32,2491,27.7,9,2,11,9,0,0,10,1,0.4,49,18,36.7,1.77,0.65,0.18,0.5,0,0,19,45,28,35,10,1,1,45,0,,,,,,,,,,,,,,,casemiro,4.8846,2.99592264
478,Matty Cash,pl POL,DF,Aston Villa,eng Premier League,28.0,1997.0,32,32,2800,31.1,3,3,6,3,0,0,8,0,0.19,29,10,34.5,0.93,0.32,0.1,0.3,0,0,117,31,23,29,8,0,0,40,0,,,,,,,,,,,,,,,matty cash,1.1709,2.72844396
479,Josué Casimir,ht HAI,"MF,FW",Auxerre,fr Ligue 1,24.0,2001.0,29,16,1498,16.6,1,0,1,1,0,1,5,1,0.06,22,12,54.5,1.32,0.72,0.05,0.08,0,1,54,17,10,32,5,1,1,34,0,,,,,,,,,,,,,,,josue casimir,2.8306,1.35346303
480,Cristian Cásseres Jr.,ve VEN,MF,Toulouse,fr Ligue 1,26.0,2000.0,29,27,2405,26.7,2,3,5,2,0,1,6,0,0.19,26,6,23.1,0.97,0.22,0.08,0.33,0,1,94,40,35,41,6,0,0,38,0,,,,,,,,,,,,,,,cristian casseres jr.,1.6579,3.35103048
481,Timothy Castagne,be BEL,"DF,MF",Fulham,eng Premier League,30.0,1995.0,27,17,1583,17.6,0,0,0,0,0,0,4,0,0.0,12,6,50.0,0.68,0.34,0.0,0.0,0,0,40,19,25,6,4,0,0,17,0,,,,,,,,,,,,,,,timothy castagne,1.1315,0.79930536
482,Valentín Castellanos,ar ARG,FW,Lazio,it Serie A,27.0,1998.0,11,8,692,7.7,2,3,5,2,0,0,2,0,0.65,20,8,40.0,2.6,1.04,0.1,0.25,0,0,6,3,3,18,2,0,0,9,0,,,,,,,,,,,,,,,valentin castellanos,3.3925,0.61017199
483,Valentín Castellanos,ar ARG,FW,West Ham United,eng Premier League,27.0,1998.0,15,15,1166,13.0,4,0,4,4,0,0,5,0,0.31,36,15,41.7,2.78,1.16,0.11,0.27,0,0,6,7,4,11,5,0,0,24,0,,,,,,,,,,,,,,,valentin castellanos,3.3925,0.61017199
486,Santiago Castro,ar ARG,FW,Bologna,it Serie A,21.0,2004.0,32,23,2111,23.5,7,2,9,7,0,0,3,0,0.38,58,19,32.8,2.47,0.81,0.12,0.37,0,0,4,8,1,47,3,0,0,34,0,,,,,,,,,,,,,,,santiago castro,6.6609,0.80526782
487,Alessio Castro-Montes,be BEL,"MF,DF",Köln,de Bundesliga,28.0,1997.0,12,6,584,6.5,1,3,4,1,0,0,2,0,0.62,7,1,14.3,1.08,0.15,0.14,1.0,0,0,48,16,4,9,2,0,0,13,0,,,,,,,,,,,,,,,alessio castro-montes,1.1684,1.69435388
488,Danilo Cataldi,it ITA,MF,Lazio,it Serie A,31.0,1994.0,27,24,1985,22.1,3,3,6,1,2,2,6,0,0.18,26,7,26.9,1.18,0.32,0.04,0.14,2,2,48,22,21,12,6,0,0,22,0,,,,,,,,,,,,,,,danilo cataldi,2.9865,1.43547014
491,Santi Cazorla,es ESP,MF,Oviedo,es La Liga,41.0,1984.0,24,4,724,8.0,0,1,1,0,0,0,1,1,0.12,7,1,14.3,0.87,0.12,0.0,0.0,0,0,50,7,3,16,1,1,0,5,0,,,,,,,,,,,,,,,santi cazorla,0.3601,1.51239027
492,Dani Ceballos,es ESP,MF,Real Madrid,es La Liga,29.0,1996.0,15,4,469,5.2,0,0,0,0,0,0,1,0,0.0,3,0,0.0,0.58,0.0,0.0,,0,0,3,10,7,15,1,0,0,6,0,,,,,,,,,,,,,,,dani ceballos,0.0448,0.68577844
493,Federico Ceccherini,it ITA,DF,Cremonese,it Serie A,33.0,1992.0,9,6,476,5.3,0,1,1,0,0,0,1,1,0.19,5,2,40.0,0.95,0.38,0.0,0.0,0,0,3,2,7,9,1,1,0,10,0,,,,,,,,,,,,,,,federico ceccherini,0.2036,0.30845575
494,Abdoulie Ceesay,gm GAM,FW,St Pauli,de Bundesliga,22.0,2004.0,18,0,272,3.0,1,0,1,1,0,0,3,0,0.33,7,2,28.6,2.32,0.66,0.14,0.5,0,0,1,1,0,5,3,0,0,11,0,,,,,,,,,,,,,,,abdoulie ceesay,0.5061,0.11054454
495,Nidal Celik,ba BIH,DF,Lens,fr Ligue 1,19.0,2006.0,7,7,526,5.8,0,0,0,0,0,0,1,0,0.0,1,1,100.0,0.17,0.17,0.0,0.0,0,0,0,9,8,1,1,0,0,10,0,,,,,,,,,,,,,,,nidal celik,0.0342,0.06604746
496,Zeki Çelik,tr TUR,"MF,DF",Roma,it Serie A,29.0,1997.0,31,29,2469,27.4,1,2,3,1,0,0,2,1,0.11,21,4,19.0,0.77,0.15,0.05,0.25,0,0,73,36,19,15,2,1,0,34,0,,,,,,,,,,,,,,,zeki celik,1.3857,1.82182625
497,Fabien Centonze,fr FRA,"MF,DF",Nantes,fr Ligue 1,30.0,1996.0,15,9,736,8.2,3,0,3,3,0,0,4,0,0.37,8,3,37.5,0.98,0.37,0.38,1.0,0,0,30,18,20,8,4,0,0,13,0,,,,,,,,,,,,,,,fabien centonze,1.3492,0.94298496
498,Lucas Cepeda,cl CHI,MF,Elche,es La Liga,23.0,2002.0,9,4,395,4.4,1,0,1,1,0,0,1,0,0.23,13,5,38.5,2.96,1.14,0.08,0.2,0,0,17,6,1,9,1,0,0,6,0,,,,,,,,,,,,,,,lucas cepeda,0.8507,0.5719522
499,Václav Černý,cz CZE,"FW,MF",Wolfsburg,de Bundesliga,28.0,1997.0,2,0,47,0.5,0,0,0,0,0,0,0,0,0.0,1,0,0.0,1.91,0.0,0.0,,0,0,2,0,0,2,0,0,0,0,0,,,,,,,,,,,,,,,vaclav cerny,7.1395,3.81481707
502,El Chadaille Bitshiabu,fr FRA,DF,RB Leipzig,de Bundesliga,20.0,2005.0,11,8,655,7.3,0,0,0,0,0,0,0,0,0.0,2,0,0.0,0.27,0.0,0.0,,0,0,0,6,6,0,0,0,0,4,0,,,,,,,,,,,,,,,el chadaille bitshiabu,0.1593,0.10605428
503,Fares Chaïbi,dz ALG,MF,Eintracht Frankfurt,de Bundesliga,23.0,2002.0,27,21,1747,19.4,2,9,11,2,0,0,1,0,0.57,33,7,21.2,1.7,0.36,0.06,0.29,0,0,89,20,13,20,1,0,0,12,0,,,,,,,,,,,,,,,fares chaibi,2.5698,3.84866835
504,Ilyas Chaira,ma MAR,MF,Oviedo,es La Liga,25.0,2001.0,32,27,2196,24.4,6,2,8,6,0,0,2,1,0.33,74,32,43.2,3.03,1.31,0.08,0.19,0,0,71,32,4,35,2,1,0,50,0,,,,,,,,,,,,,,,ilyas chaira,5.2676,1.13427769
505,Trevoh Chalobah,eng ENG,DF,Chelsea,eng Premier League,26.0,1999.0,32,31,2740,30.4,3,0,3,3,0,0,3,1,0.1,16,5,31.3,0.53,0.16,0.19,0.6,0,0,5,22,36,18,3,1,0,20,0,,,,,,,,,,,,,,,trevoh chalobah,1.2914,1.03219388
506,Fallou Cham,gm GAM,MF,Hellas Verona,it Serie A,20.0,2006.0,6,3,228,2.5,0,0,0,0,0,0,0,0,0.0,5,2,40.0,1.97,0.79,0.0,0.0,0,0,10,9,4,5,0,0,0,7,0,,,,,,,,,,,,,,,fallou cham,0.3506,0.09911876
507,Brendan Chardonnet,fr FRA,DF,Brest,fr Ligue 1,31.0,1994.0,28,28,2456,27.3,1,3,4,1,0,0,5,0,0.15,11,6,54.5,0.4,0.22,0.09,0.17,0,0,7,18,33,20,5,0,0,27,0,,,,,,,,,,,,,,,brendan chardonnet,0.7026,1.3437805
509,Arthur Chaves,br BRA,DF,Hoffenheim,de Bundesliga,25.0,2001.0,4,2,240,2.7,0,0,0,0,0,0,1,0,0.0,1,0,0.0,0.37,0.0,0.0,,0,0,2,5,3,3,1,0,0,5,0,,,,,,,,,,,,,,,arthur chaves,1.0734,0.1279576
510,Arthur Chaves,br BRA,DF,Augsburg,de Bundesliga,25.0,2001.0,11,9,829,9.2,2,0,2,2,0,0,1,0,0.22,4,2,50.0,0.43,0.22,0.5,1.0,0,0,1,13,8,8,1,0,0,8,1,,,,,,,,,,,,,,,arthur chaves,1.0734,0.1279576
511,Felipe Chávez,pe PER,MF,Bayern Munich,de Bundesliga,19.0,2007.0,2,0,14,0.2,0,0,0,0,0,0,0,0,0.0,1,0,0.0,6.43,0.0,0.0,,0,0,1,0,0,0,0,0,0,0,0,,,,,,,,,,,,,,,felipe chavez,0.1292,0.43469969
512,Felipe Chávez,pe PER,MF,Köln,de Bundesliga,19.0,2007.0,7,0,102,1.1,0,0,0,0,0,0,0,0,0.0,5,1,20.0,4.41,0.88,0.0,0.0,0,0,1,2,2,1,0,0,0,1,0,,,,,,,,,,,,,,,felipe chavez,0.1292,0.43469969
513,Walid Cheddira,ma MAR,FW,Sassuolo,it Serie A,28.0,1998.0,16,1,221,2.5,1,0,1,1,0,0,1,0,0.41,8,2,25.0,3.26,0.81,0.13,0.5,0,0,4,0,0,9,1,0,0,7,0,,,,,,,,,,,,,,,walid cheddira,1.6694,0.70940238
514,Walid Cheddira,ma MAR,FW,Lecce,it Serie A,28.0,1998.0,14,8,768,8.5,1,1,2,1,0,0,2,0,0.23,17,5,29.4,1.99,0.59,0.06,0.2,0,0,3,3,0,18,2,0,0,17,0,,,,,,,,,,,,,,,walid cheddira,1.6694,0.70940238
517,Sidiki Cherif,fr FRA,"FW,MF",Angers,fr Ligue 1,19.0,2006.0,19,14,1157,12.9,4,0,4,4,0,0,3,0,0.31,28,12,42.9,2.18,0.93,0.14,0.33,0,0,6,3,6,16,3,0,0,15,0,,,,,,,,,,,,,,,sidiki cherif,2.317,0.2373684
518,Rayan Cherki,fr FRA,MF,Manchester City,eng Premier League,22.0,2003.0,29,18,1647,18.3,4,11,15,4,0,0,1,0,0.82,50,13,26.0,2.73,0.71,0.08,0.31,0,0,73,16,7,33,1,0,0,16,0,,,,,,,,,,,,,,,rayan cherki,2.8112,7.39646391
520,Fabio Chiarodia,it ITA,DF,Gladbach,de Bundesliga,20.0,2005.0,14,7,617,6.9,0,0,0,0,0,0,1,0,0.0,4,1,25.0,0.58,0.15,0.0,0.0,0,0,0,9,11,1,1,0,0,8,0,,,,,,,,,,,,,,,fabio chiarodia,0.5818,0.13255924
521,Federico Chiesa,it ITA,MF,Liverpool,eng Premier League,28.0,1997.0,24,1,300,3.3,2,1,3,2,0,0,3,0,0.9,16,4,25.0,4.8,1.2,0.13,0.5,0,0,15,5,4,5,3,0,0,9,0,,,,,,,,,,,,,,,federico chiesa,1.4086,0.60506798
522,Ben Chilwell,eng ENG,"DF,MF",Strasbourg,fr Ligue 1,29.0,1996.0,20,19,1598,17.8,0,2,2,0,0,0,4,0,0.11,5,3,60.0,0.28,0.17,0.0,0.0,0,0,30,17,22,22,4,0,0,14,0,,,,,,,,,,,,,,,ben chilwell,0.3165,0.96995937
524,Joris Chotard,fr FRA,MF,Brest,fr Ligue 1,24.0,2001.0,30,29,2584,28.7,2,1,3,2,0,0,2,0,0.1,25,8,32.0,0.87,0.28,0.08,0.25,0,0,46,33,43,12,2,0,0,28,0,,,,,,,,,,,,,,,joris chotard,1.2612,1.04580064
525,Andreas Christensen,dk DEN,DF,Barcelona,es La Liga,30.0,1996.0,12,3,380,4.2,0,0,0,0,0,0,1,0,0.0,2,0,0.0,0.47,0.0,0.0,,0,0,0,3,2,3,1,0,0,4,0,,,,,,,,,,,,,,,andreas christensen,0.0811,0.10402845
526,Ryan Christie,sct SCO,MF,Bournemouth,eng Premier League,31.0,1995.0,25,8,953,10.6,2,0,2,2,0,0,3,0,0.19,25,8,32.0,2.36,0.76,0.08,0.25,0,0,16,19,11,20,3,0,0,15,0,,,,,,,,,,,,,,,ryan christie,1.6509,0.72598338
527,Carney Chukwuemeka,at AUT,"MF,FW",Dortmund,de Bundesliga,22.0,2003.0,27,8,897,10.0,2,0,2,2,0,0,2,0,0.2,18,2,11.1,1.81,0.2,0.11,1.0,0,0,1,15,6,15,2,0,0,11,0,,,,,,,,,,,,,,,carney chukwuemeka,1.9015,2.11897319
528,Samuel Chukwueze,ng NGA,"FW,MF",Milan,it Serie A,26.0,1999.0,1,0,26,0.3,0,0,0,0,0,0,0,0,0.0,0,0,,0.0,0.0,,,0,0,3,0,0,3,0,0,0,0,0,,,,,,,,,,,,,,,samuel chukwueze,2.0057,3.13512143
529,Samuel Chukwueze,ng NGA,MF,Fulham,eng Premier League,26.0,1999.0,21,9,1006,11.2,3,4,7,3,0,0,0,0,0.63,25,7,28.0,2.24,0.63,0.12,0.43,0,0,38,4,6,11,0,0,0,5,0,,,,,,,,,,,,,,,samuel chukwueze,2.0057,3.13512143
530,Víctor Chust,es ESP,DF,Elche,es La Liga,26.0,2000.0,27,19,1874,20.8,0,0,0,0,0,0,8,1,0.0,7,2,28.6,0.34,0.1,0.0,0.0,0,0,17,30,20,9,8,1,1,34,0,,,,,,,,,,,,,,,victor chust,0.3542,0.57242402
531,Alessandro Circati,au AUS,DF,Parma,it Serie A,22.0,2003.0,28,28,2394,26.6,1,0,1,1,0,0,6,0,0.04,8,1,12.5,0.3,0.04,0.13,1.0,0,0,2,22,23,17,6,0,0,28,0,,,,,,,,,,,,,,,alessandro circati,0.9341,0.43155426
532,Dennis Cirkin,lv LVA,DF,Sunderland,eng Premier League,24.0,2002.0,8,3,323,3.6,0,0,0,0,0,0,2,0,0.0,1,0,0.0,0.28,0.0,0.0,,0,0,3,5,5,2,2,0,0,4,0,,,,,,,,,,,,,,,dennis cirkin,0.075,0.02549436
535,Djaoui Cissé,fr FRA,MF,Rennes,fr Ligue 1,22.0,2004.0,23,12,977,10.9,0,0,0,0,0,0,3,0,0.0,24,6,25.0,2.21,0.55,0.0,0.0,0,0,27,22,5,10,3,0,0,18,0,,,,,,,,,,,,,,,djaoui cisse,0.7934,1.08081485
537,Alexis Claude-Maurice,fr FRA,"MF,FW",Augsburg,de Bundesliga,27.0,1998.0,28,25,2085,23.2,5,4,9,4,1,2,3,0,0.35,71,26,36.6,3.06,1.12,0.06,0.15,1,2,65,26,8,41,3,0,0,23,0,,,,,,,,,,,,,,,alexis claude-maurice,6.6511,2.64711814
538,Jonathan Clauss,fr FRA,"MF,DF",Nice,fr Ligue 1,33.0,1992.0,28,26,2363,26.3,1,6,7,1,0,0,0,0,0.27,23,6,26.1,0.88,0.23,0.04,0.17,0,0,208,35,46,17,0,0,0,21,0,,,,,,,,,,,,,,,jonathan clauss,1.2942,6.3199871
539,Nathaniel Clyne,eng ENG,MF,Crystal Palace,eng Premier League,35.0,1991.0,8,6,495,5.5,0,1,1,0,0,0,1,0,0.18,3,0,0.0,0.55,0.0,0.0,,0,0,14,9,7,1,1,0,0,4,0,,,,,,,,,,,,,,,nathaniel clyne,0.4306,0.67362709
540,Saúl Coco,gq EQG,DF,Torino,it Serie A,27.0,1999.0,33,33,2908,32.3,1,1,2,1,0,0,3,0,0.06,15,4,26.7,0.46,0.12,0.07,0.25,0,0,5,31,41,33,3,0,0,43,0,,,,,,,,,,,,,,,saul coco,0.8011,0.38923236
542,Maxime Colin,fr FRA,DF,Metz,fr Ligue 1,34.0,1991.0,21,17,1602,17.8,0,0,0,0,0,0,1,0,0.0,7,2,28.6,0.39,0.11,0.0,0.0,0,0,11,29,22,7,1,0,0,10,0,,,,,,,,,,,,,,,maxime colin,0.396,0.36112732
543,Nathan Collins,ie IRL,DF,Brentford,eng Premier League,25.0,2001.0,32,29,2705,30.1,1,2,3,1,0,0,6,0,0.1,19,6,31.6,0.63,0.2,0.05,0.17,0,0,1,10,34,17,6,0,0,19,1,,,,,,,,,,,,,,,nathan collins,2.1754,1.22025246
544,Nnamdi Collins,de GER,DF,Eintracht Frankfurt,de Bundesliga,22.0,2004.0,23,16,1500,16.7,1,2,3,1,0,0,4,0,0.18,4,1,25.0,0.24,0.06,0.25,1.0,0,0,4,38,24,19,4,0,0,22,0,,,,,,,,,,,,,,,nnamdi collins,0.4522,0.45735003
545,Michele Collocolo,it ITA,MF,Cremonese,it Serie A,26.0,1999.0,6,5,308,3.4,0,0,0,0,0,0,1,0,0.0,2,1,50.0,0.58,0.29,0.0,0.0,0,0,5,3,1,2,1,0,0,2,0,,,,,,,,,,,,,,,michele collocolo,0.0636,0.02491156
546,Santiago Colombatto,ar ARG,MF,Oviedo,es La Liga,29.0,1997.0,29,20,1847,20.5,0,1,1,0,0,0,6,0,0.05,14,2,14.3,0.68,0.1,0.0,0.0,0,0,64,21,14,38,6,0,0,39,0,,,,,,,,,,,,,,,santiago colombatto,0.5038,1.52754165
547,Lorenzo Colombo,it ITA,FW,Genoa,it Serie A,24.0,2002.0,35,27,2095,23.3,7,1,8,6,1,2,2,0,0.3,64,27,42.2,2.75,1.16,0.09,0.22,1,2,13,10,1,49,2,0,0,38,0,,,,,,,,,,,,,,,lorenzo colombo,8.1917,0.8196364
549,Eray Cömert,ch SUI,DF,Valencia,es La Liga,28.0,1998.0,14,12,1088,12.1,2,0,2,2,0,0,2,0,0.17,9,3,33.3,0.74,0.25,0.22,0.67,0,0,1,13,19,10,2,0,0,6,0,,,,,,,,,,,,,,,eray comert,1.1305,0.23460093
550,Santi Comesaña,es ESP,MF,Villarreal,es La Liga,29.0,1996.0,31,26,2249,25.0,3,6,9,3,0,0,5,1,0.36,26,7,26.9,1.04,0.28,0.12,0.43,0,0,11,24,30,23,5,1,0,41,0,,,,,,,,,,,,,,,santi comesana,3.8537,3.36284206
551,Pietro Comuzzo,it ITA,DF,Fiorentina,it Serie A,21.0,2005.0,25,17,1579,17.5,1,0,1,1,0,0,2,0,0.06,10,2,20.0,0.57,0.11,0.1,0.5,0,0,1,15,22,3,2,0,0,21,0,,,,,,,,,,,,,,,pietro comuzzo,1.0063,0.18023741
552,Francisco Conceição,pt POR,"MF,FW",Juventus,it Serie A,23.0,2002.0,28,24,1859,20.7,3,4,7,3,0,0,2,0,0.34,66,22,33.3,3.2,1.07,0.05,0.14,0,0,79,21,7,35,2,0,0,28,0,,,,,,,,,,,,,,,francisco conceicao,5.7194,3.95504803
554,Sirlord Conteh,de GER,"MF,FW",Heidenheim,de Bundesliga,29.0,1996.0,15,3,625,6.9,2,1,3,2,0,0,1,0,0.43,10,3,30.0,1.44,0.43,0.2,0.67,0,0,17,7,4,10,1,0,0,7,0,,,,,,,,,,,,,,,sirlord conteh,2.8036,0.7188869
555,Lewis Cook,eng ENG,"MF,DF",Bournemouth,eng Premier League,29.0,1997.0,16,8,872,9.7,0,1,1,0,0,0,1,1,0.1,3,0,0.0,0.31,0.0,0.0,,0,0,44,17,21,5,1,1,0,8,0,,,,,,,,,,,,,,,lewis cook,0.077,0.53525895
557,Diego Coppola,it ITA,DF,Paris FC,fr Ligue 1,22.0,2003.0,11,11,990,11.0,0,2,2,0,0,0,1,0,0.18,4,2,50.0,0.36,0.18,0.0,0.0,0,0,0,9,6,3,1,0,0,6,0,,,,,,,,,,,,,,,diego coppola,0.1495,0.14610779
558,Diego Coppola,it ITA,DF,Brighton,eng Premier League,22.0,2003.0,5,2,194,2.2,0,0,0,0,0,0,2,0,0.0,0,0,,0.0,0.0,,,0,0,0,2,1,0,2,0,0,4,0,,,,,,,,,,,,,,,diego coppola,0.1495,0.14610779
559,Francesco Coppola,it ITA,DF,Pisa,it Serie A,21.0,2005.0,7,5,458,5.1,0,0,0,0,0,0,3,0,0.0,2,0,0.0,0.39,0.0,0.0,,0,0,2,5,5,8,3,0,0,7,0,,,,,,,,,,,,,,,francesco coppola,0.099,0.16138162
560,Francis Coquelin,fr FRA,MF,Nantes,fr Ligue 1,34.0,1991.0,16,8,655,7.3,0,1,1,0,0,0,2,0,0.14,6,1,16.7,0.82,0.14,0.0,0.0,0,0,1,13,5,7,2,0,0,15,0,,,,,,,,,,,,,,,francis coquelin,0.1477,0.17662247
562,Maxwel Cornet,ci CIV,MF,Genoa,it Serie A,29.0,1996.0,8,1,118,1.3,0,0,0,0,0,1,0,0,0.0,4,2,50.0,3.05,1.53,0.0,0.0,0,1,13,4,0,1,0,0,0,6,0,,,,,,,,,,,,,,,maxwel cornet,1.5371,0.14495532
564,Félix Correia,pt POR,MF,Lille,fr Ligue 1,25.0,2001.0,32,24,1922,21.4,4,5,9,4,0,0,2,0,0.42,33,8,24.2,1.55,0.37,0.12,0.5,0,0,82,11,20,26,2,0,0,13,0,,,,,,,,,,,,,,,felix correia,4.663,4.32314505
565,Thierry Correia,pt POR,"DF,MF",Valencia,es La Liga,27.0,1999.0,22,17,1363,15.1,0,1,1,0,0,0,5,0,0.07,5,1,20.0,0.33,0.07,0.0,0.0,0,0,41,20,17,24,5,0,0,28,0,,,,,,,,,,,,,,,thierry correia,0.3511,1.86084189
566,Paco Cortés,es ESP,"MF,FW",Levante,es La Liga,18.0,2007.0,12,4,472,5.2,0,0,0,0,0,0,2,0,0.0,12,4,33.3,2.29,0.76,0.0,0.0,0,0,20,1,2,6,2,0,0,6,0,,,,,,,,,,,,,,,paco cortes,0.4881,0.47144871
569,Danny da Costa,de GER,"DF,MF",Mainz 05,de Bundesliga,32.0,1993.0,32,29,2635,29.3,2,3,5,2,0,0,3,0,0.17,14,5,35.7,0.48,0.17,0.14,0.4,0,0,48,26,29,23,3,0,0,21,1,,,,,,,,,,,,,,,danny da costa,1.5141,2.85495061
570,Samu Costa,pt POR,MF,Mallorca,es La Liga,25.0,2000.0,31,28,2456,27.3,7,2,9,7,0,0,9,0,0.33,32,13,40.6,1.17,0.48,0.22,0.54,0,0,27,32,24,64,9,0,0,60,0,,,,,,,,,,,,,,,samu costa,2.4283,0.84825249
571,David Costas,es ESP,DF,Oviedo,es La Liga,31.0,1995.0,22,20,1807,20.1,1,0,1,1,0,0,2,0,0.05,2,1,50.0,0.1,0.05,0.5,1.0,0,0,1,21,25,9,2,0,0,15,0,,,,,,,,,,,,,,,david costas,0.6826,0.17317417
573,Vladimír Coufal,cz CZE,"DF,MF",Hoffenheim,de Bundesliga,33.0,1992.0,32,32,2832,31.5,1,8,9,1,0,0,4,0,0.29,25,6,24.0,0.79,0.19,0.04,0.17,0,0,191,33,37,38,4,0,0,31,0,,,,,,,,,,,,,,,vladimir coufal,0.7868,7.4918199
576,Lassana Coulibaly,ml MLI,MF,Lecce,it Serie A,30.0,1996.0,30,28,2419,26.9,3,1,4,3,0,0,4,0,0.15,25,8,32.0,0.93,0.3,0.12,0.38,0,0,17,28,7,47,4,0,0,30,0,,,,,,,,,,,,,,,lassana coulibaly,2.1095,0.87113917
577,Lasso Coulibaly,ci CIV,MF,Auxerre,fr Ligue 1,23.0,2002.0,16,1,316,3.5,0,0,0,0,0,0,1,0,0.0,3,0,0.0,0.85,0.0,0.0,,0,0,18,5,6,11,1,0,0,10,0,,,,,,,,,,,,,,,lasso coulibaly,0.2412,0.35548554
578,Mamadou Coulibaly,fr FRA,MF,Monaco,fr Ligue 1,22.0,2004.0,23,15,1324,14.7,3,3,6,3,0,0,6,1,0.41,11,4,36.4,0.75,0.27,0.27,0.75,0,0,13,20,20,14,6,1,0,30,0,,,,,,,,,,,,,,,mamadou coulibaly,1.5103,1.77158932
579,Soumaïla Coulibaly,fr FRA,DF,Brest,fr Ligue 1,22.0,2003.0,16,15,1338,14.9,0,0,0,0,0,0,3,0,0.0,6,2,33.3,0.4,0.13,0.0,0.0,0,0,1,12,13,20,3,0,0,26,1,,,,,,,,,,,,,,,soumaila coulibaly,0.3472,0.1171821
580,Woyo Coulibaly,ml MLI,DF,Sassuolo,it Serie A,26.0,1999.0,18,7,874,9.7,0,0,0,0,0,0,2,0,0.0,4,1,25.0,0.41,0.1,0.0,0.0,0,0,8,13,8,12,2,0,0,14,0,,,,,,,,,,,,,,,woyo coulibaly,0.1061,0.23485245
581,Marius Courcoul,fr FRA,MF,Angers,fr Ligue 1,19.0,2007.0,18,3,374,4.2,0,0,0,0,0,0,0,0,0.0,2,1,50.0,0.48,0.24,0.0,0.0,0,0,0,9,3,3,0,0,0,6,0,,,,,,,,,,,,,,,marius courcoul,0.0694,0.1143021
583,Yan Couto,br BRA,MF,Dortmund,de Bundesliga,23.0,2002.0,18,11,994,11.0,1,2,3,1,0,0,4,0,0.27,8,3,37.5,0.72,0.27,0.13,0.33,0,0,54,15,9,13,4,0,0,16,0,,,,,,,,,,,,,,,yan couto,0.6791,3.01152976
584,Patrice Čović,hr CRO,MF,Werder Bremen,de Bundesliga,18.0,2007.0,14,2,330,3.7,1,0,1,1,0,0,1,0,0.27,5,2,40.0,1.36,0.55,0.2,0.5,0,0,6,4,4,2,1,0,0,5,0,,,,,,,,,,,,,,,patrice covic,1.3167,0.51947131
585,Nicolas Cozza,fr FRA,DF,Nantes,fr Ligue 1,27.0,1999.0,29,25,2301,25.6,0,1,1,0,0,0,2,0,0.04,11,3,27.3,0.43,0.12,0.0,0.0,0,0,22,27,21,31,2,0,0,23,0,,,,,,,,,,,,,,,nicolas cozza,0.8467,0.63370225
587,Charlie Cresswell,eng ENG,DF,Toulouse,fr Ligue 1,23.0,2002.0,28,27,2443,27.1,3,2,5,3,0,0,7,0,0.18,36,11,30.6,1.33,0.41,0.08,0.27,0,0,1,12,29,14,7,0,0,29,0,,,,,,,,,,,,,,,charlie cresswell,2.7842,0.8503746
588,Bryan Cristante,it ITA,MF,Roma,it Serie A,31.0,1995.0,34,33,2856,31.7,2,1,3,2,0,0,6,0,0.09,41,8,19.5,1.29,0.25,0.05,0.25,0,0,15,38,28,8,6,0,0,60,0,,,,,,,,,,,,,,,bryan cristante,2.0211,2.47278285
590,Juan Cuadrado,co COL,MF,Pisa,it Serie A,37.0,1988.0,17,2,465,5.2,1,0,1,0,1,1,3,0,0.0,10,2,20.0,1.94,0.39,0.0,0.0,1,1,41,9,5,15,3,0,0,9,0,,,,,,,,,,,,,,,juan cuadrado,0.942,0.9178701
591,Pau Cubarsí,es ESP,DF,Barcelona,es La Liga,19.0,2007.0,29,29,2552,28.4,1,0,1,1,0,0,3,0,0.04,10,2,20.0,0.35,0.07,0.1,0.5,0,0,0,26,28,8,3,0,0,24,0,,,,,,,,,,,,,,,pau cubarsi,0.5389,0.63089722
594,Marc Cucurella,es ESP,DF,Chelsea,eng Premier League,27.0,1998.0,31,28,2437,27.1,1,4,5,1,0,0,6,1,0.18,19,5,26.3,0.7,0.18,0.05,0.2,0,0,35,36,27,25,6,1,0,40,0,,,,,,,,,,,,,,,marc cucurella,2.2644,3.04826857
595,Jorge Cuenca,es ESP,DF,Fulham,eng Premier League,26.0,1999.0,14,11,933,10.4,0,0,0,0,0,0,5,0,0.0,1,0,0.0,0.1,0.0,0.0,,0,0,2,10,15,1,5,0,0,9,0,,,,,,,,,,,,,,,jorge cuenca,0.0501,0.55975008
596,Montrell Culbreath,de GER,"MF,DF",Leverkusen,de Bundesliga,18.0,2007.0,10,7,611,6.8,1,0,1,1,0,0,0,0,0.15,7,1,14.3,1.03,0.15,0.14,1.0,0,0,19,12,7,9,0,0,0,5,0,,,,,,,,,,,,,,,montrell culbreath,1.721,0.39880513
597,Josh Cullen,ie IRL,MF,Burnley,eng Premier League,30.0,1996.0,18,18,1514,16.8,2,2,4,2,0,0,2,0,0.24,11,6,54.5,0.65,0.36,0.18,0.33,0,0,12,19,24,18,2,0,0,16,1,,,,,,,,,,,,,,,josh cullen,0.9004,1.35254865
600,Matheus Cunha,br BRA,"MF,FW",Manchester Utd,eng Premier League,26.0,1999.0,31,27,2325,25.8,9,2,11,9,0,0,3,0,0.43,81,33,40.7,3.14,1.28,0.11,0.27,0,0,46,20,20,51,3,0,0,25,0,,,,,,,,,,,,,,,matheus cunha,6.3194,2.66089789
602,Lucas Da Cunha,fr FRA,MF,Como,it Serie A,24.0,2001.0,33,28,2469,27.4,4,4,8,1,3,3,4,0,0.18,36,13,36.1,1.31,0.47,0.03,0.08,3,3,80,29,16,17,4,0,0,30,0,,,,,,,,,,,,,,,lucas da cunha,5.2224,4.37347039
603,Adam Daghim,dk DEN,"MF,FW",Wolfsburg,de Bundesliga,20.0,2005.0,25,10,1204,13.4,2,3,5,2,0,0,2,0,0.37,23,6,26.1,1.72,0.45,0.09,0.33,0,0,19,19,11,22,2,0,0,15,0,,,,,,,,,,,,,,,adam daghim,1.3834,2.34272194
604,Finn Dahmen,de GER,GK,Augsburg,de Bundesliga,28.0,1998.0,32,32,2880,32.0,0,0,0,0,0,0,1,0,0.0,1,0,0.0,0.03,0.0,0.0,,0,0,0,0,0,9,1,0,0,0,0,56.0,1.75,146.0,97.0,65.8,11.0,7.0,14.0,5.0,15.6,7.0,6.0,1.0,0.0,finn dahmen,0.3174,0.17702953
605,Mahmoud Dahoud,de GER,"MF,FW",Eintracht Frankfurt,de Bundesliga,30.0,1996.0,14,8,685,7.6,2,3,5,2,0,0,0,0,0.66,15,2,13.3,1.97,0.26,0.13,1.0,0,0,7,8,9,2,0,0,0,15,0,,,,,,,,,,,,,,,mahmoud dahoud,0.8136,0.28332981
606,David Daiber,pt POR,FW,Bayern Munich,de Bundesliga,19.0,2007.0,2,0,29,0.3,0,0,0,0,0,0,0,0,0.0,1,0,0.0,3.1,0.0,0.0,,0,0,0,0,0,0,0,0,0,2,0,,,,,,,,,,,,,,,david daiber,0.0624,0.0249795
607,Ameen Al-Dakhil,be BEL,DF,Stuttgart,de Bundesliga,24.0,2002.0,8,3,380,4.2,0,0,0,0,0,0,1,0,0.0,1,0,0.0,0.24,0.0,0.0,,0,0,0,3,5,0,1,0,0,1,0,,,,,,,,,,,,,,,ameen al-dakhil,0.0647,0.05697837
608,Thijs Dallinga,nl NED,FW,Bologna,it Serie A,25.0,2000.0,21,9,786,8.7,2,2,4,2,0,0,2,0,0.46,24,5,20.8,2.75,0.57,0.08,0.4,0,0,5,4,1,9,2,0,0,19,0,,,,,,,,,,,,,,,thijs dallinga,2.9433,0.52576948
609,Diogo Dalot,pt POR,"DF,MF",Manchester Utd,eng Premier League,27.0,1999.0,33,28,2524,28.0,1,3,4,1,0,0,5,0,0.14,23,6,26.1,0.82,0.21,0.04,0.17,0,0,54,29,25,14,5,0,0,24,0,,,,,,,,,,,,,,,diogo dalot,1.6412,2.38647314
610,Muhammed Damar,de GER,"MF,FW",Hoffenheim,de Bundesliga,22.0,2004.0,15,2,277,3.1,0,0,0,0,0,0,0,0,0.0,12,8,66.7,3.9,2.6,0.0,0.0,0,0,33,3,1,2,0,0,0,4,0,,,,,,,,,,,,,,,muhammed damar,1.2362,0.83177762
611,Mikkel Damsgaard,dk DEN,MF,Brentford,eng Premier League,25.0,2000.0,30,22,1889,21.0,4,4,8,4,0,0,0,0,0.38,28,11,39.3,1.33,0.52,0.14,0.36,0,0,88,29,21,21,0,0,0,18,0,,,,,,,,,,,,,,,mikkel damsgaard,2.0361,4.17214238
612,Arnaut Danjuma,nl NED,"MF,FW",Valencia,es La Liga,29.0,1997.0,30,18,1628,18.1,3,2,5,3,0,1,0,0,0.28,36,14,38.9,1.99,0.77,0.08,0.21,0,1,49,10,2,22,0,0,0,21,0,,,,,,,,,,,,,,,arnaut danjuma,4.6052,3.06422303
613,Kévin Danois,fr FRA,MF,Auxerre,fr Ligue 1,21.0,2004.0,31,30,2650,29.4,3,1,4,3,0,0,3,0,0.14,23,7,30.4,0.78,0.24,0.13,0.43,0,0,120,42,37,25,3,0,0,29,0,,,,,,,,,,,,,,,kevin danois,1.6141,4.38328256
614,Kevin Danso,at AUT,DF,Tottenham Hotspur,eng Premier League,27.0,1998.0,21,14,1224,13.6,0,0,0,0,0,0,7,0,0.0,6,2,33.3,0.44,0.15,0.0,0.0,0,0,7,12,18,10,7,0,0,18,0,,,,,,,,,,,,,,,kevin danso,0.2619,0.20265129
615,Dante,br BRA,DF,Nice,fr Ligue 1,42.0,1983.0,11,8,759,8.4,0,1,1,0,0,0,1,0,0.12,5,1,20.0,0.59,0.12,0.0,0.0,0,0,0,5,10,4,1,0,0,7,0,,,,,,,,,,,,,,,dante,0.1653,0.09955288
618,Sergi Darder,es ESP,MF,Mallorca,es La Liga,32.0,1993.0,34,26,2345,26.1,1,5,6,1,0,0,3,0,0.23,34,12,35.3,1.3,0.46,0.03,0.08,0,0,154,12,20,27,3,0,0,19,0,,,,,,,,,,,,,,,sergi darder,1.9061,3.79754483
622,David Datro Fofana,ci CIV,FW,Strasbourg,fr Ligue 1,23.0,2002.0,5,3,171,1.9,0,0,0,0,0,0,0,0,0.0,3,1,33.3,1.58,0.53,0.0,0.0,0,0,0,1,1,1,0,0,0,3,0,,,,,,,,,,,,,,,david datro fofana,0.9566,0.02684399
624,Jonathan David,ca CAN,FW,Juventus,it Serie A,26.0,2000.0,33,20,1744,19.4,6,4,10,6,0,1,0,0,0.52,41,16,39.0,2.12,0.83,0.15,0.38,0,1,8,10,6,26,0,0,0,28,0,,,,,,,,,,,,,,,jonathan david,8.4408,1.5476344
625,Alphonso Davies,ca CAN,DF,Bayern Munich,de Bundesliga,25.0,2000.0,13,6,525,5.8,1,3,4,1,0,0,1,0,0.69,4,1,25.0,0.69,0.17,0.25,1.0,0,0,6,6,3,5,1,0,0,2,0,,,,,,,,,,,,,,,alphonso davies,0.2698,1.40821172
626,Ben Davies,wls WAL,DF,Tottenham Hotspur,eng Premier League,33.0,1993.0,3,2,137,1.5,1,0,1,1,0,0,1,0,0.66,2,2,100.0,1.31,1.31,0.5,0.5,0,0,3,4,1,0,1,0,0,2,0,,,,,,,,,,,,,,,ben davies,0.4917,0.08703464
627,Davinchi,es ESP,DF,Getafe,es La Liga,18.0,2007.0,10,6,570,6.3,0,0,0,0,0,0,1,0,0.0,3,1,33.3,0.47,0.16,0.0,0.0,0,0,17,13,4,2,1,0,0,21,0,,,,,,,,,,,,,,,davinchi,0.2136,0.45997985
628,Keinan Davis,eng ENG,FW,Udinese,it Serie A,28.0,1998.0,27,25,1890,21.0,10,3,13,6,4,4,5,0,0.43,45,22,48.9,2.14,1.05,0.13,0.27,4,4,3,5,1,47,5,0,0,38,0,,,,,,,,,,,,,,,keinan davis,9.1406,1.8008503
629,Kevin De Bruyne,be BEL,MF,Napoli,it Serie A,34.0,1991.0,16,13,1052,11.7,5,1,6,2,3,3,1,0,0.26,26,11,42.3,2.22,0.94,0.08,0.18,3,3,55,6,5,6,1,0,0,8,0,,,,,,,,,,,,,,,kevin de bruyne,3.5572,2.5676431
630,Mathys De Carvalho,fr FRA,MF,Lyon,fr Ligue 1,21.0,2005.0,11,3,295,3.3,0,0,0,0,0,0,1,0,0.0,7,2,28.6,2.14,0.61,0.0,0.0,0,0,2,6,4,5,1,0,0,2,0,,,,,,,,,,,,,,,mathys de carvalho,0.4366,0.13937913
631,Maxim De Cuyper,be BEL,"DF,MF",Brighton,eng Premier League,25.0,2000.0,27,14,1193,13.3,2,1,3,2,0,0,2,0,0.23,11,6,54.5,0.83,0.45,0.18,0.33,0,0,59,10,9,18,2,0,0,16,0,,,,,,,,,,,,,,,maxim de cuyper,1.7056,2.19868299
632,Charles De Ketelaere,be BEL,"MF,FW",Atalanta,it Serie A,25.0,2001.0,28,24,2005,22.3,3,5,8,3,0,0,4,0,0.36,44,16,36.4,1.98,0.72,0.07,0.19,0,0,41,12,4,34,4,0,0,21,0,,,,,,,,,,,,,,,charles de ketelaere,3.2751,8.1487109
637,Thibault De Smet,be BEL,DF,Paris FC,fr Ligue 1,27.0,1998.0,17,13,1144,12.7,0,1,1,0,0,0,6,2,0.08,4,0,0.0,0.31,0.0,0.0,,0,0,26,11,10,13,6,2,2,11,0,,,,,,,,,,,,,,,thibault de smet,0.1887,0.55200237
638,Koni De Winter,be BEL,DF,Milan,it Serie A,23.0,2002.0,24,18,1728,19.2,1,1,2,1,0,0,1,0,0.1,7,1,14.3,0.36,0.05,0.14,1.0,0,0,4,18,13,8,1,0,0,25,0,,,,,,,,,,,,,,,koni de winter,0.6938,0.42023281
639,Alessandro Deiola,it ITA,"MF,DF",Cagliari,it Serie A,30.0,1995.0,18,15,1286,14.3,0,2,2,0,0,0,3,0,0.14,18,6,33.3,1.26,0.42,0.0,0.0,0,0,1,20,12,11,3,0,0,21,0,,,,,,,,,,,,,,,alessandro deiola,0.9445,0.31480096
640,Romain Del Castillo,fr FRA,"MF,FW",Brest,fr Ligue 1,30.0,1996.0,29,29,2399,26.7,8,3,11,2,6,8,2,1,0.19,30,12,40.0,1.13,0.45,0.07,0.17,6,8,182,34,24,37,2,1,0,26,0,,,,,,,,,,,,,,,romain del castillo,7.8807,5.31914181
643,Liam Delap,eng ENG,FW,Chelsea,eng Premier League,23.0,2003.0,26,11,1013,11.3,1,0,1,1,0,0,3,0,0.09,35,11,31.4,3.11,0.98,0.03,0.09,0,0,6,3,1,18,3,0,0,22,0,,,,,,,,,,,,,,,liam delap,4.2146,0.2049245
644,Fisayo Dele-Bashiru,ng NGA,MF,Lazio,it Serie A,25.0,2001.0,21,9,987,11.0,0,0,0,0,0,0,0,0,0.0,8,1,12.5,0.73,0.09,0.0,0.0,0,0,8,14,3,3,0,0,0,6,0,,,,,,,,,,,,,,,fisayo dele-bashiru,0.5636,0.28582404
645,Olivier Deman,be BEL,"DF,MF",Werder Bremen,de Bundesliga,26.0,2000.0,14,12,1074,11.9,1,2,3,1,0,0,3,0,0.25,8,2,25.0,0.67,0.17,0.13,0.5,0,0,57,19,8,11,3,0,0,18,0,,,,,,,,,,,,,,,olivier deman,0.4366,1.3704131
648,Ousmane Dembélé,fr FRA,FW,Paris Saint-Germain,fr Ligue 1,28.0,1997.0,19,9,932,10.4,10,6,16,8,2,3,0,0,1.35,43,17,39.5,4.15,1.64,0.19,0.47,2,3,46,2,0,3,0,0,0,3,0,,,,,,,,,,,,,,,ousmane dembele,6.2081,3.7633231
649,Jessy Deminguet,fr FRA,MF,Metz,fr Ligue 1,28.0,1998.0,30,24,1905,21.2,2,0,2,2,0,0,4,0,0.09,17,7,41.2,0.8,0.33,0.12,0.29,0,0,19,21,19,30,4,0,0,27,0,,,,,,,,,,,,,,,jessy deminguet,0.8105,0.67273288
650,Ermedin Demirović,ba BIH,FW,Stuttgart,de Bundesliga,28.0,1998.0,23,15,1322,14.7,11,3,14,10,1,1,4,0,0.89,34,18,52.9,2.31,1.23,0.29,0.56,1,1,1,9,2,23,4,0,0,33,0,,,,,,,,,,,,,,,ermedin demirovic,5.7574,1.91329852
652,Sepp van den Berg,nl NED,DF,Brentford,eng Premier League,24.0,2001.0,30,29,2664,29.6,0,1,1,0,0,0,2,0,0.03,22,7,31.8,0.74,0.24,0.0,0.0,0,0,0,8,26,11,2,0,0,14,0,,,,,,,,,,,,,,,sepp van den berg,2.6323,0.9292036
653,Branco van den Boomen,nl NED,MF,Angers,fr Ligue 1,30.0,1995.0,13,12,1058,11.8,0,1,1,0,0,1,3,0,0.09,12,5,41.7,1.02,0.43,0.0,0.0,0,1,63,13,7,6,3,0,0,15,0,,,,,,,,,,,,,,,branco van den boomen,0.3534,1.5159773
654,Leander Dendoncker,be BEL,MF,Oviedo,es La Liga,31.0,1995.0,19,15,1330,14.8,1,0,1,1,0,0,2,0,0.07,9,4,44.4,0.61,0.27,0.11,0.25,0,0,5,25,11,3,2,0,0,12,0,,,,,,,,,,,,,,,leander dendoncker,0.8047,0.46455553
656,Nelson Deossa,co COL,MF,Real Betis,es La Liga,26.0,2000.0,18,7,640,7.1,0,0,0,0,0,0,3,0,0.0,17,0,0.0,2.39,0.0,0.0,,0,0,6,7,5,23,3,0,0,16,0,,,,,,,,,,,,,,,nelson deossa,0.4498,0.28574649
659,Bahmed Deuff,mr MTN,MF,Nantes,fr Ligue 1,20.0,2006.0,11,1,250,2.8,0,0,0,0,0,0,1,0,0.0,7,3,42.9,2.52,1.08,0.0,0.0,0,0,1,3,2,3,1,0,0,6,0,,,,,,,,,,,,,,,bahmed deuff,0.1927,0.16563569
660,Justin Devenny,nir NIR,"MF,FW",Crystal Palace,eng Premier League,22.0,2003.0,20,6,706,7.8,1,0,1,0,1,1,0,0,0.0,13,4,30.8,1.66,0.51,0.0,0.0,1,1,14,11,1,9,0,0,0,10,0,,,,,,,,,,,,,,,justin devenny,2.6207,0.35114287
662,Kiernan Dewsbury-Hall,eng ENG,MF,Everton,eng Premier League,27.0,1998.0,28,27,2364,26.3,8,4,12,8,0,0,6,0,0.46,36,14,38.9,1.37,0.53,0.22,0.57,0,0,100,24,13,42,6,0,0,29,0,,,,,,,,,,,,,,,kiernan dewsbury-hall,3.6843,4.7497446
664,Giovanni Di Lorenzo,it ITA,"DF,MF",Napoli,it Serie A,32.0,1993.0,23,23,2009,22.3,1,1,2,1,0,0,1,0,0.09,23,8,34.8,1.03,0.36,0.04,0.13,0,0,34,26,9,21,1,0,0,31,0,,,,,,,,,,,,,,,giovanni di lorenzo,1.8855,2.72553278
666,Boulaye Dia,sn SEN,"FW,MF",Lazio,it Serie A,29.0,1996.0,24,13,1133,12.6,1,2,3,1,0,0,1,0,0.24,11,6,54.5,0.87,0.48,0.09,0.17,0,0,0,7,3,12,1,0,0,18,0,,,,,,,,,,,,,,,boulaye dia,2.1258,0.41429249
667,Ibrahim Diabaté,ci CIV,FW,Alavés,es La Liga,26.0,1999.0,6,3,360,4.0,1,0,1,1,0,0,0,0,0.25,8,2,25.0,2.0,0.5,0.13,0.5,0,0,0,0,2,2,0,0,0,4,0,,,,,,,,,,,,,,,ibrahim diabate,0.7675,0.01762656
669,Mouctar Diakhaby,gn GUI,DF,Valencia,es La Liga,29.0,1996.0,8,7,543,6.0,1,0,1,1,0,0,3,0,0.17,4,3,75.0,0.66,0.5,0.25,0.33,0,0,0,6,9,3,3,0,0,7,0,,,,,,,,,,,,,,,mouctar diakhaby,0.5319,0.073605
670,Bafodé Diakité,fr FRA,DF,Bournemouth,eng Premier League,25.0,2001.0,18,15,1277,14.2,0,0,0,0,0,0,1,0,0.0,1,0,0.0,0.07,0.0,0.0,,0,0,1,15,10,4,1,0,0,8,0,,,,,,,,,,,,,,,bafode diakite,0.0185,0.18310612
671,Amad Diallo,ci CIV,MF,Manchester Utd,eng Premier League,23.0,2002.0,29,24,2087,23.2,2,2,4,2,0,0,2,0,0.17,48,20,41.7,2.07,0.86,0.04,0.1,0,0,42,22,13,35,2,0,0,19,0,,,,,,,,,,,,,,,amad diallo,4.7447,3.55701391
672,Habib Diallo,sn SEN,FW,Metz,fr Ligue 1,30.0,1995.0,24,21,1882,20.9,4,1,5,4,0,1,0,0,0.24,37,12,32.4,1.77,0.57,0.11,0.33,0,1,4,5,2,29,0,0,0,27,0,,,,,,,,,,,,,,,habib diallo,6.6643,0.50842463
674,Grady Diangana,cd COD,MF,Elche,es La Liga,28.0,1998.0,17,11,763,8.5,1,0,1,1,0,0,2,0,0.12,14,2,14.3,1.65,0.24,0.07,0.5,0,0,11,5,4,16,2,0,0,12,0,,,,,,,,,,,,,,,grady diangana,1.0098,0.55754134
675,Assane Diao,sn SEN,MF,Como,it Serie A,20.0,2005.0,14,10,823,9.1,2,1,3,2,0,0,2,0,0.33,22,8,36.4,2.41,0.87,0.09,0.25,0,0,24,4,2,27,2,0,0,13,0,,,,,,,,,,,,,,,assane diao,0.8579,0.45424424
676,Soriba Diaoune,fr FRA,MF,Lille,fr Ligue 1,18.0,2007.0,10,1,185,2.1,1,1,2,1,0,0,0,0,0.97,10,4,40.0,4.86,1.95,0.1,0.25,0,0,5,2,1,3,0,0,0,5,0,,,,,,,,,,,,,,,soriba diaoune,1.2536,0.38881721
677,Habib Diarra,sn SEN,MF,Sunderland,eng Premier League,22.0,2004.0,18,15,1361,15.1,2,1,3,1,1,1,5,0,0.13,24,8,33.3,1.59,0.53,0.04,0.13,1,1,27,7,4,26,5,0,0,18,0,,,,,,,,,,,,,,,habib diarra,2.9763,0.60389475
679,Rúben Dias,pt POR,DF,Manchester City,eng Premier League,28.0,1997.0,25,23,2051,22.8,2,0,2,2,0,0,3,0,0.09,10,4,40.0,0.44,0.18,0.2,0.5,0,0,9,6,22,9,3,0,0,14,0,,,,,,,,,,,,,,,ruben dias,0.5644,0.62277125
681,Krépin Diatta,sn SEN,"MF,DF",Monaco,fr Ligue 1,27.0,1999.0,18,10,1013,11.3,0,1,1,0,0,0,2,0,0.09,7,1,14.3,0.62,0.09,0.0,0.0,0,0,39,16,15,10,2,0,0,8,0,,,,,,,,,,,,,,,krepin diatta,1.1994,2.30850163
683,Brahim Díaz,ma MAR,"MF,FW",Real Madrid,es La Liga,26.0,1999.0,26,10,1010,11.2,0,5,5,0,0,0,2,0,0.45,11,4,36.4,0.98,0.36,0.0,0.0,0,0,17,10,2,28,2,0,0,18,0,,,,,,,,,,,,,,,brahim diaz,0.7731,2.04611196
685,Julio Diaz,es ESP,DF,Atlético Madrid,es La Liga,21.0,2005.0,4,4,310,3.4,0,1,1,0,0,0,2,0,0.29,1,0,0.0,0.29,0.0,0.0,,0,0,6,3,4,3,2,0,0,4,0,,,,,,,,,,,,,,,julio diaz,0.031,0.3618332
687,Luis Díaz,co COL,MF,Bayern Munich,de Bundesliga,29.0,1997.0,30,26,2326,25.8,15,13,28,15,0,0,7,1,1.08,84,35,41.7,3.25,1.35,0.18,0.43,0,0,42,13,17,37,7,1,1,35,0,,,,,,,,,,,,,,,luis diaz,14.1727,6.9875082
688,Pedro Díaz,es ESP,"MF,FW",Rayo Vallecano,es La Liga,27.0,1998.0,30,18,1608,17.9,0,1,1,0,0,0,1,0,0.06,39,5,12.8,2.18,0.28,0.0,0.0,0,0,36,22,5,10,1,0,0,15,0,,,,,,,,,,,,,,,pedro diaz,1.4048,0.90971238
689,Tyler Dibling,eng ENG,MF,Everton,eng Premier League,20.0,2006.0,14,4,358,4.0,0,0,0,0,0,0,2,0,0.0,4,0,0.0,1.01,0.0,0.0,,0,0,7,3,6,11,2,0,0,11,0,,,,,,,,,,,,,,,tyler dibling,0.1993,0.15515412
693,Eric Dier,eng ENG,DF,Monaco,fr Ligue 1,32.0,1994.0,9,7,688,7.6,1,0,1,1,0,0,0,0,0.13,3,2,66.7,0.39,0.26,0.33,0.5,0,0,2,2,10,4,0,0,0,9,0,,,,,,,,,,,,,,,eric dier,0.4895,0.3393804
694,Lucas Digne,fr FRA,DF,Aston Villa,eng Premier League,32.0,1993.0,29,20,1745,19.4,0,5,5,0,0,0,3,0,0.26,13,5,38.5,0.67,0.26,0.0,0.0,0,0,103,24,12,12,3,0,0,12,0,,,,,,,,,,,,,,,lucas digne,0.6571,3.07647693
695,Kevin Diks,id IDN,DF,Gladbach,de Bundesliga,29.0,1996.0,28,26,2284,25.4,4,0,4,0,4,4,6,0,0.0,21,12,57.1,0.83,0.47,0.0,0.0,4,4,5,29,21,19,6,0,0,14,0,,,,,,,,,,,,,,,kevin diks,5.012,1.11497754
696,Federico Dimarco,it ITA,MF,Inter,it Serie A,28.0,1997.0,33,29,2618,29.1,6,16,22,6,0,0,3,0,0.76,63,20,31.7,2.17,0.69,0.1,0.3,0,0,289,31,29,22,3,0,0,40,0,,,,,,,,,,,,,,,federico dimarco,4.8916,9.7663354
698,Junior Dina Ebimbe,cm CMR,MF,Brest,fr Ligue 1,25.0,2000.0,25,13,1012,11.2,5,0,5,5,0,0,3,0,0.44,24,8,33.3,2.13,0.71,0.21,0.63,0,0,2,10,4,15,3,0,0,20,0,,,,,,,,,,,,,,,junior dina ebimbe,3.1121,0.59497306
699,Eren Dinkçi,de GER,"MF,FW",Heidenheim,de Bundesliga,24.0,2001.0,12,11,977,10.9,3,1,4,3,0,0,1,0,0.37,21,8,38.1,1.93,0.74,0.14,0.38,0,0,17,13,5,4,1,0,0,7,0,,,,,,,,,,,,,,,eren dinkci,1.5392,1.19298803
700,Eren Dinkçi,de GER,MF,Freiburg,de Bundesliga,24.0,2001.0,8,3,248,2.8,0,0,0,0,0,0,1,0,0.0,4,0,0.0,1.45,0.0,0.0,,0,0,10,4,4,1,1,0,0,2,0,,,,,,,,,,,,,,,eren dinkci,1.5392,1.19298803
701,Sinaly Diomande,ci CIV,DF,Auxerre,fr Ligue 1,25.0,2001.0,22,22,1951,21.7,2,2,4,2,0,0,4,1,0.18,9,4,44.4,0.42,0.18,0.22,0.5,0,0,0,15,31,25,4,1,1,29,0,,,,,,,,,,,,,,,sinaly diomande,1.4098,0.23020722
702,Yan Diomandé,ci CIV,"FW,MF",RB Leipzig,de Bundesliga,19.0,2006.0,31,26,2303,25.6,12,7,19,12,0,0,2,0,0.74,50,24,48.0,1.95,0.94,0.24,0.5,0,0,40,18,15,30,2,0,0,18,0,,,,,,,,,,,,,,,yan diomande,6.5986,9.16014324
703,Issa Diop,ma MAR,DF,Fulham,eng Premier League,29.0,1997.0,10,6,596,6.6,0,0,0,0,0,0,2,0,0.0,1,0,0.0,0.15,0.0,0.0,,0,0,1,2,4,3,2,0,0,7,0,,,,,,,,,,,,,,,issa diop,0.0194,0.03717088
704,Sérigné Diop,sn SEN,FW,Brest,fr Ligue 1,20.0,2005.0,2,0,12,0.1,0,0,0,0,0,0,0,0,0.0,1,0,0.0,7.5,0.0,0.0,,0,0,1,0,0,0,0,0,0,0,0,,,,,,,,,,,,,,,serigne diop,0.1321,0.0459844
705,Sofiane Diop,ma MAR,"MF,FW",Nice,fr Ligue 1,25.0,2000.0,31,24,1979,22.0,7,2,9,5,2,2,5,0,0.32,48,15,31.3,2.18,0.68,0.1,0.33,2,2,31,9,16,43,5,0,0,22,0,,,,,,,,,,,,,,,sofiane diop,5.7251,3.43299361
706,Andy Diouf,fr FRA,MF,Inter,it Serie A,22.0,2003.0,16,1,251,2.8,0,0,0,0,0,0,1,0,0.0,5,2,40.0,1.79,0.72,0.0,0.0,0,0,5,4,1,2,1,0,0,2,0,,,,,,,,,,,,,,,andy diouf,0.2818,1.04801712
707,Andy Diouf,fr FRA,MF,Lens,fr Ligue 1,22.0,2003.0,1,1,90,1.0,0,0,0,0,0,0,0,0,0.0,3,1,33.3,3.0,1.0,0.0,0.0,0,0,0,0,0,1,0,0,0,0,0,,,,,,,,,,,,,,,andy diouf,0.2818,1.04801712
708,El Hadji Malick Diouf,sn SEN,"DF,MF",West Ham United,eng Premier League,21.0,2004.0,29,27,2437,27.1,0,5,5,0,0,0,5,0,0.18,17,3,17.6,0.63,0.11,0.0,0.0,0,0,91,19,29,22,5,0,0,26,0,,,,,,,,,,,,,,,el hadji malick diouf,0.4844,1.8519258
710,Assane Dioussé,sn SEN,MF,Auxerre,fr Ligue 1,28.0,1997.0,15,1,219,2.4,0,0,0,0,0,0,3,0,0.0,4,1,25.0,1.64,0.41,0.0,0.0,0,0,6,1,6,3,3,0,0,7,0,,,,,,,,,,,,,,,assane diousse,0.1216,0.29777494
711,Axel Disasi,fr FRA,DF,West Ham United,eng Premier League,28.0,1998.0,11,11,990,11.0,0,0,0,0,0,0,1,0,0.0,5,3,60.0,0.45,0.27,0.0,0.0,0,0,0,8,7,3,1,0,0,5,1,,,,,,,,,,,,,,,axel disasi,1.0198,0.02078809
715,Berat Djimsiti,al ALB,DF,Atalanta,it Serie A,33.0,1993.0,32,28,2411,26.8,0,0,0,0,0,0,4,0,0.0,15,2,13.3,0.56,0.07,0.0,0.0,0,0,2,30,37,8,4,0,0,16,0,,,,,,,,,,,,,,,berat djimsiti,1.2309,0.67429969
718,Ritsu Doan,jp JPN,MF,Eintracht Frankfurt,de Bundesliga,27.0,1998.0,30,27,2274,25.3,5,5,10,5,0,0,5,0,0.4,38,14,36.8,1.5,0.55,0.13,0.36,0,0,105,22,17,33,5,0,0,25,0,,,,,,,,,,,,,,,ritsu doan,3.0226,5.26182197
719,Dodô,br BRA,"DF,MF",Fiorentina,it Serie A,27.0,1998.0,33,33,2864,31.8,1,2,3,1,0,0,7,0,0.09,24,4,16.7,0.75,0.13,0.04,0.25,0,0,138,16,28,49,7,0,0,19,0,,,,,,,,,,,,,,,dodo,2.0228,3.7801702
720,Danilho Doekhi,nl NED,DF,Union Berlin,de Bundesliga,27.0,1998.0,32,32,2880,32.0,5,0,5,5,0,0,4,0,0.16,41,10,24.4,1.28,0.31,0.12,0.5,0,0,6,30,41,15,4,0,0,27,0,,,,,,,,,,,,,,,danilho doekhi,3.7362,1.5697396
721,Matt Doherty,ie IRL,"DF,MF",Wolves,eng Premier League,34.0,1992.0,11,11,787,8.7,0,0,0,0,0,0,4,0,0.0,3,0,0.0,0.34,0.0,0.0,,0,0,8,8,7,6,4,0,0,16,0,,,,,,,,,,,,,,,matt doherty,0.0893,0.18141303
722,Josh Doig,sct SCO,DF,Sassuolo,it Serie A,23.0,2002.0,30,22,1917,21.3,0,0,0,0,0,0,5,0,0.0,11,4,36.4,0.52,0.19,0.0,0.0,0,0,39,20,22,19,5,0,0,16,0,,,,,,,,,,,,,,,josh doig,0.6824,1.01900205
723,Jeremy Doku,be BEL,"MF,FW",Manchester City,eng Premier League,23.0,2002.0,26,17,1573,17.5,4,5,9,4,0,0,0,0,0.51,31,12,38.7,1.77,0.69,0.13,0.33,0,0,56,15,11,56,0,0,0,22,0,,,,,,,,,,,,,,,jeremy doku,2.1645,4.8916504
724,Tyrhys Dolan,eng ENG,MF,Espanyol,es La Liga,24.0,2001.0,33,26,2205,24.5,1,4,5,1,0,0,6,1,0.2,29,9,31.0,1.18,0.37,0.03,0.11,0,0,99,32,14,43,6,1,1,34,0,,,,,,,,,,,,,,,tyrhys dolan,2.1877,3.59226135
726,Benjamín Domínguez,ar ARG,MF,Bologna,it Serie A,22.0,2003.0,14,6,544,6.0,0,3,3,0,0,0,1,0,0.5,12,2,16.7,1.99,0.33,0.0,0.0,0,0,7,2,2,18,1,0,0,6,0,,,,,,,,,,,,,,,benjamin dominguez,0.6574,0.36901782
727,Carlos Dominguez,es ESP,DF,Celta Vigo,es La Liga,25.0,2001.0,8,6,610,6.8,0,0,0,0,0,0,1,0,0.0,2,1,50.0,0.3,0.15,0.0,0.0,0,0,1,8,5,1,1,0,0,6,0,,,,,,,,,,,,,,,carlos dominguez,0.5243,0.07446759
728,Nicolás Domínguez,ar ARG,MF,Nottingham Forest,eng Premier League,27.0,1998.0,24,15,1035,11.5,1,1,2,1,0,0,3,0,0.17,16,5,31.3,1.39,0.43,0.06,0.2,0,0,13,24,6,10,3,0,0,15,0,,,,,,,,,,,,,,,nicolas dominguez,1.1544,0.62486851
729,Jean-Luc Dompé,fr FRA,"FW,MF",Hamburger SV,de Bundesliga,30.0,1995.0,20,12,1138,12.6,3,0,3,2,1,1,0,0,0.16,25,12,48.0,1.98,0.95,0.08,0.17,1,1,82,5,0,9,0,0,0,2,0,,,,,,,,,,,,,,,jean-luc dompe,2.0813,4.02033476
730,John Donald,es ESP,"DF,MF",Elche,es La Liga,25.0,2000.0,17,6,597,6.6,1,0,1,1,0,0,2,0,0.15,6,2,33.3,0.9,0.3,0.17,0.5,0,0,0,11,7,5,2,0,0,15,0,,,,,,,,,,,,,,,john donald,0.3822,0.07084825
732,Romelle Donovan,eng ENG,FW,Brentford,eng Premier League,19.0,2006.0,4,0,41,0.5,0,0,0,0,0,0,0,0,0.0,3,1,33.3,6.59,2.2,0.0,0.0,0,0,2,0,0,3,0,0,0,2,0,,,,,,,,,,,,,,,romelle donovan,0.0958,0.01732758
733,Patrick Dorgu,dk DEN,MF,Manchester Utd,eng Premier League,21.0,2004.0,23,14,1351,15.0,3,3,6,3,0,0,5,0,0.4,21,7,33.3,1.4,0.47,0.14,0.43,0,0,54,30,14,42,5,0,0,21,0,,,,,,,,,,,,,,,patrick dorgu,1.8222,1.4381283
734,Niklas Dorsch,de GER,MF,Heidenheim,de Bundesliga,28.0,1998.0,30,25,2096,23.3,0,1,1,0,0,0,2,0,0.04,14,3,21.4,0.6,0.13,0.0,0.0,0,0,27,30,16,23,2,0,0,30,0,,,,,,,,,,,,,,,niklas dorsch,0.5888,2.35207986
735,Alberto Dossena,it ITA,DF,Cagliari,it Serie A,27.0,1998.0,9,7,650,7.2,0,1,1,0,0,0,5,0,0.14,6,1,16.7,0.83,0.14,0.0,0.0,0,0,0,10,7,7,5,0,0,10,0,,,,,,,,,,,,,,,alberto dossena,0.5986,0.3402965
737,Fodé Doucouré,ml MLI,"MF,FW",Le Havre,fr Ligue 1,25.0,2001.0,24,13,1096,12.2,3,1,4,3,0,0,2,0,0.33,19,8,42.1,1.56,0.66,0.16,0.38,0,0,71,20,8,4,2,0,0,13,0,,,,,,,,,,,,,,,fode doucoure,1.927,2.13006977
739,Désiré Doué,fr FRA,"FW,MF",Paris Saint-Germain,fr Ligue 1,20.0,2005.0,21,15,1220,13.6,6,3,9,6,0,1,0,0,0.66,49,18,36.7,3.61,1.33,0.12,0.33,0,1,55,19,8,28,0,0,0,23,0,,,,,,,,,,,,,,,desire doue,7.306,2.6931832
740,Guela Doué,ci CIV,"DF,MF",Strasbourg,fr Ligue 1,23.0,2002.0,21,20,1791,19.9,2,6,8,2,0,0,3,0,0.4,12,5,41.7,0.6,0.25,0.17,0.4,0,0,45,35,25,20,3,0,0,40,0,,,,,,,,,,,,,,,guela doue,2.1096,1.92306069
741,Ismaël Doukouré,fr FRA,"DF,MF",Strasbourg,fr Ligue 1,22.0,2003.0,23,23,1892,21.0,0,2,2,0,0,0,3,2,0.1,7,3,42.9,0.33,0.14,0.0,0.0,0,0,3,10,22,15,3,2,0,17,1,,,,,,,,,,,,,,,ismael doukoure,0.4164,0.41933746
742,Kamory Doumbia,ml MLI,MF,Brest,fr Ligue 1,23.0,2003.0,21,19,1536,17.1,5,3,8,5,0,0,6,0,0.47,38,12,31.6,2.23,0.7,0.13,0.42,0,0,19,29,19,19,6,0,0,26,0,,,,,,,,,,,,,,,kamory doumbia,4.5009,2.4020063
743,Anastasios Douvikas,gr GRE,FW,Como,it Serie A,26.0,1999.0,35,22,2020,22.4,12,1,13,11,1,1,0,0,0.53,55,26,47.3,2.45,1.16,0.2,0.42,1,1,4,10,4,39,0,0,0,33,0,,,,,,,,,,,,,,,anastasios douvikas,9.1747,1.4035031
744,Artem Dovbyk,ua UKR,FW,Roma,it Serie A,28.0,1997.0,13,3,390,4.3,3,1,4,3,0,0,0,0,0.92,10,5,50.0,2.31,1.15,0.3,0.6,0,0,1,3,0,6,0,0,0,11,0,,,,,,,,,,,,,,,artem dovbyk,2.345,0.44622872
745,Max Dowman,eng ENG,MF,Arsenal,eng Premier League,16.0,2009.0,5,0,96,1.1,1,0,1,1,0,0,0,0,0.94,6,1,16.7,5.63,0.94,0.17,1.0,0,0,6,2,1,6,0,0,0,1,0,,,,,,,,,,,,,,,max dowman,1.1064,0.15122363
746,Damion Downs,us USA,FW,Hamburger SV,de Bundesliga,21.0,2004.0,12,6,536,6.0,0,0,0,0,0,0,0,0,0.0,7,4,57.1,1.18,0.67,0.0,0.0,0,0,0,2,0,1,0,0,0,8,0,,,,,,,,,,,,,,,damion downs,0.5908,0.14153512
747,Radu Drăgușin,ro ROU,DF,Tottenham Hotspur,eng Premier League,24.0,2002.0,9,5,516,5.7,0,0,0,0,0,0,0,0,0.0,4,0,0.0,0.7,0.0,0.0,,0,0,3,3,16,1,0,0,0,9,0,,,,,,,,,,,,,,,radu dragusin,0.3225,0.02104441
749,Domingos Duarte,pt POR,DF,Getafe,es La Liga,31.0,1995.0,30,30,2582,28.7,1,1,2,1,0,0,10,0,0.07,12,4,33.3,0.42,0.14,0.08,0.25,0,0,0,15,28,21,10,0,0,29,1,,,,,,,,,,,,,,,domingos duarte,0.8269,0.1886617
751,Denzel Dumfries,nl NED,MF,Inter,it Serie A,30.0,1996.0,19,15,1297,14.4,3,1,4,3,0,0,2,0,0.28,23,5,21.7,1.6,0.35,0.13,0.6,0,0,34,9,7,13,2,0,0,20,0,,,,,,,,,,,,,,,denzel dumfries,2.8213,0.8265592
752,Lewis Dunk,eng ENG,DF,Brighton,eng Premier League,34.0,1991.0,30,28,2568,28.5,0,0,0,0,0,0,10,0,0.0,19,2,10.5,0.67,0.07,0.0,0.0,0,0,5,21,29,8,10,0,0,13,0,,,,,,,,,,,,,,,lewis dunk,1.1728,0.5215836
754,Pablo Durán,es ESP,"FW,MF",Celta Vigo,es La Liga,24.0,2001.0,26,16,1284,14.3,2,2,4,2,0,0,1,0,0.28,33,14,42.4,2.31,0.98,0.06,0.14,0,0,13,9,4,11,1,0,0,14,0,,,,,,,,,,,,,,,pablo duran,3.5252,1.16738494
755,Hugo Duro,es ESP,FW,Valencia,es La Liga,26.0,1999.0,32,18,1699,18.9,9,0,9,8,1,1,4,0,0.42,32,12,37.5,1.7,0.64,0.25,0.67,1,1,1,9,3,32,4,0,0,18,0,,,,,,,,,,,,,,,hugo duro,7.049,0.79659028
756,Rafiu Durosinmi,ng NGA,FW,Pisa,it Serie A,23.0,2003.0,12,4,432,4.8,1,1,2,1,0,0,1,1,0.42,9,5,55.6,1.87,1.04,0.11,0.2,0,0,0,0,1,2,1,1,0,15,0,,,,,,,,,,,,,,,rafiu durosinmi,0.849,0.19379475
757,Paulo Dybala,ar ARG,"FW,MF",Roma,it Serie A,32.0,1993.0,19,12,1087,12.1,2,2,4,2,0,1,0,0,0.33,37,15,40.5,3.06,1.24,0.05,0.13,0,1,74,5,3,26,0,0,0,11,0,,,,,,,,,,,,,,,paulo dybala,4.2342,3.11214113
760,Aron Dønnum,no NOR,MF,Toulouse,fr Ligue 1,28.0,1998.0,27,27,2341,26.0,4,4,8,1,3,3,8,0,0.19,39,13,33.3,1.5,0.5,0.03,0.08,3,3,135,29,29,38,8,0,0,37,0,,,,,,,,,,,,,,,aron dnnum,4.6117,5.90938662
762,Younes Ebnoutalib,de GER,FW,Eintracht Frankfurt,de Bundesliga,22.0,2003.0,5,2,133,1.5,1,0,1,1,0,0,0,0,0.68,5,2,40.0,3.38,1.35,0.2,0.5,0,0,0,0,1,2,0,0,0,2,0,,,,,,,,,,,,,,,younes ebnoutalib,0.5995,0.05384499
763,Simon Ebonog,cm CMR,MF,Le Havre,fr Ligue 1,21.0,2004.0,28,21,1722,19.1,1,0,1,1,0,0,7,0,0.05,21,4,19.0,1.1,0.21,0.05,0.25,0,0,16,21,22,31,7,0,0,28,0,,,,,,,,,,,,,,,simon ebonog,1.7654,0.58100325
764,Enzo Ebosse,cm CMR,DF,Hellas Verona,it Serie A,27.0,1999.0,4,3,214,2.4,0,0,0,0,0,0,1,0,0.0,1,0,0.0,0.42,0.0,0.0,,0,0,0,1,0,1,1,0,0,5,0,,,,,,,,,,,,,,,enzo ebosse,0.0488,0.17701937
765,Enzo Ebosse,cm CMR,DF,Torino,it Serie A,27.0,1999.0,11,11,935,10.4,0,1,1,0,0,0,2,0,0.1,0,0,,0.0,0.0,,,0,0,4,6,8,9,2,0,0,15,0,,,,,,,,,,,,,,,enzo ebosse,0.0488,0.17701937
766,Claudio Echeverri,ar ARG,"FW,MF",Girona,es La Liga,20.0,2006.0,13,5,530,5.9,1,1,2,1,0,0,3,0,0.34,16,4,25.0,2.72,0.68,0.06,0.25,0,0,11,6,1,12,3,0,0,4,0,,,,,,,,,,,,,,,claudio echeverri,1.1203,0.43280634
767,Claudio Echeverri,ar ARG,MF,Leverkusen,de Bundesliga,20.0,2006.0,6,1,134,1.5,0,0,0,0,0,0,0,0,0.0,1,0,0.0,0.67,0.0,0.0,,0,0,6,1,1,2,0,0,0,0,0,,,,,,,,,,,,,,,claudio echeverri,1.1203,0.43280634
768,Éderson,br BRA,MF,Atalanta,it Serie A,26.0,1999.0,28,24,2050,22.8,1,0,1,0,1,1,3,0,0.0,34,10,29.4,1.49,0.44,0.0,0.0,1,1,12,31,24,38,3,0,0,33,0,,,,,,,,,,,,,,,ederson,4.0721,1.34399808
769,Noah Edjouma,fr FRA,FW,Toulouse,fr Ligue 1,20.0,2005.0,12,2,256,2.8,0,0,0,0,0,0,0,0,0.0,8,3,37.5,2.81,1.05,0.0,0.0,0,0,12,3,3,4,0,0,0,4,0,,,,,,,,,,,,,,,noah edjouma,0.7695,0.68254186
770,Noah Edjouma,fr FRA,MF,Lille,fr Ligue 1,20.0,2005.0,3,1,92,1.0,0,0,0,0,0,0,0,0,0.0,2,0,0.0,1.96,0.0,0.0,,0,0,6,4,0,2,0,0,0,1,0,,,,,,,,,,,,,,,noah edjouma,0.7695,0.68254186
771,Andrias Edmundsson,fo FRO,DF,Hellas Verona,it Serie A,25.0,2000.0,12,12,1049,11.7,0,0,0,0,0,0,3,0,0.0,4,1,25.0,0.34,0.09,0.0,0.0,0,0,4,13,22,7,3,0,0,12,0,,,,,,,,,,,,,,,andrias edmundsson,0.1931,0.11470062
772,Odsonne Édouard,fr FRA,FW,Crystal Palace,eng Premier League,28.0,1998.0,1,0,3,0.0,0,0,0,0,0,0,0,0,0.0,0,0,,0.0,0.0,,,0,0,0,1,0,1,0,0,0,0,0,,,,,,,,,,,,,,,odsonne edouard,10.3428,1.61915036
773,Odsonne Édouard,fr FRA,FW,Lens,fr Ligue 1,28.0,1998.0,28,25,1736,19.3,12,3,15,11,1,1,2,0,0.73,56,30,53.6,2.9,1.56,0.2,0.37,1,1,1,4,3,17,2,0,0,21,0,,,,,,,,,,,,,,,odsonne edouard,10.3428,1.61915036
774,Tom Edozie,eng ENG,MF,Wolves,eng Premier League,19.0,2006.0,3,0,14,0.2,1,0,1,1,0,0,0,0,6.43,2,1,50.0,12.86,6.43,0.5,1.0,0,0,0,0,0,0,0,0,0,0,0,,,,,,,,,,,,,,,tom edozie,0.2275,0.00074395
777,Marcus Edwards,eng ENG,"MF,FW",Burnley,eng Premier League,27.0,1998.0,22,11,1051,11.7,1,3,4,1,0,0,0,0,0.34,22,6,27.3,1.88,0.51,0.05,0.17,0,0,18,6,3,18,0,0,0,7,0,,,,,,,,,,,,,,,marcus edwards,1.4763,1.70483203
779,Maximilian Eggestein,de GER,MF,Freiburg,de Bundesliga,29.0,1996.0,32,32,2880,32.0,3,1,4,3,0,0,4,0,0.12,44,13,29.5,1.37,0.41,0.07,0.23,0,0,14,33,30,20,4,0,0,17,0,,,,,,,,,,,,,,,maximilian eggestein,3.5407,1.57111798
780,Kingsley Ehizibue,nl NED,"MF,DF",Udinese,it Serie A,30.0,1995.0,30,18,1644,18.3,2,0,2,2,0,0,4,0,0.11,8,2,25.0,0.44,0.11,0.25,1.0,0,0,30,29,13,22,4,0,0,32,0,,,,,,,,,,,,,,,kingsley ehizibue,0.1958,0.30444462
781,Ovie Ejaria,eng ENG,MF,Oviedo,es La Liga,28.0,1997.0,8,2,200,2.2,0,0,0,0,0,0,1,0,0.0,3,1,33.3,1.35,0.45,0.0,0.0,0,0,1,2,3,5,1,0,0,3,0,,,,,,,,,,,,,,,ovie ejaria,0.1386,0.39773399
782,Chidera Ejuke,ng NGA,"MF,FW",Sevilla,es La Liga,28.0,1998.0,24,5,791,8.8,1,1,2,1,0,0,0,0,0.23,21,3,14.3,2.39,0.34,0.05,0.33,0,0,20,10,6,13,0,0,0,4,0,,,,,,,,,,,,,,,chidera ejuke,1.2959,0.63684968
783,Hjalmar Ekdal,se SWE,DF,Burnley,eng Premier League,27.0,1998.0,19,17,1539,17.1,0,0,0,0,0,0,0,0,0.0,6,1,16.7,0.35,0.06,0.0,0.0,0,0,1,17,12,7,0,0,0,5,0,,,,,,,,,,,,,,,hjalmar ekdal,0.211,0.26716562
784,Jeff Ekhator,it ITA,"FW,MF",Genoa,it Serie A,19.0,2006.0,28,8,859,9.5,3,0,3,3,0,0,3,0,0.31,17,4,23.5,1.78,0.42,0.18,0.75,0,0,9,8,2,19,3,0,0,20,0,,,,,,,,,,,,,,,jeff ekhator,2.1178,0.20204301
785,Hugo Ekitike,fr FRA,FW,Liverpool,eng Premier League,23.0,2002.0,28,21,1803,20.0,11,4,15,11,0,0,0,0,0.75,65,19,29.2,3.24,0.95,0.17,0.58,0,0,7,7,4,12,0,0,0,35,0,,,,,,,,,,,,,,,hugo ekitike,9.87,2.67287125
786,Jurgen Ekkelenkamp,nl NED,MF,Udinese,it Serie A,26.0,2000.0,31,27,2186,24.3,5,3,8,5,0,0,1,0,0.33,33,15,45.5,1.36,0.62,0.15,0.33,0,0,32,27,18,19,1,0,0,22,0,,,,,,,,,,,,,,,jurgen ekkelenkamp,4.5862,1.70583719
787,Jacques Ekomie,ga GAB,DF,Angers,fr Ligue 1,22.0,2003.0,30,24,2123,23.6,0,0,0,0,0,0,3,0,0.0,10,3,30.0,0.42,0.13,0.0,0.0,0,0,62,32,30,30,3,0,0,27,0,,,,,,,,,,,,,,,jacques ekomie,0.9499,0.99668725
788,Caleb Ekuban,gh GHA,"FW,MF",Genoa,it Serie A,32.0,1994.0,29,6,955,10.6,4,1,5,4,0,0,0,0,0.47,26,10,38.5,2.45,0.94,0.15,0.4,0,0,5,1,5,28,0,0,0,16,0,,,,,,,,,,,,,,,caleb ekuban,3.5228,0.80391842
789,Anthony Elanga,se SWE,"FW,MF",Newcastle United,eng Premier League,24.0,2002.0,30,14,1288,14.3,0,1,1,0,0,0,0,0,0.07,16,4,25.0,1.12,0.28,0.0,0.0,0,0,80,11,3,23,0,0,0,8,0,,,,,,,,,,,,,,,anthony elanga,1.4632,1.7271904
790,Daniel Elfadli,ly LBY,DF,Hamburger SV,de Bundesliga,29.0,1997.0,21,15,1253,13.9,0,0,0,0,0,0,6,1,0.0,4,1,25.0,0.29,0.07,0.0,0.0,0,0,0,14,20,15,6,1,1,20,0,,,,,,,,,,,,,,,daniel elfadli,0.4053,0.38929754
791,Unai Elgezabal,es ESP,"DF,MF",Levante,es La Liga,33.0,1993.0,12,11,958,10.6,1,0,1,1,0,0,2,0,0.09,3,1,33.3,0.28,0.09,0.33,1.0,0,0,0,4,4,6,2,0,0,11,1,,,,,,,,,,,,,,,unai elgezabal,0.668,0.35103357
793,Mikael Ellertsson,is ISL,MF,Genoa,it Serie A,24.0,2002.0,33,28,2497,27.7,1,1,2,1,0,0,1,1,0.07,26,6,23.1,0.94,0.22,0.04,0.17,0,0,30,25,14,36,1,1,0,25,0,,,,,,,,,,,,,,,mikael ellertsson,2.2075,1.6587071
794,Harvey Elliott,eng ENG,"FW,MF",Liverpool,eng Premier League,23.0,2003.0,1,0,1,0.0,0,0,0,0,0,0,0,0,0.0,0,0,,0.0,0.0,,,0,0,0,0,0,0,0,0,0,0,0,,,,,,,,,,,,,,,harvey elliott,0.291,0.09142751
795,Harvey Elliott,eng ENG,MF,Aston Villa,eng Premier League,23.0,2003.0,4,1,112,1.2,0,0,0,0,0,0,0,0,0.0,5,0,0.0,4.02,0.0,0.0,,0,0,3,0,0,2,0,0,0,0,0,,,,,,,,,,,,,,,harvey elliott,0.291,0.09142751
797,Nesta Elphege,fr FRA,FW,Parma,it Serie A,25.0,2001.0,7,1,205,2.3,2,1,3,2,0,0,0,0,1.32,4,2,50.0,1.76,0.88,0.5,1.0,0,0,0,0,0,0,0,0,0,1,0,,,,,,,,,,,,,,,nesta elphege,0.7328,0.06315407
798,Aritz Elustondo,es ESP,DF,Real Sociedad,es La Liga,32.0,1994.0,13,6,547,6.1,0,0,0,0,0,0,0,0,0.0,3,2,66.7,0.49,0.33,0.0,0.0,0,0,3,6,8,7,0,0,0,14,0,,,,,,,,,,,,,,,aritz elustondo,0.3311,0.05053483
799,Nico Elvedi,ch SUI,DF,Gladbach,de Bundesliga,29.0,1996.0,32,32,2876,32.0,0,0,0,0,0,0,5,0,0.0,8,0,0.0,0.25,0.0,0.0,,0,0,1,31,38,15,5,0,0,18,0,,,,,,,,,,,,,,,nico elvedi,0.3956,1.22294939
800,Breel Embolo,ch SUI,FW,Rennes,fr Ligue 1,29.0,1997.0,29,20,1803,20.0,8,3,11,8,0,0,3,0,0.55,35,16,45.7,1.75,0.8,0.23,0.5,0,0,7,13,4,55,3,0,0,46,0,,,,,,,,,,,,,,,breel embolo,7.7732,1.17868156
802,Emersonn,br BRA,FW,Toulouse,fr Ligue 1,21.0,2004.0,26,18,1469,16.3,6,2,8,6,0,0,5,1,0.49,51,19,37.3,3.12,1.16,0.12,0.32,0,0,8,8,7,8,5,1,0,39,0,,,,,,,,,,,,,,,emersonn,6.5181,0.70021094
803,Julio Enciso,py PAR,"MF,FW",Strasbourg,fr Ligue 1,22.0,2004.0,24,19,1613,17.9,2,2,4,2,0,0,2,0,0.22,48,18,37.5,2.68,1.0,0.04,0.11,0,0,53,9,6,26,2,0,0,17,0,,,,,,,,,,,,,,,julio enciso,5.6916,3.71336676
804,Wataru Endo,jp JPN,DF,Liverpool,eng Premier League,33.0,1993.0,8,1,175,1.9,0,1,1,0,0,0,1,0,0.51,1,0,0.0,0.51,0.0,0.0,,0,0,3,3,0,3,1,0,0,2,0,,,,,,,,,,,,,,,wataru endo,0.0386,0.05474669
805,Endrick,br BRA,FW,Real Madrid,es La Liga,19.0,2006.0,1,0,12,0.1,0,0,0,0,0,0,0,1,0.0,0,0,,0.0,0.0,,,0,0,0,0,0,1,0,1,0,0,0,,,,,,,,,,,,,,,endrick,5.0547,2.02040641
806,Endrick,br BRA,"FW,MF",Lyon,fr Ligue 1,19.0,2006.0,14,12,1055,11.7,5,6,11,4,1,1,3,1,0.85,40,23,57.5,3.41,1.96,0.1,0.17,1,1,36,8,2,18,3,1,0,16,0,,,,,,,,,,,,,,,endrick,5.0547,2.02040641
807,Yannik Engelhardt,de GER,MF,Gladbach,de Bundesliga,25.0,2001.0,29,27,2307,25.6,2,2,4,2,0,0,7,0,0.16,20,5,25.0,0.78,0.2,0.1,0.4,0,0,5,22,33,32,7,0,0,38,0,,,,,,,,,,,,,,,yannik engelhardt,1.4887,1.2798835
808,Christian Eriksen,dk DEN,MF,Wolfsburg,de Bundesliga,34.0,1992.0,29,25,2255,25.1,3,8,11,0,3,3,4,0,0.32,33,11,33.3,1.32,0.44,0.0,0.0,3,3,116,19,16,4,4,0,0,13,0,,,,,,,,,,,,,,,christian eriksen,4.4326,5.78370043
811,Carlos Espí,es ESP,FW,Levante,es La Liga,20.0,2005.0,22,10,1079,12.0,9,0,9,9,0,0,3,0,0.75,44,20,45.5,3.67,1.67,0.2,0.45,0,0,1,5,5,20,3,0,0,25,0,,,,,,,,,,,,,,,carlos espi,3.564,0.11372252
814,Sebastiano Esposito,it ITA,"FW,MF",Cagliari,it Serie A,23.0,2002.0,33,31,2415,26.8,6,5,11,5,1,1,6,0,0.37,48,14,29.2,1.79,0.52,0.1,0.36,1,1,116,30,16,47,6,0,0,41,0,,,,,,,,,,,,,,,sebastiano esposito,4.1328,3.6513996
819,Maxime Estève,fr FRA,DF,Burnley,eng Premier League,23.0,2002.0,32,32,2761,30.7,0,0,0,0,0,0,1,0,0.0,10,1,10.0,0.33,0.03,0.0,0.0,0,0,6,24,35,12,1,0,0,13,2,,,,,,,,,,,,,,,maxime esteve,0.7226,0.64686798
821,Nahuel Estévez,ar ARG,MF,Parma,it Serie A,30.0,1995.0,30,9,1017,11.3,0,0,0,0,0,0,2,0,0.0,9,1,11.1,0.8,0.09,0.0,0.0,0,0,42,9,5,12,2,0,0,10,0,,,,,,,,,,,,,,,nahuel estevez,0.5668,0.68131746
822,Pervis Estupiñán,ec ECU,MF,Milan,it Serie A,28.0,1998.0,18,13,1023,11.4,1,1,2,1,0,0,4,1,0.18,9,1,11.1,0.79,0.09,0.11,1.0,0,0,18,9,11,6,4,1,0,17,0,,,,,,,,,,,,,,,pervis estupinan,0.3916,1.23214142
825,Evanilson,br BRA,FW,Bournemouth,eng Premier League,26.0,1999.0,33,29,2540,28.2,6,1,7,6,0,0,2,0,0.25,67,23,34.3,2.37,0.81,0.09,0.26,0,0,3,4,4,32,2,0,0,24,0,,,,,,,,,,,,,,,evanilson,9.3241,1.20674555
826,Edu Expósito,es ESP,MF,Espanyol,es La Liga,29.0,1996.0,32,28,2205,24.5,1,6,7,1,0,0,9,0,0.29,38,11,28.9,1.55,0.45,0.03,0.09,0,0,230,24,22,37,9,0,0,25,0,,,,,,,,,,,,,,,edu exposito,1.8985,6.02305419
827,Eberechi Eze,eng ENG,"MF,FW",Arsenal,eng Premier League,27.0,1998.0,29,19,1658,18.4,7,2,9,7,0,0,1,0,0.49,50,15,30.0,2.71,0.81,0.14,0.47,0,0,8,12,10,33,1,0,0,14,0,,,,,,,,,,,,,,,eberechi eze,3.8304,2.50638319
828,Eberechi Eze,eng ENG,MF,Crystal Palace,eng Premier League,27.0,1998.0,1,1,83,0.9,0,0,0,0,0,0,0,0,0.0,6,2,33.3,6.51,2.17,0.0,0.0,0,0,4,1,0,1,0,0,0,2,0,,,,,,,,,,,,,,,eberechi eze,3.8304,2.50638319
830,Giovanni Fabbian,it ITA,MF,Bologna,it Serie A,23.0,2003.0,14,8,705,7.8,2,0,2,2,0,0,0,0,0.26,14,4,28.6,1.79,0.51,0.14,0.5,0,0,2,4,5,18,0,0,0,13,0,,,,,,,,,,,,,,,giovanni fabbian,1.9999,0.81368216
831,Giovanni Fabbian,it ITA,MF,Fiorentina,it Serie A,23.0,2003.0,13,3,360,4.0,0,0,0,0,0,0,2,0,0.0,4,1,25.0,1.0,0.25,0.0,0.0,0,0,4,1,1,8,2,0,0,5,0,,,,,,,,,,,,,,,giovanni fabbian,1.9999,0.81368216
832,Alieu Fadera,gm GAM,FW,Sassuolo,it Serie A,24.0,2001.0,28,8,987,11.0,2,1,3,2,0,0,5,0,0.27,13,4,30.8,1.19,0.36,0.15,0.5,0,0,24,23,5,36,5,0,0,36,0,,,,,,,,,,,,,,,alieu fadera,2.1004,1.17431867
833,Wout Faes,be BEL,DF,Monaco,fr Ligue 1,28.0,1998.0,12,12,1018,11.3,0,0,0,0,0,0,3,0,0.0,5,1,20.0,0.44,0.09,0.0,0.0,0,0,1,10,13,3,3,0,0,13,0,,,,,,,,,,,,,,,wout faes,0.3964,0.54364431
834,Nicolò Fagioli,it ITA,MF,Fiorentina,it Serie A,25.0,2001.0,31,28,2401,26.7,2,3,5,2,0,0,5,0,0.19,32,7,21.9,1.2,0.26,0.06,0.29,0,0,83,29,17,42,5,0,0,21,0,,,,,,,,,,,,,,,nicolo fagioli,2.3687,3.33645143
835,Romain Faivre,fr FRA,"MF,FW",Auxerre,fr Ligue 1,27.0,1998.0,10,7,581,6.5,0,2,2,0,0,0,0,0,0.31,11,3,27.3,1.7,0.46,0.0,0.0,0,0,14,4,6,10,0,0,0,5,0,,,,,,,,,,,,,,,romain faivre,0.5467,0.93894431
838,Ansu Fati,es ESP,"MF,FW",Monaco,fr Ligue 1,23.0,2002.0,23,9,971,10.8,10,0,10,7,3,4,1,0,0.65,39,21,53.8,3.61,1.95,0.18,0.33,3,4,7,9,2,6,1,0,0,9,0,,,,,,,,,,,,,,,ansu fati,9.0487,1.21258916
839,Abdoulaye Faye,sn SEN,DF,Lorient,fr Ligue 1,21.0,2004.0,15,14,1293,14.4,0,0,0,0,0,0,7,0,0.0,8,2,25.0,0.56,0.14,0.0,0.0,0,0,3,21,28,15,7,0,0,22,0,,,,,,,,,,,,,,,abdoulaye faye,0.5734,0.14454835
840,Jacopo Fazzini,it ITA,"MF,FW",Fiorentina,it Serie A,23.0,2003.0,20,5,584,6.5,0,0,0,0,0,0,2,0,0.0,9,1,11.1,1.39,0.15,0.0,0.0,0,0,16,10,5,15,2,0,0,12,0,,,,,,,,,,,,,,,jacopo fazzini,1.0582,0.7292275
841,Aleix Febas,es ESP,MF,Elche,es La Liga,30.0,1996.0,33,33,2921,32.5,2,2,4,2,0,0,8,0,0.12,21,8,38.1,0.65,0.25,0.1,0.25,0,0,20,44,26,105,8,0,0,29,0,,,,,,,,,,,,,,,aleix febas,1.9108,2.55592421
842,Mattia Felici,it ITA,MF,Cagliari,it Serie A,25.0,2001.0,11,4,411,4.6,2,1,3,2,0,0,3,0,0.66,9,6,66.7,1.97,1.31,0.22,0.33,0,0,23,6,5,6,3,0,0,10,0,,,,,,,,,,,,,,,mattia felici,0.6203,0.34823391
843,Luiz Felipe,it ITA,DF,Rayo Vallecano,es La Liga,29.0,1997.0,10,7,470,5.2,0,0,0,0,0,0,1,0,0.0,3,1,33.3,0.57,0.19,0.0,0.0,0,0,0,8,7,1,1,0,0,5,0,,,,,,,,,,,,,,,luiz felipe,0.3808,0.01541862
846,Robin Fellhauer,de GER,MF,Augsburg,de Bundesliga,28.0,1998.0,32,30,2632,29.2,2,2,4,2,0,0,2,0,0.14,26,7,26.9,0.89,0.24,0.08,0.29,0,0,88,43,21,32,2,0,0,24,0,,,,,,,,,,,,,,,robin fellhauer,1.8852,2.10348984
847,Kiko Femenía,es ESP,"DF,MF",Getafe,es La Liga,35.0,1991.0,28,25,2008,22.3,1,1,2,1,0,0,6,0,0.09,8,3,37.5,0.36,0.13,0.13,0.33,0,0,43,24,36,11,6,0,0,21,0,,,,,,,,,,,,,,,kiko femenia,0.686,1.29226517
848,Evan Ferguson,ie IRL,FW,Roma,it Serie A,21.0,2004.0,16,10,773,8.6,3,2,5,3,0,0,1,0,0.58,27,15,55.6,3.14,1.75,0.11,0.2,0,0,2,4,1,9,1,0,0,11,0,,,,,,,,,,,,,,,evan ferguson,2.6228,0.93835688
849,Lewis Ferguson,sct SCO,MF,Bologna,it Serie A,26.0,1999.0,24,14,1341,14.9,1,0,1,1,0,0,7,1,0.07,11,2,18.2,0.74,0.13,0.09,0.5,0,0,24,13,10,23,7,1,1,30,0,,,,,,,,,,,,,,,lewis ferguson,0.6277,1.13135
850,Bruno Fernandes,pt POR,MF,Manchester Utd,eng Premier League,31.0,1994.0,32,32,2793,31.0,8,19,27,4,4,6,5,0,0.74,77,22,28.6,2.48,0.71,0.05,0.18,4,6,163,32,18,35,5,0,0,23,0,,,,,,,,,,,,,,,bruno fernandes,10.4214,9.6441125
851,Mateus Fernandes,pt POR,MF,West Ham United,eng Premier League,21.0,2004.0,33,32,2746,30.5,3,3,6,3,0,0,7,0,0.2,23,5,21.7,0.75,0.16,0.13,0.6,0,0,49,61,33,47,7,0,0,45,0,,,,,,,,,,,,,,,mateus fernandes,1.249,2.46719034
853,Dro Fernández,es ESP,MF,Barcelona,es La Liga,18.0,2008.0,4,1,92,1.0,0,0,0,0,0,0,0,0,0.0,0,0,,0.0,0.0,,,0,0,0,0,0,1,0,0,0,1,0,,,,,,,,,,,,,,,dro fernandez,0.7226,0.37571019
854,Dro Fernández,es ESP,MF,Paris Saint-Germain,fr Ligue 1,18.0,2008.0,9,5,457,5.1,1,0,1,1,0,0,0,0,0.2,4,2,50.0,0.79,0.39,0.25,0.5,0,0,2,3,7,10,0,0,0,7,0,,,,,,,,,,,,,,,dro fernandez,0.7226,0.37571019
855,Enzo Fernández,ar ARG,MF,Chelsea,eng Premier League,25.0,2001.0,33,32,2845,31.6,8,3,11,6,2,2,8,0,0.28,68,28,41.2,2.15,0.89,0.09,0.21,2,2,83,23,19,40,8,0,0,30,0,,,,,,,,,,,,,,,enzo fernandez,10.7896,6.1916952
856,Ezequiél Fernández,ar ARG,MF,Leverkusen,de Bundesliga,23.0,2002.0,20,12,984,10.9,0,1,1,0,0,0,4,1,0.09,11,1,9.1,1.01,0.09,0.0,0.0,0,0,4,17,14,24,4,1,1,14,0,,,,,,,,,,,,,,,ezequiel fernandez,0.6835,1.12870695
857,Manu Fernández,es ESP,DF,Celta Vigo,es La Liga,25.0,2001.0,14,9,758,8.4,0,0,0,0,0,0,2,0,0.0,2,0,0.0,0.24,0.0,0.0,,0,0,0,9,7,7,2,0,0,8,0,,,,,,,,,,,,,,,manu fernandez,0.0522,0.09293786
859,Roberto Férnandez,es ESP,FW,Espanyol,es La Liga,23.0,2002.0,34,22,2124,23.6,6,2,8,5,1,1,3,0,0.3,55,21,38.2,2.33,0.89,0.09,0.24,1,1,8,4,5,39,3,0,0,33,0,,,,,,,,,,,,,,,roberto fernandez,7.2968,2.34358968
860,Thiago Fernández,ar ARG,MF,Oviedo,es La Liga,22.0,2004.0,13,7,641,7.1,0,4,4,0,0,0,3,0,0.56,12,5,41.7,1.68,0.7,0.0,0.0,0,0,22,5,5,11,3,0,0,6,0,,,,,,,,,,,,,,,thiago fernandez,0.3546,2.12372382
863,Álvaro Fidalgo,mx MEX,MF,Real Betis,es La Liga,29.0,1997.0,7,7,486,5.4,1,0,1,1,0,0,0,0,0.19,4,2,50.0,0.74,0.37,0.25,0.5,0,0,6,5,3,6,0,0,0,2,0,,,,,,,,,,,,,,,alvaro fidalgo,0.4733,0.12999577
865,Max Finkgräfe,de GER,DF,RB Leipzig,de Bundesliga,22.0,2004.0,11,4,392,4.4,1,1,2,1,0,0,2,0,0.46,4,2,50.0,0.92,0.46,0.25,0.5,0,0,32,8,7,2,2,0,0,3,0,,,,,,,,,,,,,,,max finkgrafe,0.0778,0.41658102
866,Junior Firpo,do DOM,DF,Real Betis,es La Liga,29.0,1996.0,10,8,672,7.5,0,1,1,0,0,0,2,0,0.13,5,0,0.0,0.67,0.0,0.0,,0,0,18,13,8,7,2,0,0,10,0,,,,,,,,,,,,,,,junior firpo,0.4604,0.67986735
868,Kilian Fischer,de GER,DF,Wolfsburg,de Bundesliga,25.0,2000.0,11,10,800,8.9,0,0,0,0,0,0,0,0,0.0,2,0,0.0,0.23,0.0,0.0,,0,0,16,13,12,4,0,0,0,10,1,,,,,,,,,,,,,,,kilian fischer,0.107,0.32069977
870,Zian Flemming,nl NED,FW,Burnley,eng Premier League,27.0,1998.0,26,18,1517,16.9,9,0,9,7,2,2,3,0,0.42,45,19,42.2,2.67,1.13,0.16,0.37,2,2,6,6,6,25,3,0,0,41,0,,,,,,,,,,,,,,,zian flemming,6.583,0.31485103
871,Jack Fletcher,eng ENG,MF,Manchester Utd,eng Premier League,19.0,2007.0,3,0,108,1.2,0,0,0,0,0,0,0,0,0.0,1,0,0.0,0.83,0.0,0.0,,0,0,0,1,1,1,0,0,0,2,0,,,,,,,,,,,,,,,jack fletcher,0.0348,0.03119804
874,Phil Foden,eng ENG,MF,Manchester City,eng Premier League,25.0,2000.0,29,21,1849,20.5,7,3,10,7,0,0,4,0,0.49,52,17,32.7,2.53,0.83,0.13,0.41,0,0,107,13,9,28,4,0,0,17,0,,,,,,,,,,,,,,,phil foden,5.7232,4.02498123
875,Malick Fofana,be BEL,"MF,FW",Lyon,fr Ligue 1,21.0,2005.0,10,9,727,8.1,2,1,3,2,0,0,1,0,0.37,18,9,50.0,2.23,1.11,0.11,0.22,0,0,26,5,3,21,1,0,0,11,0,,,,,,,,,,,,,,,malick fofana,2.7095,1.83611366
876,Rayan Fofana,fr FRA,"FW,MF",Lens,fr Ligue 1,20.0,2006.0,25,7,798,8.9,5,0,5,5,0,0,0,0,0.56,36,12,33.3,4.06,1.35,0.14,0.42,0,0,6,4,1,34,0,0,0,15,0,,,,,,,,,,,,,,,rayan fofana,5.5559,0.20905406
877,Sadik Fofana,tg TOG,MF,Lecce,it Serie A,22.0,2003.0,5,1,84,0.9,0,0,0,0,0,0,0,0,0.0,2,0,0.0,2.14,0.0,0.0,,0,0,0,2,0,1,0,0,0,3,0,,,,,,,,,,,,,,,sadik fofana,0.1579,0.12182813
878,Seko Fofana,ci CIV,MF,Rennes,fr Ligue 1,31.0,1995.0,12,7,655,7.3,1,0,1,1,0,0,0,0,0.14,9,3,33.3,1.24,0.41,0.11,0.33,0,0,7,2,3,13,0,0,0,3,0,,,,,,,,,,,,,,,seko fofana,0.6183,0.0691615
879,Wesley Fofana,fr FRA,DF,Chelsea,eng Premier League,25.0,2000.0,22,17,1491,16.6,0,1,1,0,0,0,7,1,0.06,8,1,12.5,0.48,0.06,0.0,0.0,0,0,2,11,30,14,7,1,1,20,0,,,,,,,,,,,,,,,wesley fofana,0.7214,0.60325864
880,Youssouf Fofana,fr FRA,MF,Milan,it Serie A,27.0,1999.0,30,26,2036,22.6,2,3,5,2,0,0,4,0,0.22,42,16,38.1,1.86,0.71,0.05,0.13,0,0,10,18,16,16,4,0,0,19,0,,,,,,,,,,,,,,,youssouf fofana,3.2995,3.35728745
881,Jonas Föhrenbach,de GER,"DF,MF",Heidenheim,de Bundesliga,30.0,1996.0,25,23,2145,23.8,1,1,2,1,0,0,3,0,0.08,6,1,16.7,0.25,0.04,0.17,1.0,0,0,78,22,30,17,3,0,0,16,0,,,,,,,,,,,,,,,jonas fohrenbach,0.5496,2.67703593
882,Francesco Folino,it ITA,DF,Cremonese,it Serie A,24.0,2002.0,17,7,716,8.0,1,0,1,1,0,0,1,0,0.13,2,1,50.0,0.25,0.13,0.5,1.0,0,0,1,4,2,9,1,0,0,11,0,,,,,,,,,,,,,,,francesco folino,0.1242,0.04380819
883,Michael Folorunsho,it ITA,"MF,FW",Cagliari,it Serie A,28.0,1998.0,25,23,1908,21.2,2,0,2,2,0,0,3,0,0.09,31,9,29.0,1.46,0.42,0.06,0.22,0,0,21,10,10,44,3,0,0,34,0,,,,,,,,,,,,,,,michael folorunsho,2.8532,0.89344527
884,Nicolas Fonseca,uy URU,MF,Oviedo,es La Liga,27.0,1998.0,16,9,805,8.9,0,0,0,0,0,0,6,0,0.0,7,1,14.3,0.78,0.11,0.0,0.0,0,0,3,21,16,9,6,0,0,19,0,,,,,,,,,,,,,,,nicolas fonseca,0.2697,0.27457049
885,Álex Forés,es ESP,FW,Oviedo,es La Liga,25.0,2001.0,15,2,296,3.3,0,1,1,0,0,0,0,0,0.3,8,2,25.0,2.43,0.61,0.0,0.0,0,0,2,0,1,4,0,0,0,3,0,,,,,,,,,,,,,,,alex fores,1.2118,0.04378832
886,Pablo Fornals,es ESP,MF,Real Betis,es La Liga,30.0,1996.0,34,31,2619,29.1,7,5,12,7,0,0,2,0,0.41,39,16,41.0,1.34,0.55,0.18,0.44,0,0,136,25,32,24,2,0,0,30,0,,,,,,,,,,,,,,,pablo fornals,3.5962,5.375689
887,Héctor Fort,es ESP,"DF,MF",Elche,es La Liga,19.0,2006.0,11,6,410,4.6,1,2,3,1,0,0,0,0,0.66,11,4,36.4,2.41,0.88,0.09,0.25,0,0,6,3,5,1,0,0,0,4,0,,,,,,,,,,,,,,,hector fort,0.5487,0.17712844
888,Niccolò Fortini,it ITA,MF,Fiorentina,it Serie A,20.0,2006.0,16,2,541,6.0,0,0,0,0,0,0,0,0,0.0,8,2,25.0,1.33,0.33,0.0,0.0,0,0,29,9,4,18,0,0,0,5,0,,,,,,,,,,,,,,,niccolo fortini,0.2453,0.81832764
889,Lyle Foster,za RSA,"FW,MF",Burnley,eng Premier League,25.0,2000.0,25,15,1349,15.0,3,2,5,3,0,0,4,0,0.33,20,6,30.0,1.33,0.4,0.15,0.5,0,0,6,12,4,13,4,0,0,22,0,,,,,,,,,,,,,,,lyle foster,3.1254,0.48271677
890,Dimitri Foulquier,fr FRA,DF,Valencia,es La Liga,33.0,1993.0,15,12,1150,12.8,0,0,0,0,0,0,1,0,0.0,6,1,16.7,0.47,0.08,0.0,0.0,0,0,11,9,8,7,1,0,0,16,0,,,,,,,,,,,,,,,dimitri foulquier,0.5715,0.27053974
891,Juan Foyth,ar ARG,DF,Villarreal,es La Liga,28.0,1998.0,13,12,934,10.4,0,0,0,0,0,0,2,0,0.0,2,0,0.0,0.19,0.0,0.0,,0,0,0,13,15,1,2,0,0,8,0,,,,,,,,,,,,,,,juan foyth,0.1248,0.17769759
892,Alejandro Francés,es ESP,DF,Girona,es La Liga,23.0,2002.0,21,8,846,9.4,0,2,2,0,0,0,1,1,0.21,9,4,44.4,0.96,0.43,0.0,0.0,0,0,18,13,13,20,1,1,0,12,0,,,,,,,,,,,,,,,alejandro frances,0.4992,0.89447673
894,Davide Frattesi,it ITA,MF,Inter,it Serie A,26.0,1999.0,21,3,524,5.8,0,0,0,0,0,0,0,0,0.0,14,4,28.6,2.4,0.69,0.0,0.0,0,0,2,7,3,11,0,0,0,8,0,,,,,,,,,,,,,,,davide frattesi,1.8621,0.15513778
898,Morten Frendrup,dk DEN,MF,Genoa,it Serie A,25.0,2001.0,33,32,2811,31.2,1,0,1,1,0,0,5,0,0.03,8,3,37.5,0.26,0.1,0.13,0.33,0,0,4,64,38,37,5,0,0,38,0,,,,,,,,,,,,,,,morten frendrup,0.3966,0.86667978
899,Martin Frese,dk DEN,"MF,DF",Hellas Verona,it Serie A,28.0,1998.0,28,24,2166,24.1,2,0,2,2,0,0,7,0,0.08,19,10,52.6,0.79,0.42,0.11,0.2,0,0,69,48,27,18,7,0,0,41,1,,,,,,,,,,,,,,,martin frese,1.6822,2.22800499
900,Remo Freuler,ch SUI,MF,Bologna,it Serie A,34.0,1992.0,26,23,1968,21.9,1,2,3,1,0,0,5,0,0.14,6,1,16.7,0.27,0.05,0.17,1.0,0,0,18,30,14,22,5,0,0,18,1,,,,,,,,,,,,,,,remo freuler,0.8438,0.90658114
901,Marco Friedl,at AUT,DF,Werder Bremen,de Bundesliga,28.0,1998.0,28,28,2411,26.8,1,0,1,1,0,0,9,1,0.04,8,2,25.0,0.3,0.07,0.13,0.5,0,0,15,23,33,16,9,1,0,16,0,,,,,,,,,,,,,,,marco friedl,0.6777,1.05473174
903,Jeremie Frimpong,nl NED,"DF,MF",Liverpool,eng Premier League,25.0,2000.0,19,11,933,10.4,0,1,1,0,0,0,1,0,0.1,9,1,11.1,0.87,0.1,0.0,0.0,0,0,47,9,6,17,1,0,0,8,0,,,,,,,,,,,,,,,jeremie frimpong,0.4308,1.43260806
904,Jorge de Frutos,es ESP,"FW,MF",Rayo Vallecano,es La Liga,29.0,1997.0,32,29,2230,24.8,10,1,11,9,1,1,3,0,0.4,59,26,44.1,2.38,1.05,0.15,0.35,1,1,42,14,10,36,3,0,0,32,0,,,,,,,,,,,,,,,jorge de frutos,9.5491,2.33425997
905,Chris Führich,de GER,MF,Stuttgart,de Bundesliga,28.0,1998.0,31,18,1540,17.1,7,6,13,7,0,0,1,0,0.76,42,22,52.4,2.45,1.29,0.17,0.32,0,0,70,8,3,6,1,0,0,5,0,,,,,,,,,,,,,,,chris fuhrich,3.8221,7.02195227
907,Niclas Füllkrug,de GER,FW,West Ham United,eng Premier League,33.0,1993.0,8,5,409,4.5,0,0,0,0,0,0,0,0,0.0,9,3,33.3,1.98,0.66,0.0,0.0,0,0,0,1,2,1,0,0,0,11,0,,,,,,,,,,,,,,,niclas fullkrug,3.8984,0.32333032
908,Niclas Füllkrug,de GER,FW,Milan,it Serie A,33.0,1993.0,17,3,573,6.4,1,0,1,1,0,1,0,0,0.16,16,5,31.3,2.51,0.79,0.06,0.2,0,1,1,2,3,8,0,0,0,7,0,,,,,,,,,,,,,,,niclas fullkrug,3.8984,0.32333032
910,Matteo Gabbia,it ITA,DF,Milan,it Serie A,26.0,1999.0,27,25,2260,25.1,0,0,0,0,0,0,3,0,0.0,18,3,16.7,0.72,0.12,0.0,0.0,0,0,1,11,13,5,3,0,0,21,0,,,,,,,,,,,,,,,matteo gabbia,1.3372,0.13429903
911,Tiago Gabriel,pt POR,DF,Lecce,it Serie A,21.0,2004.0,34,33,2949,32.8,2,0,2,2,0,0,5,0,0.06,19,4,21.1,0.58,0.12,0.11,0.5,0,0,2,37,44,38,5,0,0,25,1,,,,,,,,,,,,,,,tiago gabriel,3.3467,0.11801914
912,Gianluca Gaetano,it ITA,"MF,FW",Cagliari,it Serie A,26.0,2000.0,30,18,1642,18.2,2,3,5,2,0,0,4,0,0.27,26,8,30.8,1.43,0.44,0.08,0.25,0,0,33,14,17,27,4,0,0,25,0,,,,,,,,,,,,,,,gianluca gaetano,1.517,1.54992146
913,Roberto Gagliardini,it ITA,MF,Hellas Verona,it Serie A,32.0,1994.0,27,23,2092,23.2,1,0,1,1,0,0,8,0,0.04,15,3,20.0,0.65,0.13,0.07,0.33,0,0,15,39,54,33,8,0,0,42,0,,,,,,,,,,,,,,,roberto gagliardini,1.2325,0.78293293
914,Cody Gakpo,nl NED,"MF,FW",Liverpool,eng Premier League,27.0,1999.0,33,29,2498,27.8,7,5,12,7,0,0,3,0,0.43,83,21,25.3,2.99,0.76,0.08,0.33,0,0,86,14,11,42,3,0,0,41,0,,,,,,,,,,,,,,,cody gakpo,7.1843,4.59659478
915,Javi Galán,es ESP,DF,Osasuna,es La Liga,31.0,1994.0,17,17,1499,16.7,0,1,1,0,0,0,2,0,0.06,5,1,20.0,0.3,0.06,0.0,0.0,0,0,66,28,26,32,2,0,0,26,0,,,,,,,,,,,,,,,javi galan,0.166,2.15821694
916,Javi Galán,es ESP,DF,Atlético Madrid,es La Liga,31.0,1994.0,5,1,134,1.5,0,0,0,0,0,0,0,0,0.0,0,0,,0.0,0.0,,,0,0,5,2,1,3,0,0,0,2,0,,,,,,,,,,,,,,,javi galan,0.166,2.15821694
917,Iñigo Ruiz de Galarreta,es ESP,MF,Athletic Club,es La Liga,32.0,1993.0,31,27,1995,22.2,1,2,3,1,0,0,10,0,0.14,20,2,10.0,0.9,0.09,0.05,0.5,0,0,52,32,19,36,10,0,0,48,0,,,,,,,,,,,,,,,inigo ruiz de galarreta,0.6777,2.34887687
918,Conor Gallagher,eng ENG,MF,Tottenham Hotspur,eng Premier League,26.0,2000.0,13,11,923,10.3,1,1,2,1,0,0,2,0,0.2,7,3,42.9,0.68,0.29,0.14,0.33,0,0,18,10,16,20,2,0,0,17,0,,,,,,,,,,,,,,,conor gallagher,0.604,0.5695911
919,Conor Gallagher,eng ENG,MF,Atlético Madrid,es La Liga,26.0,2000.0,19,4,679,7.5,2,0,2,2,0,0,2,0,0.27,13,5,38.5,1.72,0.66,0.15,0.4,0,0,11,12,11,9,2,0,0,18,0,,,,,,,,,,,,,,,conor gallagher,0.604,0.5695911
920,Antonino Gallo,it ITA,DF,Lecce,it Serie A,26.0,2000.0,34,31,2786,31.0,0,4,4,0,0,0,2,0,0.13,5,1,20.0,0.16,0.03,0.0,0.0,0,0,122,35,14,13,2,0,0,6,0,,,,,,,,,,,,,,,antonino gallo,0.4608,1.93330609
921,Idrissa Gana Gueye,sn SEN,MF,Everton,eng Premier League,36.0,1989.0,25,25,2093,23.3,2,3,5,2,0,0,1,1,0.22,29,7,24.1,1.25,0.3,0.07,0.29,0,0,19,21,29,31,1,1,0,21,0,,,,,,,,,,,,,,,idrissa gana gueye,1.61,1.64777426
922,Ignatius Ganago,cm CMR,"FW,MF",Nantes,fr Ligue 1,27.0,1999.0,13,10,839,9.3,3,1,4,2,1,1,1,0,0.32,23,7,30.4,2.47,0.75,0.09,0.29,1,1,9,3,2,13,1,0,0,11,0,,,,,,,,,,,,,,,ignatius ganago,2.1393,0.23104418
923,Omri Gandelman,il ISR,"MF,FW",Lecce,it Serie A,25.0,2000.0,17,10,918,10.2,2,0,2,2,0,0,0,0,0.2,10,3,30.0,0.98,0.29,0.2,0.67,0,0,4,5,4,3,0,0,0,12,0,,,,,,,,,,,,,,,omri gandelman,1.3967,0.32744799
924,Ismaëlo Ganiou,fr FRA,DF,Lens,fr Ligue 1,21.0,2005.0,21,21,1872,20.8,3,0,3,3,0,0,4,1,0.14,19,4,21.1,0.91,0.19,0.16,0.75,0,0,17,24,25,21,4,1,1,23,0,,,,,,,,,,,,,,,ismaelo ganiou,1.7806,0.79899011
925,Ben Gannon-Doak,sct SCO,MF,Bournemouth,eng Premier League,20.0,2005.0,7,0,79,0.9,0,1,1,0,0,0,0,0,1.14,1,0,0.0,1.14,0.0,0.0,,0,0,2,1,1,1,0,0,0,3,0,,,,,,,,,,,,,,,ben gannon-doak,0.0863,0.08971644
926,Facundo Garcés,my MAS,DF,Alavés,es La Liga,26.0,1999.0,10,8,793,8.8,0,0,0,0,0,0,3,0,0.0,8,4,50.0,0.91,0.45,0.0,0.0,0,0,1,8,7,3,3,0,0,13,0,,,,,,,,,,,,,,,facundo garces,0.3487,0.06993259
927,Aleix García,es ESP,MF,Leverkusen,de Bundesliga,28.0,1997.0,31,29,2520,28.0,2,7,9,2,0,0,6,0,0.32,27,4,14.8,0.96,0.14,0.07,0.5,0,0,116,18,21,19,6,0,0,8,0,,,,,,,,,,,,,,,aleix garcia,1.936,5.23428541
928,Álvaro García,es ESP,"MF,FW",Rayo Vallecano,es La Liga,33.0,1992.0,31,22,2056,22.8,4,5,9,4,0,0,3,0,0.39,47,19,40.4,2.06,0.83,0.09,0.21,0,0,89,15,14,12,3,0,0,18,0,,,,,,,,,,,,,,,alvaro garcia,6.5044,5.23590241
930,Eder García,es ESP,FW,Athletic Club,es La Liga,22.0,2004.0,2,0,38,0.4,0,0,0,0,0,0,1,0,0.0,1,0,0.0,2.37,0.0,0.0,,0,0,0,0,0,0,1,0,0,2,0,,,,,,,,,,,,,,,eder garcia,0.0288,0.00264323
931,Eric García,es ESP,"DF,MF",Barcelona,es La Liga,25.0,2001.0,31,29,2508,27.9,1,1,2,1,0,0,6,0,0.07,24,7,29.2,0.86,0.25,0.04,0.14,0,0,13,41,46,24,6,0,0,32,0,,,,,,,,,,,,,,,eric garcia,2.9169,2.08435632
932,Fran Garcia,es ESP,"DF,MF",Real Madrid,es La Liga,26.0,1999.0,11,8,749,8.3,1,1,2,1,0,0,2,1,0.24,5,2,40.0,0.6,0.24,0.2,0.5,0,0,26,12,5,11,2,1,1,5,0,,,,,,,,,,,,,,,fran garcia,0.7471,0.47905467
933,Gonzalo García,es ESP,FW,Real Madrid,es La Liga,22.0,2004.0,26,6,731,8.1,4,1,5,4,0,0,2,0,0.62,16,9,56.3,1.97,1.11,0.25,0.44,0,0,1,7,2,3,2,0,0,7,0,,,,,,,,,,,,,,,gonzalo garcia,3.9804,0.76275353
936,Pablo Garcia,es ESP,MF,Real Betis,es La Liga,19.0,2006.0,15,2,388,4.3,0,0,0,0,0,0,1,0,0.0,13,4,30.8,3.02,0.93,0.0,0.0,0,0,3,5,3,9,1,0,0,5,0,,,,,,,,,,,,,,,pablo garcia,1.374,0.126053
937,Rubén García,es ESP,"MF,FW",Osasuna,es La Liga,32.0,1993.0,32,26,2078,23.1,2,5,7,2,0,0,5,0,0.3,26,9,34.6,1.13,0.39,0.08,0.22,0,0,132,30,15,24,5,0,0,33,0,,,,,,,,,,,,,,,ruben garcia,1.6163,4.30192195
938,Ulisses Garcia,ch SUI,"MF,DF",Marseille,fr Ligue 1,30.0,1996.0,4,2,211,2.3,0,0,0,0,0,0,1,1,0.0,2,1,50.0,0.85,0.43,0.0,0.0,0,0,1,2,0,2,1,1,0,4,0,,,,,,,,,,,,,,,ulisses garcia,0.0565,0.89449919
939,Ulisses Garcia,ch SUI,DF,Sassuolo,it Serie A,30.0,1996.0,11,8,763,8.5,1,1,2,1,0,0,3,0,0.24,2,1,50.0,0.24,0.12,0.5,1.0,0,0,30,9,7,1,3,0,0,10,0,,,,,,,,,,,,,,,ulisses garcia,0.0565,0.89449919
940,Víctor García,es ESP,"MF,FW",Levante,es La Liga,28.0,1997.0,20,11,980,10.9,2,1,3,2,0,0,1,0,0.28,19,8,42.1,1.74,0.73,0.11,0.25,0,0,59,14,6,11,1,0,0,13,0,,,,,,,,,,,,,,,victor garcia,0.887,0.92737605
941,Alejandro Garnacho,ar ARG,MF,Chelsea,eng Premier League,21.0,2004.0,23,14,1266,14.1,1,4,5,1,0,0,2,0,0.36,33,7,21.2,2.35,0.5,0.03,0.14,0,0,61,12,4,23,2,0,0,9,0,,,,,,,,,,,,,,,alejandro garnacho,3.2722,3.65776867
942,James Garner,eng ENG,"MF,DF",Everton,eng Premier League,25.0,2001.0,35,35,3143,34.9,2,7,9,2,0,0,10,0,0.26,42,12,28.6,1.2,0.34,0.05,0.17,0,0,182,67,53,35,10,0,0,34,0,,,,,,,,,,,,,,,james garner,1.9303,4.8936355
944,Federico Gatti,it ITA,DF,Juventus,it Serie A,27.0,1998.0,18,11,988,11.0,2,0,2,2,0,0,3,0,0.18,12,6,50.0,1.09,0.55,0.17,0.33,0,0,2,8,11,6,3,0,0,14,0,,,,,,,,,,,,,,,federico gatti,1.9499,0.11655731
949,Jean-Philippe Gbamin,ci CIV,"DF,MF",Metz,fr Ligue 1,30.0,1995.0,29,29,2384,26.5,1,1,2,1,0,0,2,1,0.08,14,7,50.0,0.53,0.26,0.07,0.14,0,0,4,26,26,8,2,1,0,22,0,,,,,,,,,,,,,,,jean-philippe gbamin,2.011,0.83118165
950,Yann Gboho,fr FRA,"MF,FW",Toulouse,fr Ligue 1,25.0,2001.0,30,29,2512,27.9,8,2,10,8,0,0,1,1,0.36,54,16,29.6,1.93,0.57,0.15,0.5,0,0,33,14,13,67,1,1,0,16,0,,,,,,,,,,,,,,,yann gboho,5.7624,4.33581268
952,Lutsharel Geertruida,nl NED,"DF,MF",Sunderland,eng Premier League,25.0,2000.0,25,14,1423,15.8,0,0,0,0,0,0,1,0,0.0,8,2,25.0,0.51,0.13,0.0,0.0,0,0,7,20,17,5,1,0,0,14,0,,,,,,,,,,,,,,,lutsharel geertruida,0.8655,0.73477277
954,Tyrique George,eng ENG,FW,Chelsea,eng Premier League,20.0,2006.0,4,0,145,1.6,0,0,0,0,0,0,2,0,0.0,3,2,66.7,1.86,1.24,0.0,0.0,0,0,1,2,0,1,2,0,0,6,0,,,,,,,,,,,,,,,tyrique george,0.5269,0.16462888
955,Tyrique George,eng ENG,MF,Everton,eng Premier League,20.0,2006.0,8,1,160,1.8,0,0,0,0,0,0,0,0,0.0,6,2,33.3,3.38,1.13,0.0,0.0,0,0,6,2,1,0,0,0,0,2,0,,,,,,,,,,,,,,,tyrique george,0.5269,0.16462888
956,Yannick Gerhardt,de GER,MF,Wolfsburg,de Bundesliga,32.0,1994.0,17,12,1027,11.4,1,0,1,1,0,0,1,0,0.09,10,1,10.0,0.88,0.09,0.1,1.0,0,0,7,8,9,14,1,0,0,20,0,,,,,,,,,,,,,,,yannick gerhardt,0.7752,0.5481762
957,Willem Geubbels,fr FRA,FW,Paris FC,fr Ligue 1,24.0,2001.0,22,10,876,9.7,4,0,4,3,1,1,0,0,0.31,27,7,25.9,2.77,0.72,0.11,0.43,1,1,7,2,5,3,0,0,0,16,0,,,,,,,,,,,,,,,willem geubbels,5.0049,0.64704719
958,Ismaël Gharbi,tn TUN,MF,Augsburg,de Bundesliga,22.0,2004.0,6,0,94,1.0,0,0,0,0,0,0,0,0,0.0,3,0,0.0,2.87,0.0,0.0,,0,0,4,1,0,8,0,0,0,2,0,,,,,,,,,,,,,,,ismael gharbi,0.2289,0.10066753
960,Rachid Ghezzal,dz ALG,"MF,FW",Lyon,fr Ligue 1,34.0,1992.0,10,2,225,2.5,0,0,0,0,0,0,0,0,0.0,4,1,25.0,1.6,0.4,0.0,0.0,0,0,15,4,1,2,0,0,0,9,0,,,,,,,,,,,,,,,rachid ghezzal,0.2894,0.14593564
961,Daniele Ghilardi,it ITA,DF,Roma,it Serie A,23.0,2003.0,21,8,1014,11.3,0,0,0,0,0,0,1,0,0.0,1,0,0.0,0.09,0.0,0.0,,0,0,3,13,20,16,1,0,0,23,0,,,,,,,,,,,,,,,daniele ghilardi,0.1759,0.24680625
964,Morgan Gibbs-White,eng ENG,MF,Nottingham Forest,eng Premier League,26.0,2000.0,35,33,2917,32.4,13,4,17,12,1,1,1,0,0.49,75,28,37.3,2.31,0.86,0.16,0.43,1,1,38,15,10,39,1,0,0,25,0,,,,,,,,,,,,,,,morgan gibbs-white,9.3795,2.19394961
965,Bryan Gil,es ESP,MF,Girona,es La Liga,25.0,2001.0,26,17,1421,15.8,0,3,3,0,0,0,5,0,0.19,21,6,28.6,1.33,0.38,0.0,0.0,0,0,47,18,9,37,5,0,0,17,0,,,,,,,,,,,,,,,bryan gil,1.7587,2.49260552
967,Billy Gilmour,sct SCO,MF,Napoli,it Serie A,24.0,2001.0,15,8,736,8.2,1,0,1,1,0,0,1,0,0.12,10,3,30.0,1.22,0.37,0.1,0.33,0,0,5,6,10,6,1,0,0,8,0,,,,,,,,,,,,,,,billy gilmour,0.6323,0.97922301
968,Benedikt Gimber,de GER,DF,Heidenheim,de Bundesliga,29.0,1997.0,21,18,1436,16.0,0,0,0,0,0,0,6,0,0.0,4,1,25.0,0.25,0.06,0.0,0.0,0,0,5,21,15,31,6,0,0,27,0,,,,,,,,,,,,,,,benedikt gimber,0.2512,0.35915496
969,Santiago Giménez,mx MEX,FW,Milan,it Serie A,25.0,2001.0,13,8,723,8.0,0,0,0,0,0,0,2,0,0.0,22,7,31.8,2.74,0.87,0.0,0.0,0,0,1,4,1,11,2,0,0,9,0,,,,,,,,,,,,,,,santiago gimenez,2.8828,0.50585435
970,Gvidas Gineitis,lt LTU,MF,Torino,it Serie A,22.0,2004.0,28,22,1711,19.0,0,1,1,0,0,0,5,0,0.05,26,5,19.2,1.37,0.26,0.0,0.0,0,0,62,26,23,32,5,0,0,42,0,,,,,,,,,,,,,,,gvidas gineitis,0.6773,1.80629936
971,Matthias Ginter,de GER,DF,Freiburg,de Bundesliga,32.0,1994.0,30,30,2692,29.9,2,3,5,2,0,0,3,0,0.17,17,6,35.3,0.57,0.2,0.12,0.33,0,0,13,14,22,19,3,0,0,16,0,,,,,,,,,,,,,,,matthias ginter,2.0399,2.80998165
972,Giovane,br BRA,"FW,MF",Hellas Verona,it Serie A,22.0,2003.0,21,19,1533,17.0,3,4,7,3,0,0,2,0,0.41,47,25,53.2,2.76,1.47,0.06,0.12,0,0,56,9,5,15,2,0,0,21,0,,,,,,,,,,,,,,,giovane,3.5548,1.87305186
973,Giovane,br BRA,FW,Napoli,it Serie A,22.0,2003.0,11,1,263,2.9,0,1,1,0,0,0,0,0,0.34,7,1,14.3,2.4,0.34,0.0,0.0,0,0,10,0,1,8,0,0,0,3,0,,,,,,,,,,,,,,,giovane,3.5548,1.87305186
974,Olivier Giroud,fr FRA,FW,Lille,fr Ligue 1,39.0,1986.0,29,17,1564,17.4,7,1,8,4,3,4,2,0,0.29,40,15,37.5,2.3,0.86,0.1,0.27,3,4,2,8,4,29,2,0,0,27,0,,,,,,,,,,,,,,,olivier giroud,8.166,1.56589994
975,Jamie Gittens,eng ENG,MF,Chelsea,eng Premier League,21.0,2004.0,16,5,495,5.5,0,2,2,0,0,0,0,0,0.36,10,2,20.0,1.82,0.36,0.0,0.0,0,0,13,4,2,8,0,0,0,6,0,,,,,,,,,,,,,,,jamie gittens,0.8183,0.9303351
976,Robert Glatzel,de GER,FW,Hamburger SV,de Bundesliga,32.0,1994.0,19,7,612,6.8,3,2,5,2,1,1,0,0,0.59,16,7,43.8,2.35,1.03,0.13,0.29,1,1,1,1,0,13,0,0,0,9,0,,,,,,,,,,,,,,,robert glatzel,1.891,0.37566956
977,Serge Gnabry,de GER,MF,Bayern Munich,de Bundesliga,30.0,1995.0,21,16,1219,13.5,8,6,14,8,0,0,1,0,1.03,50,17,34.0,3.69,1.26,0.16,0.47,0,0,21,10,4,6,1,0,0,9,0,,,,,,,,,,,,,,,serge gnabry,6.2595,5.0849575
978,Wilfried Gnonto,it ITA,FW,Leeds United,eng Premier League,22.0,2003.0,20,4,456,5.1,0,1,1,0,0,0,3,0,0.2,9,0,0.0,1.78,0.0,0.0,,0,0,17,12,3,9,3,0,0,7,0,,,,,,,,,,,,,,,wilfried gnonto,0.2751,0.57152863
979,Giorgi Gocholeishvili,ge GEO,MF,Hamburger SV,de Bundesliga,25.0,2001.0,24,9,940,10.4,0,2,2,0,0,0,3,1,0.19,14,2,14.3,1.34,0.19,0.0,0.0,0,0,20,14,7,19,3,1,1,13,0,,,,,,,,,,,,,,,giorgi gocholeishvili,0.7578,0.46064684
980,Martial Godo,ci CIV,MF,Strasbourg,fr Ligue 1,23.0,2003.0,25,15,1323,14.7,8,1,9,8,0,0,2,0,0.61,36,14,38.9,2.45,0.95,0.22,0.57,0,0,24,13,12,25,2,0,0,14,0,,,,,,,,,,,,,,,martial godo,7.4182,1.82624015
984,Aleksandr Golovin,ru RUS,MF,Monaco,fr Ligue 1,29.0,1996.0,24,20,1591,17.7,5,5,10,5,0,0,4,1,0.57,34,18,52.9,1.92,1.02,0.15,0.28,0,0,36,16,20,18,4,1,1,29,0,,,,,,,,,,,,,,,aleksandr golovin,3.5425,1.7654995
986,Angel Gomes,eng ENG,MF,Marseille,fr Ligue 1,25.0,2000.0,14,12,888,9.9,3,0,3,3,0,0,4,0,0.3,11,5,45.5,1.11,0.51,0.27,0.6,0,0,7,5,4,12,4,0,0,19,0,,,,,,,,,,,,,,,angel gomes,0.2129,0.24389624
987,Angel Gomes,eng ENG,"MF,FW",Wolves,eng Premier League,25.0,2000.0,10,6,394,4.4,0,0,0,0,0,0,1,0,0.0,5,2,40.0,1.14,0.46,0.0,0.0,0,0,11,4,1,8,1,0,0,6,0,,,,,,,,,,,,,,,angel gomes,0.2129,0.24389624
988,João Gomes,br BRA,MF,Wolves,eng Premier League,25.0,2001.0,33,30,2651,29.5,1,1,2,1,0,0,10,0,0.07,19,7,36.8,0.65,0.24,0.05,0.14,0,0,31,65,33,45,10,0,0,64,0,,,,,,,,,,,,,,,joao gomes,1.1854,1.86734617
989,Rodrigo Gomes,pt POR,"MF,FW",Wolves,eng Premier League,22.0,2003.0,19,7,771,8.6,3,0,3,3,0,0,0,0,0.35,16,6,37.5,1.87,0.7,0.19,0.5,0,0,22,15,8,8,0,0,0,5,0,,,,,,,,,,,,,,,rodrigo gomes,1.8071,0.32885916
990,Toti Gomes,pt POR,DF,Wolves,eng Premier League,27.0,1999.0,17,16,1309,14.5,0,0,0,0,0,0,2,1,0.0,5,2,40.0,0.34,0.14,0.0,0.0,0,0,11,11,11,11,2,1,0,11,0,,,,,,,,,,,,,,,toti gomes,0.2245,0.21642194
991,Diego Gómez,py PAR,"MF,FW",Brighton,eng Premier League,23.0,2003.0,30,25,2036,22.6,5,1,6,5,0,0,9,0,0.27,36,14,38.9,1.59,0.62,0.14,0.36,0,0,22,48,17,10,9,0,0,49,0,,,,,,,,,,,,,,,diego gomez,5.3698,1.68692749
992,Joe Gomez,eng ENG,DF,Liverpool,eng Premier League,28.0,1997.0,18,6,526,5.8,0,2,2,0,0,0,2,0,0.34,3,1,33.3,0.51,0.17,0.0,0.0,0,0,15,7,8,0,2,0,0,10,0,,,,,,,,,,,,,,,joe gomez,0.2268,0.63120563
993,Moi Gómez,es ESP,MF,Osasuna,es La Liga,31.0,1994.0,23,11,1076,12.0,0,2,2,0,0,0,3,0,0.17,11,2,18.2,0.92,0.17,0.0,0.0,0,0,30,7,9,20,3,0,0,19,0,,,,,,,,,,,,,,,moi gomez,0.3932,1.2752017
994,Sergio Gómez,es ESP,DF,Real Sociedad,es La Liga,25.0,2000.0,31,27,2420,26.9,0,3,3,0,0,0,3,1,0.11,10,0,0.0,0.37,0.0,0.0,,0,0,138,48,28,13,3,1,0,42,0,,,,,,,,,,,,,,,sergio gomez,0.9364,3.83948554
995,Unai Gómez,es ESP,"MF,FW",Athletic Club,es La Liga,22.0,2003.0,22,9,734,8.2,1,1,2,1,0,0,1,0,0.25,14,3,21.4,1.72,0.37,0.07,0.33,0,0,23,7,2,5,1,0,0,9,0,,,,,,,,,,,,,,,unai gomez,1.536,0.92708708
996,Valentín Gómez,ar ARG,DF,Real Betis,es La Liga,22.0,2003.0,24,16,1600,17.8,1,0,1,1,0,0,5,0,0.06,10,4,40.0,0.56,0.23,0.1,0.25,0,0,12,24,20,11,5,0,0,23,0,,,,,,,,,,,,,,,valentin gomez,0.7442,0.63401699
997,Tidiam Gomis,fr FRA,FW,RB Leipzig,de Bundesliga,19.0,2006.0,17,2,330,3.7,1,0,1,1,0,0,1,0,0.27,9,3,33.3,2.45,0.82,0.11,0.33,0,0,6,2,0,3,1,0,0,4,0,,,,,,,,,,,,,,,tidiam gomis,0.4889,0.34881045
1000,Nicolás González,es ESP,MF,Manchester City,eng Premier League,24.0,2002.0,24,16,1479,16.4,1,0,1,1,0,0,6,0,0.06,13,2,15.4,0.79,0.12,0.08,0.5,0,0,2,29,23,18,6,0,0,29,0,,,,,,,,,,,,,,,nicolas gonzalez,3.343,1.92763395
1001,Nicolás González,ar ARG,"MF,DF",Atlético Madrid,es La Liga,28.0,1998.0,24,18,1448,16.1,5,0,5,5,0,0,4,1,0.31,43,21,48.8,2.67,1.31,0.12,0.24,0,0,27,16,11,25,4,1,0,28,0,,,,,,,,,,,,,,,nicolas gonzalez,3.343,1.92763395
1002,Nicolás González,ar ARG,"FW,MF",Juventus,it Serie A,28.0,1998.0,2,0,19,0.2,0,0,0,0,0,0,0,0,0.0,2,0,0.0,9.47,0.0,0.0,,0,0,0,0,0,3,0,0,0,0,0,,,,,,,,,,,,,,,nicolas gonzalez,3.343,1.92763395
1003,Urko González,es ESP,MF,Espanyol,es La Liga,25.0,2001.0,31,24,2264,25.2,0,1,1,0,0,0,6,0,0.04,16,1,6.3,0.64,0.04,0.0,0.0,0,0,11,28,23,36,6,0,0,40,0,,,,,,,,,,,,,,,urko gonzalez,0.6773,0.55092979
1004,Urko González,es ESP,"DF,MF",Real Sociedad,es La Liga,25.0,2001.0,1,0,11,0.1,0,0,0,0,0,0,0,0,0.0,0,0,,0.0,0.0,,,0,0,0,0,0,0,0,0,0,0,0,,,,,,,,,,,,,,,urko gonzalez,0.6773,0.55092979
1005,Anthony Gordon,eng ENG,FW,Newcastle United,eng Premier League,25.0,2001.0,26,24,1795,19.9,6,2,8,3,3,3,3,1,0.25,48,20,41.7,2.41,1.0,0.06,0.15,3,3,69,13,3,40,3,1,0,13,0,,,,,,,,,,,,,,,anthony gordon,8.8261,3.3672756
1006,Leon Goretzka,de GER,MF,Bayern Munich,de Bundesliga,31.0,1995.0,29,23,1820,20.2,5,2,7,5,0,0,4,0,0.35,32,11,34.4,1.58,0.54,0.16,0.45,0,0,6,15,24,15,4,0,0,14,0,,,,,,,,,,,,,,,leon goretzka,3.8156,3.28721641
1007,Andoni Gorosabel,es ESP,DF,Athletic Club,es La Liga,29.0,1996.0,20,13,1115,12.4,0,1,1,0,0,0,3,0,0.08,5,1,20.0,0.4,0.08,0.0,0.0,0,0,42,20,14,11,3,0,0,11,0,,,,,,,,,,,,,,,andoni gorosabel,0.2484,0.81598337
1008,Jon Gorrotxategi,es ESP,MF,Real Sociedad,es La Liga,24.0,2002.0,28,24,2064,22.9,1,3,4,1,0,0,7,0,0.17,12,1,8.3,0.52,0.04,0.08,1.0,0,0,5,28,30,25,7,0,0,31,1,,,,,,,,,,,,,,,jon gorrotxategi,0.7028,0.50148624
1010,Alimami Gory,ml MLI,"MF,DF",Paris FC,fr Ligue 1,29.0,1996.0,22,8,882,9.8,3,1,4,3,0,0,2,0,0.41,13,3,23.1,1.33,0.31,0.23,1.0,0,0,10,9,8,13,2,0,0,11,0,,,,,,,,,,,,,,,alimami gory,1.9545,0.53172971
1011,Robin Gosens,de GER,"DF,MF",Fiorentina,it Serie A,31.0,1994.0,23,21,1643,18.3,3,1,4,3,0,0,2,0,0.22,15,7,46.7,0.82,0.38,0.2,0.43,0,0,38,17,17,21,2,0,0,19,0,,,,,,,,,,,,,,,robin gosens,2.7214,1.43216517
1013,Mario Götze,de GER,MF,Eintracht Frankfurt,de Bundesliga,33.0,1992.0,20,7,827,9.2,0,0,0,0,0,0,1,0,0.0,5,0,0.0,0.54,0.0,0.0,,0,0,21,7,4,12,1,0,0,7,0,,,,,,,,,,,,,,,mario gotze,0.565,2.31451328
1014,Amine Gouiri,dz ALG,"FW,MF",Marseille,fr Ligue 1,26.0,2000.0,20,13,1147,12.7,7,3,10,7,0,0,0,0,0.78,34,16,47.1,2.67,1.26,0.21,0.44,0,0,37,8,3,12,0,0,0,10,0,,,,,,,,,,,,,,,amine gouiri,5.4358,2.67535489
1015,Lucas Gourna-Douath,fr FRA,MF,Le Havre,fr Ligue 1,22.0,2003.0,14,13,1184,13.2,0,0,0,0,0,0,5,0,0.0,8,2,25.0,0.61,0.15,0.0,0.0,0,0,5,11,15,32,5,0,0,21,0,,,,,,,,,,,,,,,lucas gourna-douath,0.193,0.3489292
1016,Tiago Gouveia,pt POR,MF,Nice,fr Ligue 1,24.0,2001.0,15,5,532,5.9,0,0,0,0,0,0,3,0,0.0,12,4,33.3,2.03,0.68,0.0,0.0,0,0,4,3,9,9,3,0,0,6,0,,,,,,,,,,,,,,,tiago gouveia,0.846,0.1398144
1017,Jeffrey Gouweleeuw,nl NED,DF,Augsburg,de Bundesliga,34.0,1991.0,9,8,668,7.4,0,1,1,0,0,0,3,0,0.13,5,3,60.0,0.67,0.4,0.0,0.0,0,0,3,7,11,1,3,0,0,6,0,,,,,,,,,,,,,,,jeffrey gouweleeuw,0.1843,0.60530229
1018,Kamil Grabara,pl POL,GK,Wolfsburg,de Bundesliga,27.0,1999.0,32,32,2880,32.0,0,0,0,0,0,0,1,0,0.0,1,0,0.0,0.03,0.0,0.0,,0,0,0,1,1,1,1,0,0,0,0,67.0,2.09,168.0,111.0,64.3,6.0,8.0,18.0,2.0,6.3,11.0,7.0,3.0,1.0,kamil grabara,0.0388,0.09311721
1019,Jonathan Gradit,fr FRA,DF,Lens,fr Ligue 1,33.0,1992.0,10,10,807,9.0,0,0,0,0,0,0,2,1,0.0,2,0,0.0,0.22,0.0,0.0,,0,0,3,12,16,9,2,1,0,15,0,,,,,,,,,,,,,,,jonathan gradit,0.1068,0.20010182
1020,Alberto Grassi,it ITA,MF,Cremonese,it Serie A,31.0,1995.0,27,15,1503,16.7,0,0,0,0,0,0,3,0,0.0,10,3,30.0,0.6,0.18,0.0,0.0,0,0,2,8,30,24,3,0,0,13,0,,,,,,,,,,,,,,,alberto grassi,1.0231,0.71060824
1021,Ryan Gravenberch,nl NED,MF,Liverpool,eng Premier League,23.0,2002.0,33,31,2755,30.6,4,3,7,4,0,0,5,0,0.23,34,10,29.4,1.11,0.33,0.12,0.4,0,0,7,31,41,39,5,0,0,34,0,,,,,,,,,,,,,,,ryan gravenberch,1.6613,2.08579707
1022,Archie Gray,eng ENG,"MF,DF",Tottenham Hotspur,eng Premier League,20.0,2006.0,23,18,1469,16.3,2,2,4,2,0,0,5,0,0.25,11,5,45.5,0.67,0.31,0.18,0.4,0,0,12,8,17,2,5,0,0,12,0,,,,,,,,,,,,,,,archie gray,1.4754,1.17637384
1023,Jack Grealish,eng ENG,MF,Everton,eng Premier League,30.0,1995.0,20,18,1627,18.1,2,6,8,2,0,0,5,1,0.44,26,8,30.8,1.44,0.44,0.08,0.25,0,0,39,15,11,58,5,1,1,13,0,,,,,,,,,,,,,,,jack grealish,2.1457,3.56887946
1024,Mason Greenwood,eng ENG,MF,Marseille,fr Ligue 1,24.0,2001.0,30,27,2286,25.4,15,6,21,10,5,7,4,0,0.63,111,46,41.4,4.37,1.81,0.09,0.22,5,7,106,11,4,26,4,0,0,21,0,,,,,,,,,,,,,,,mason greenwood,12.8626,5.29213798
1025,Michael Gregoritsch,at AUT,FW,Augsburg,de Bundesliga,32.0,1994.0,15,9,759,8.4,4,2,6,3,1,1,2,0,0.59,25,7,28.0,2.96,0.83,0.12,0.43,1,1,5,4,3,16,2,0,0,5,0,,,,,,,,,,,,,,,michael gregoritsch,2.8845,0.265149
1027,Antoine Griezmann,fr FRA,FW,Atlético Madrid,es La Liga,35.0,1991.0,30,9,1151,12.8,7,2,9,7,0,0,1,0,0.7,38,21,55.3,2.97,1.64,0.18,0.33,0,0,60,8,5,6,1,0,0,4,0,,,,,,,,,,,,,,,antoine griezmann,6.3484,2.28061468
1028,Vincenzo Grifo,it ITA,MF,Freiburg,de Bundesliga,33.0,1993.0,31,20,1589,17.7,7,3,10,3,4,4,0,0,0.34,30,12,40.0,1.7,0.68,0.1,0.25,4,4,108,4,15,12,0,0,0,10,0,,,,,,,,,,,,,,,vincenzo grifo,5.6403,4.39500991
1030,Pascal Groß,de GER,MF,Dortmund,de Bundesliga,34.0,1991.0,11,7,613,6.8,0,1,1,0,0,0,0,0,0.15,8,1,12.5,1.17,0.15,0.0,0.0,0,0,23,6,5,4,0,0,0,10,0,,,,,,,,,,,,,,,pascal gro,0.8316,2.77345149
1031,Pascal Groß,de GER,MF,Brighton,eng Premier League,34.0,1991.0,16,15,1366,15.2,1,3,4,1,0,0,2,0,0.26,13,5,38.5,0.86,0.33,0.08,0.2,0,0,101,16,9,12,2,0,0,16,0,,,,,,,,,,,,,,,pascal gro,0.8316,2.77345149
1032,Brajan Gruda,de GER,"MF,FW",RB Leipzig,de Bundesliga,21.0,2004.0,11,6,613,6.8,3,3,6,3,0,0,1,0,0.88,18,10,55.6,2.64,1.47,0.17,0.3,0,0,21,8,0,12,1,0,0,8,0,,,,,,,,,,,,,,,brajan gruda,2.6063,1.65523973
1033,Brajan Gruda,de GER,MF,Brighton,eng Premier League,21.0,2004.0,18,8,719,8.0,1,1,2,1,0,0,2,0,0.25,16,6,37.5,2.0,0.75,0.06,0.17,0,0,14,5,2,14,2,0,0,11,0,,,,,,,,,,,,,,,brajan gruda,2.6063,1.65523973
1034,Ilia Gruev,bg BUL,MF,Leeds United,eng Premier League,26.0,2000.0,23,15,1323,14.7,0,3,3,0,0,0,3,0,0.2,7,1,14.3,0.48,0.07,0.0,0.0,0,0,16,13,14,9,3,0,0,16,0,,,,,,,,,,,,,,,ilia gruev,0.4662,0.88321918
1035,Marco Grüll,at AUT,"MF,FW",Werder Bremen,de Bundesliga,27.0,1998.0,31,23,1948,21.6,3,1,4,3,0,0,5,0,0.18,41,12,29.3,1.89,0.55,0.07,0.25,0,0,64,20,13,27,5,0,0,32,0,,,,,,,,,,,,,,,marco grull,3.3627,2.78939225
1038,Nemanja Gudelj,rs SRB,"DF,MF",Sevilla,es La Liga,34.0,1991.0,30,24,2195,24.4,2,0,2,2,0,0,8,0,0.08,25,7,28.0,1.03,0.29,0.08,0.29,0,0,6,23,20,10,8,0,0,35,0,,,,,,,,,,,,,,,nemanja gudelj,0.9845,0.37217685
1039,Gabriel Gudmundsson,se SWE,"DF,MF",Leeds United,eng Premier League,27.0,1999.0,32,31,2631,29.2,0,0,0,0,0,0,6,1,0.0,18,3,16.7,0.62,0.1,0.0,0.0,0,0,88,47,28,56,6,1,1,31,1,,,,,,,,,,,,,,,gabriel gudmundsson,1.1039,2.30652502
1040,Gonçalo Guedes,pt POR,MF,Real Sociedad,es La Liga,29.0,1996.0,31,22,1811,20.1,8,4,12,8,0,0,3,0,0.6,46,18,39.1,2.29,0.89,0.17,0.44,0,0,70,15,4,33,3,0,0,18,0,,,,,,,,,,,,,,,goncalo guedes,3.8651,2.89361971
1041,Marc Guéhi,eng ENG,DF,Crystal Palace,eng Premier League,25.0,2000.0,20,20,1800,20.0,2,2,4,2,0,0,4,0,0.2,15,4,26.7,0.75,0.2,0.13,0.5,0,0,10,19,24,18,4,0,0,14,0,,,,,,,,,,,,,,,marc guehi,3.9414,2.09577474
1042,Marc Guéhi,eng ENG,DF,Manchester City,eng Premier League,25.0,2000.0,12,12,1080,12.0,1,1,2,1,0,0,2,0,0.17,15,5,33.3,1.25,0.42,0.07,0.2,0,0,6,9,24,13,2,0,0,6,0,,,,,,,,,,,,,,,marc guehi,3.9414,2.09577474
1043,Mattéo Guendouzi,fr FRA,MF,Lazio,it Serie A,27.0,1999.0,16,16,1428,15.9,2,1,3,2,0,0,5,1,0.19,16,8,50.0,1.01,0.5,0.13,0.25,0,0,20,8,11,21,5,1,0,17,0,,,,,,,,,,,,,,,matteo guendouzi,0.7345,1.4196855
1044,Javier Guerra,es ESP,MF,Valencia,es La Liga,22.0,2003.0,32,21,1740,19.3,1,5,6,1,0,0,3,0,0.31,19,6,31.6,0.98,0.31,0.05,0.17,0,0,39,13,22,15,3,0,0,26,0,,,,,,,,,,,,,,,javier guerra,1.7376,1.70938223
1045,Raphaël Guerreiro,pt POR,MF,Bayern Munich,de Bundesliga,32.0,1993.0,17,8,763,8.5,5,2,7,5,0,0,0,0,0.83,11,5,45.5,1.3,0.59,0.45,1.0,0,0,5,7,1,2,0,0,0,3,0,,,,,,,,,,,,,,,raphael guerreiro,3.1722,1.34679748
1048,Evann Guessand,ci CIV,MF,Crystal Palace,eng Premier League,24.0,2001.0,6,3,300,3.3,1,1,2,1,0,0,0,0,0.6,3,1,33.3,0.9,0.3,0.33,1.0,0,0,1,2,2,8,0,0,0,4,0,,,,,,,,,,,,,,,evann guessand,1.5599,0.92200842
1049,Evann Guessand,ci CIV,MF,Aston Villa,eng Premier League,24.0,2001.0,13,6,588,6.5,0,1,1,0,0,0,0,0,0.15,8,5,62.5,1.22,0.77,0.0,0.0,0,0,10,9,3,12,0,0,0,11,0,,,,,,,,,,,,,,,evann guessand,1.5599,0.92200842
1050,Ander Guevara,es ESP,MF,Alavés,es La Liga,28.0,1997.0,23,2,638,7.1,1,1,2,1,0,0,4,1,0.28,5,1,20.0,0.71,0.14,0.2,1.0,0,0,6,8,9,5,4,1,1,10,0,,,,,,,,,,,,,,,ander guevara,0.2031,0.32851371
1051,Idrissa Guèye,sn SEN,FW,Udinese,it Serie A,19.0,2006.0,16,1,351,3.9,0,0,0,0,0,0,2,0,0.0,15,4,26.7,3.85,1.03,0.0,0.0,0,0,4,3,3,8,2,0,0,14,0,,,,,,,,,,,,,,,idrissa gueye,0.7691,0.05855476
1052,Idrissa Guèye,sn SEN,FW,Metz,fr Ligue 1,19.0,2006.0,3,1,132,1.5,0,0,0,0,0,0,0,0,0.0,2,0,0.0,1.36,0.0,0.0,,0,0,0,2,0,2,0,0,0,3,0,,,,,,,,,,,,,,,idrissa gueye,0.7691,0.05855476
1053,Pape Gueye,sn SEN,MF,Villarreal,es La Liga,27.0,1999.0,27,23,1927,21.4,4,2,6,3,1,1,8,0,0.23,44,12,27.3,2.06,0.56,0.07,0.25,1,1,14,20,32,51,8,0,0,33,0,,,,,,,,,,,,,,,pape gueye,3.299,2.64165316
1055,Frederic Guilbert,fr FRA,"DF,MF",Nantes,fr Ligue 1,31.0,1994.0,8,7,607,6.7,0,0,0,0,0,0,1,0,0.0,7,2,28.6,1.04,0.3,0.0,0.0,0,0,17,12,19,13,1,0,0,7,0,,,,,,,,,,,,,,,frederic guilbert,0.1122,0.0850964
1056,Luis Guilherme,br BRA,FW,West Ham United,eng Premier League,20.0,2006.0,5,1,125,1.4,0,0,0,0,0,0,0,0,0.0,1,0,0.0,0.72,0.0,0.0,,0,0,0,1,0,0,0,0,0,0,0,,,,,,,,,,,,,,,luis guilherme,1.1496,1.44264653
1057,Bruno Guimarães,br BRA,MF,Newcastle United,eng Premier League,28.0,1997.0,26,24,2209,24.5,9,5,14,7,2,2,5,0,0.49,35,18,51.4,1.43,0.73,0.2,0.39,2,2,71,38,14,62,5,0,0,36,0,,,,,,,,,,,,,,,bruno guimaraes,4.9964,3.8368604
1058,Daouda Guindo,ml MLI,DF,Brest,fr Ligue 1,23.0,2002.0,22,16,1425,15.8,1,1,2,1,0,0,4,1,0.13,18,5,27.8,1.14,0.32,0.06,0.2,0,0,26,26,25,14,4,1,0,24,0,,,,,,,,,,,,,,,daouda guindo,1.1048,0.35980443
1059,Bahereba Guirassy,fr FRA,"FW,MF",Nantes,fr Ligue 1,19.0,2006.0,20,9,821,9.1,2,1,3,2,0,0,2,0,0.33,15,7,46.7,1.64,0.77,0.13,0.29,0,0,24,13,5,9,2,0,0,15,0,,,,,,,,,,,,,,,bahereba guirassy,1.6947,0.41123006
1060,Serhou Guirassy,gn GUI,FW,Dortmund,de Bundesliga,30.0,1996.0,32,26,2255,25.1,16,1,17,15,1,3,3,0,0.64,76,35,46.1,3.03,1.4,0.2,0.43,1,3,4,1,0,34,3,0,0,37,0,,,,,,,,,,,,,,,serhou guirassy,14.4808,3.19142314
1061,Marc Guiu,es ESP,FW,Sunderland,eng Premier League,20.0,2006.0,2,0,15,0.2,0,0,0,0,0,0,0,0,0.0,1,0,0.0,6.0,0.0,0.0,,0,0,0,0,0,0,0,0,0,0,0,,,,,,,,,,,,,,,marc guiu,1.4653,0.29707022
1062,Marc Guiu,es ESP,FW,Chelsea,eng Premier League,20.0,2006.0,8,1,257,2.9,0,1,1,0,0,0,1,0,0.35,12,2,16.7,4.2,0.7,0.0,0.0,0,0,0,0,0,2,1,0,0,9,0,,,,,,,,,,,,,,,marc guiu,1.4653,0.29707022
1064,Arda Güler,tr TUR,MF,Real Madrid,es La Liga,21.0,2005.0,32,25,1997,22.2,4,9,13,4,0,0,1,0,0.59,49,19,38.8,2.21,0.86,0.08,0.21,0,0,128,28,8,32,1,0,0,21,0,,,,,,,,,,,,,,,arda guler,4.5521,6.96612123
1065,Gerard Gumbau,es ESP,MF,Rayo Vallecano,es La Liga,31.0,1994.0,25,12,986,11.0,0,2,2,0,0,0,4,0,0.18,15,5,33.3,1.37,0.46,0.0,0.0,0,0,42,12,8,4,4,0,0,32,0,,,,,,,,,,,,,,,gerard gumbau,0.3032,1.17349012
1067,Christian Günter,de GER,DF,Freiburg,de Bundesliga,33.0,1993.0,24,18,1547,17.2,0,3,3,0,0,0,3,0,0.17,9,0,0.0,0.52,0.0,0.0,,0,0,73,12,10,6,3,0,0,10,0,,,,,,,,,,,,,,,christian gunter,0.3571,2.47264006
1068,Jon Guridi,es ESP,"MF,FW",Alavés,es La Liga,31.0,1995.0,24,11,898,10.0,0,0,0,0,0,0,1,0,0.0,12,4,33.3,1.2,0.4,0.0,0.0,0,0,9,13,6,5,1,0,0,12,0,,,,,,,,,,,,,,,jon guridi,1.381,0.24616926
1069,Gorka Guruzeta,es ESP,FW,Athletic Club,es La Liga,29.0,1996.0,31,25,2091,23.2,9,3,12,8,1,1,6,1,0.47,70,28,40.0,3.01,1.21,0.11,0.29,1,1,7,4,10,29,6,1,1,42,0,,,,,,,,,,,,,,,gorka guruzeta,8.6905,1.65586652
1070,Malo Gusto,fr FRA,DF,Chelsea,eng Premier League,22.0,2003.0,32,24,2087,23.2,2,3,5,2,0,0,5,1,0.22,12,6,50.0,0.52,0.26,0.17,0.33,0,0,57,22,27,19,5,1,1,17,0,,,,,,,,,,,,,,,malo gusto,1.4572,2.07549989
1072,Miguel Gutiérrez,es ESP,"MF,DF",Napoli,it Serie A,24.0,2001.0,25,13,1300,14.4,1,1,2,1,0,0,0,0,0.14,14,4,28.6,0.97,0.28,0.07,0.25,0,0,40,19,7,27,0,0,0,17,0,,,,,,,,,,,,,,,miguel gutierrez,0.6785,0.96160937
1073,Albert Guðmundsson,is ISL,"FW,MF",Fiorentina,it Serie A,28.0,1997.0,30,26,2143,23.8,5,4,9,2,3,3,3,1,0.25,40,15,37.5,1.68,0.63,0.05,0.13,3,3,52,4,2,28,3,1,0,32,0,,,,,,,,,,,,,,,albert gumundsson,4.769,2.14763973
1074,Joško Gvardiol,hr CRO,DF,Manchester City,eng Premier League,24.0,2002.0,16,15,1302,14.5,2,2,4,2,0,0,2,0,0.28,16,5,31.3,1.11,0.35,0.13,0.4,0,0,2,13,14,7,2,0,0,16,0,,,,,,,,,,,,,,,josko gvardiol,2.3419,0.65621188
1075,Viktor Gyökeres,se SWE,FW,Arsenal,eng Premier League,27.0,1998.0,33,25,2108,23.4,14,1,15,11,3,3,5,0,0.51,52,22,42.3,2.22,0.94,0.21,0.5,3,3,7,5,1,28,5,0,0,32,0,,,,,,,,,,,,,,,viktor gyokeres,10.3733,1.7730045
1076,Erling Haaland,no NOR,FW,Manchester City,eng Premier League,25.0,2000.0,33,32,2773,30.8,25,7,32,22,3,4,2,0,0.94,119,54,45.4,3.86,1.75,0.18,0.41,3,4,3,7,4,25,2,0,0,23,0,,,,,,,,,,,,,,,erling haaland,22.3575,2.12613421
1077,Janik Haberer,de GER,MF,Union Berlin,de Bundesliga,32.0,1994.0,28,20,1646,18.3,0,1,1,0,0,0,8,0,0.05,11,1,9.1,0.6,0.05,0.0,0.0,0,0,67,19,10,21,8,0,0,24,0,,,,,,,,,,,,,,,janik haberer,0.5791,2.46099664
1078,Robin Hack,de GER,MF,Gladbach,de Bundesliga,27.0,1998.0,6,3,263,2.9,0,0,0,0,0,0,1,0,0.0,8,2,25.0,2.74,0.68,0.0,0.0,0,0,12,2,1,3,1,0,0,4,0,,,,,,,,,,,,,,,robin hack,0.4631,0.74287447
1079,Amadou Haidara,ml MLI,MF,Lens,fr Ligue 1,28.0,1998.0,6,1,199,2.2,1,0,1,1,0,0,0,0,0.45,2,2,100.0,0.9,0.9,0.5,0.5,0,0,0,0,2,2,0,0,0,4,0,,,,,,,,,,,,,,,amadou haidara,0.1384,0.10129347
1080,Albian Hajdari,xk KVX,DF,Hoffenheim,de Bundesliga,22.0,2003.0,28,26,2280,25.3,1,2,3,1,0,0,9,0,0.12,18,4,22.2,0.71,0.16,0.06,0.25,0,0,17,36,36,23,9,0,0,41,0,,,,,,,,,,,,,,,albian hajdari,1.6299,1.20668311
1081,Achraf Hakimi,ma MAR,DF,Paris Saint-Germain,fr Ligue 1,27.0,1998.0,18,15,1375,15.3,2,2,4,2,0,0,3,1,0.26,27,9,33.3,1.77,0.59,0.07,0.22,0,0,43,13,11,17,3,1,0,9,0,,,,,,,,,,,,,,,achraf hakimi,2.0365,2.2134639
1082,Lewis Hall,eng ENG,DF,Newcastle United,eng Premier League,21.0,2004.0,27,21,1911,21.2,1,1,2,1,0,0,3,0,0.09,22,5,22.7,1.04,0.24,0.05,0.2,0,0,94,28,26,37,3,0,0,15,0,,,,,,,,,,,,,,,lewis hall,0.8503,2.51979691
1083,Adil Hamdani,fr FRA,MF,Lyon,fr Ligue 1,17.0,2009.0,4,0,27,0.3,0,0,0,0,0,0,0,0,0.0,2,0,0.0,6.67,0.0,0.0,,0,0,4,0,0,0,0,0,0,1,0,,,,,,,,,,,,,,,adil hamdani,0.058,0.03221636
1086,Andreas Hanche-Olsen,no NOR,DF,Mainz 05,de Bundesliga,29.0,1997.0,13,8,851,9.5,0,1,1,0,0,0,3,0,0.11,6,3,50.0,0.63,0.32,0.0,0.0,0,0,0,5,13,6,3,0,0,13,1,,,,,,,,,,,,,,,andreas hanche-olsen,0.3527,0.08739104
1087,Dávid Hancko,sk SVK,DF,Atlético Madrid,es La Liga,28.0,1997.0,26,23,2117,23.5,0,2,2,0,0,0,2,0,0.09,19,5,26.3,0.81,0.21,0.0,0.0,0,0,29,26,18,4,2,0,0,15,0,,,,,,,,,,,,,,,david hancko,0.993,2.0200801
1088,Florent Hanin,dz ALG,"DF,MF",Angers,fr Ligue 1,36.0,1990.0,23,8,800,8.9,0,0,0,0,0,0,0,0,0.0,3,0,0.0,0.34,0.0,0.0,,0,0,24,8,12,8,0,0,0,7,0,,,,,,,,,,,,,,,florent hanin,0.0263,0.50208549
1090,Taichi Hara,jp JPN,FW,St Pauli,de Bundesliga,27.0,1999.0,3,0,26,0.3,0,0,0,0,0,0,0,0,0.0,1,0,0.0,3.46,0.0,0.0,,0,0,0,0,0,0,0,0,0,0,0,,,,,,,,,,,,,,,taichi hara,0.1437,0.00130071
1092,Conrad Harder,dk DEN,FW,RB Leipzig,de Bundesliga,21.0,2005.0,28,7,860,9.6,3,3,6,3,0,0,3,0,0.63,39,12,30.8,4.08,1.26,0.08,0.25,0,0,13,6,7,17,3,0,0,20,0,,,,,,,,,,,,,,,conrad harder,3.8629,1.15874409
1093,Jack Harrison,eng ENG,"FW,MF",Fiorentina,it Serie A,29.0,1996.0,13,9,832,9.2,1,3,4,1,0,0,0,0,0.43,10,2,20.0,1.08,0.22,0.1,0.5,0,0,52,3,2,5,0,0,0,7,0,,,,,,,,,,,,,,,jack harrison,0.3571,0.99196221
1094,Jack Harrison,eng ENG,FW,Leeds United,eng Premier League,29.0,1996.0,11,1,269,3.0,0,0,0,0,0,0,0,0,0.0,6,2,33.3,2.01,0.67,0.0,0.0,0,0,17,2,4,4,0,0,0,1,0,,,,,,,,,,,,,,,jack harrison,0.3571,0.99196221
1095,Abdou Harroui,nl NED,"MF,FW",Hellas Verona,it Serie A,28.0,1998.0,21,10,793,8.8,1,0,1,0,1,1,3,0,0.0,11,2,18.2,1.25,0.23,0.0,0.0,1,1,26,14,1,1,3,0,0,21,0,,,,,,,,,,,,,,,abdou harroui,1.1866,0.60704026
1096,Quilindschy Hartman,nl NED,DF,Burnley,eng Premier League,24.0,2001.0,21,21,1825,20.3,0,5,5,0,0,0,1,0,0.25,9,3,33.3,0.44,0.15,0.0,0.0,0,0,74,31,32,3,1,0,0,13,0,,,,,,,,,,,,,,,quilindschy hartman,0.2055,1.98874119
1097,Haissem Hassan,eg EGY,"MF,FW",Oviedo,es La Liga,24.0,2002.0,33,18,1741,19.3,0,3,3,0,0,0,1,0,0.16,31,7,22.6,1.6,0.36,0.0,0.0,0,0,103,23,6,15,1,0,0,10,0,,,,,,,,,,,,,,,haissem hassan,1.5087,2.97803233
1098,Hans Hateboer,nl NED,"DF,MF",Rennes,fr Ligue 1,32.0,1994.0,1,0,22,0.2,0,0,0,0,0,0,0,0,0.0,0,0,,0.0,0.0,,,0,0,0,0,0,0,0,0,0,2,0,,,,,,,,,,,,,,,hans hateboer,0.6381,0.21171871
1099,Hans Hateboer,nl NED,"DF,MF",Lyon,fr Ligue 1,32.0,1994.0,14,8,695,7.7,0,0,0,0,0,0,0,1,0.0,6,1,16.7,0.78,0.13,0.0,0.0,0,0,20,10,9,3,0,1,0,8,0,,,,,,,,,,,,,,,hans hateboer,0.6381,0.21171871
1100,Jorrel Hato,nl NED,DF,Chelsea,eng Premier League,20.0,2006.0,19,9,917,10.2,0,0,0,0,0,0,5,0,0.0,4,0,0.0,0.39,0.0,0.0,,0,0,7,17,11,2,5,0,0,14,0,,,,,,,,,,,,,,,jorrel hato,0.3071,0.5345151
1102,Kai Havertz,de GER,"MF,FW",Arsenal,eng Premier League,26.0,1999.0,9,6,440,4.9,1,2,3,1,0,0,0,0,0.61,12,3,25.0,2.45,0.61,0.08,0.33,0,0,3,3,0,8,0,0,0,5,0,,,,,,,,,,,,,,,kai havertz,2.5193,0.10897278
1103,Ayden Heaven,eng ENG,DF,Manchester Utd,eng Premier League,19.0,2006.0,17,11,924,10.3,0,1,1,0,0,0,2,0,0.1,3,0,0.0,0.29,0.0,0.0,,0,0,1,13,1,9,2,0,0,7,1,,,,,,,,,,,,,,,ayden heaven,0.3454,0.17123911
1104,Jan Paul van Hecke,nl NED,DF,Brighton,eng Premier League,25.0,2000.0,33,33,2940,32.7,3,3,6,3,0,0,9,0,0.18,22,10,45.5,0.67,0.31,0.14,0.3,0,0,21,29,37,40,9,0,0,27,1,,,,,,,,,,,,,,,jan paul van hecke,2.2272,1.3860417
1106,Torbjørn Heggem,no NOR,DF,Bologna,it Serie A,27.0,1999.0,24,22,2004,22.3,0,0,0,0,0,0,0,1,0.0,11,2,18.2,0.49,0.09,0.0,0.0,0,0,1,16,24,12,0,1,0,31,0,,,,,,,,,,,,,,,torbjrn heggem,1.0865,0.11402488
1107,Gauthier Hein,fr FRA,"MF,FW",Metz,fr Ligue 1,29.0,1996.0,27,24,2171,24.1,8,7,15,3,5,5,3,1,0.41,41,12,29.3,1.7,0.5,0.07,0.25,5,5,132,10,8,15,3,1,1,15,0,,,,,,,,,,,,,,,gauthier hein,6.3167,3.06514766
1112,Jordan Henderson,eng ENG,MF,Brentford,eng Premier League,35.0,1990.0,29,21,1820,20.2,1,3,4,1,0,0,4,0,0.2,6,1,16.7,0.3,0.05,0.17,1.0,0,0,44,13,16,7,4,0,0,13,0,,,,,,,,,,,,,,,jordan henderson,0.3319,2.39206751
1113,Ramon Hendriks,nl NED,DF,Stuttgart,de Bundesliga,24.0,2001.0,29,20,1845,20.5,0,3,3,0,0,0,3,0,0.15,4,0,0.0,0.2,0.0,0.0,,0,0,20,12,21,23,3,0,0,14,0,,,,,,,,,,,,,,,ramon hendriks,0.254,1.00661719
1114,Benjamin Henrichs,de GER,DF,RB Leipzig,de Bundesliga,29.0,1997.0,15,2,242,2.7,1,0,1,1,0,0,0,0,0.37,4,2,50.0,1.49,0.74,0.25,0.5,0,0,0,5,4,0,0,0,0,1,0,,,,,,,,,,,,,,,benjamin henrichs,0.2218,0.08118476
1115,Luis Henrique,br BRA,MF,Inter,it Serie A,24.0,2001.0,27,17,1469,16.3,1,2,3,1,0,0,1,0,0.18,15,7,46.7,0.92,0.43,0.07,0.14,0,0,39,15,7,0,1,0,0,5,0,,,,,,,,,,,,,,,luis henrique,0.876,1.7356803
1116,Rico Henry,jm JAM,DF,Brentford,eng Premier League,28.0,1997.0,25,14,1328,14.8,0,1,1,0,0,0,2,0,0.07,5,0,0.0,0.34,0.0,0.0,,0,0,26,11,7,17,2,0,0,15,0,,,,,,,,,,,,,,,rico henry,0.1792,0.54618954
1117,Pharell Hensel,de GER,MF,Wolfsburg,de Bundesliga,19.0,2007.0,5,1,69,0.8,0,0,0,0,0,0,0,0,0.0,1,0,0.0,1.3,0.0,0.0,,0,0,0,1,0,1,0,0,0,0,0,,,,,,,,,,,,,,,pharell hensel,0.024,0.03306199
1119,Mario Hermoso,es ESP,DF,Roma,it Serie A,30.0,1995.0,24,22,1853,20.6,3,2,5,3,0,0,8,0,0.24,17,6,35.3,0.83,0.29,0.18,0.5,0,0,9,19,28,18,8,0,0,36,0,,,,,,,,,,,,,,,mario hermoso,0.8547,0.65026152
1120,Lucas Hernández,fr FRA,DF,Paris Saint-Germain,fr Ligue 1,30.0,1996.0,23,18,1597,17.7,0,2,2,0,0,0,4,0,0.11,10,2,20.0,0.56,0.11,0.0,0.0,0,0,15,13,19,18,4,0,0,21,0,,,,,,,,,,,,,,,lucas hernandez,0.3034,0.62981104
1122,Jorge Herrando,es ESP,DF,Osasuna,es La Liga,25.0,2001.0,27,16,1533,17.0,0,1,1,0,0,0,3,0,0.06,3,0,0.0,0.18,0.0,0.0,,0,0,2,14,22,9,3,0,0,23,0,,,,,,,,,,,,,,,jorge herrando,0.292,0.80880051
1124,Yangel Herrera,ve VEN,MF,Girona,es La Liga,28.0,1998.0,2,2,110,1.2,0,0,0,0,0,0,0,0,0.0,1,0,0.0,0.82,0.0,0.0,,0,0,2,1,1,3,0,0,0,1,0,,,,,,,,,,,,,,,yangel herrera,0.4041,0.1910209
1125,Yangel Herrera,ve VEN,MF,Real Sociedad,es La Liga,28.0,1998.0,10,4,350,3.9,0,0,0,0,0,0,1,0,0.0,5,1,20.0,1.29,0.26,0.0,0.0,0,0,0,4,1,15,1,0,0,11,0,,,,,,,,,,,,,,,yangel herrera,0.4041,0.1910209
1128,Aaron Hickey,sct SCO,DF,Brentford,eng Premier League,23.0,2002.0,19,7,600,6.7,0,0,0,0,0,0,1,0,0.0,5,1,20.0,0.75,0.15,0.0,0.0,0,0,4,7,7,8,1,0,0,6,0,,,,,,,,,,,,,,,aaron hickey,0.4147,0.13420014
1129,Santiago Hidalgo,ar ARG,"MF,FW",Toulouse,fr Ligue 1,21.0,2005.0,27,13,1225,13.6,4,5,9,4,0,0,4,0,0.66,30,11,36.7,2.2,0.81,0.13,0.36,0,0,12,19,8,30,4,0,0,37,0,,,,,,,,,,,,,,,santiago hidalgo,2.2154,0.78921538
1130,Isak Hien,se SWE,DF,Atalanta,it Serie A,27.0,1999.0,26,18,1790,19.9,1,0,1,1,0,0,4,0,0.05,8,3,37.5,0.4,0.15,0.13,0.33,0,0,0,32,24,15,4,0,0,34,1,,,,,,,,,,,,,,,isak hien,0.8017,0.30156464
1131,Asier Hierro,es ESP,FW,Athletic Club,es La Liga,21.0,2005.0,1,0,34,0.4,0,0,0,0,0,0,0,0,0.0,1,0,0.0,2.65,0.0,0.0,,0,0,0,0,0,0,0,0,0,0,0,,,,,,,,,,,,,,,asier hierro,0.0683,0.00403702
1133,James Hill,eng ENG,DF,Bournemouth,eng Premier League,24.0,2002.0,26,19,1836,20.4,0,3,3,0,0,0,3,0,0.15,11,2,18.2,0.54,0.1,0.0,0.0,0,0,11,20,33,12,3,0,0,11,2,,,,,,,,,,,,,,,james hill,0.6902,1.09000542
1134,Rémi Himbert,fr FRA,FW,Lyon,fr Ligue 1,18.0,2008.0,6,1,131,1.5,1,0,1,1,0,0,0,0,0.69,10,1,10.0,6.87,0.69,0.1,1.0,0,0,2,3,0,4,0,0,0,2,0,,,,,,,,,,,,,,,remi himbert,1.0513,0.02508763
1135,Piero Hincapié,ec ECU,DF,Arsenal,eng Premier League,24.0,2002.0,23,19,1683,18.7,1,2,3,1,0,0,2,0,0.16,2,1,50.0,0.11,0.05,0.5,1.0,0,0,31,25,24,14,2,0,0,18,1,,,,,,,,,,,,,,,piero hincapie,0.3286,1.35421283
1136,Piero Hincapié,ec ECU,DF,Leverkusen,de Bundesliga,24.0,2002.0,1,1,90,1.0,0,0,0,0,0,0,0,0,0.0,2,1,50.0,2.0,1.0,0.0,0.0,0,0,0,0,2,0,0,0,0,2,0,,,,,,,,,,,,,,,piero hincapie,0.3286,1.35421283
1137,Jack Hinshelwood,eng ENG,MF,Brighton,eng Premier League,21.0,2005.0,24,17,1500,16.7,3,3,6,3,0,0,0,0,0.36,32,13,40.6,1.92,0.78,0.09,0.23,0,0,7,11,6,9,0,0,0,32,1,,,,,,,,,,,,,,,jack hinshelwood,2.682,1.91495349
1138,Adam Hložek,cz CZE,"FW,MF",Hoffenheim,de Bundesliga,23.0,2002.0,3,0,24,0.3,0,0,0,0,0,0,0,0,0.0,1,1,100.0,3.75,3.75,0.0,0.0,0,0,0,0,0,0,0,0,0,0,0,,,,,,,,,,,,,,,adam hlozek,0.09,0.00086883
1140,Nicolas Höfler,de GER,MF,Freiburg,de Bundesliga,36.0,1990.0,11,1,199,2.2,0,0,0,0,0,0,0,0,0.0,4,2,50.0,1.81,0.9,0.0,0.0,0,0,0,2,2,3,0,0,0,3,0,,,,,,,,,,,,,,,nicolas hofler,0.0629,0.02974634
1141,Jonas Hofmann,de GER,MF,Leverkusen,de Bundesliga,33.0,1992.0,22,11,984,10.9,2,2,4,2,0,0,3,0,0.37,22,7,31.8,2.01,0.64,0.09,0.29,0,0,36,10,2,9,3,0,0,4,0,,,,,,,,,,,,,,,jonas hofmann,1.5972,2.34137036
1143,Lucas Höler,de GER,"FW,MF",Freiburg,de Bundesliga,31.0,1994.0,31,24,1928,21.4,3,1,4,3,0,0,3,0,0.19,31,15,48.4,1.45,0.7,0.1,0.2,0,0,8,11,11,28,3,0,0,29,0,,,,,,,,,,,,,,,lucas holer,4.2715,1.79939206
1144,Benedict Hollerbach,de GER,"FW,MF",Mainz 05,de Bundesliga,24.0,2001.0,14,13,872,9.7,1,3,4,1,0,0,0,0,0.41,22,6,27.3,2.27,0.62,0.05,0.17,0,0,20,8,1,12,0,0,0,18,0,,,,,,,,,,,,,,,benedict hollerbach,2.0241,1.24562598
1145,Emil Holm,se SWE,DF,Bologna,it Serie A,25.0,2000.0,11,8,655,7.3,1,4,5,1,0,0,3,1,0.69,8,1,12.5,1.1,0.14,0.13,1.0,0,0,23,13,7,14,3,1,1,11,0,,,,,,,,,,,,,,,emil holm,1.1246,1.66123414
1146,Emil Holm,se SWE,MF,Juventus,it Serie A,25.0,2000.0,5,2,188,2.1,0,0,0,0,0,0,0,0,0.0,3,0,0.0,1.44,0.0,0.0,,0,0,5,3,2,5,0,0,0,0,0,,,,,,,,,,,,,,,emil holm,1.1246,1.66123414
1147,Franck Honorat,fr FRA,"MF,FW",Gladbach,de Bundesliga,29.0,1996.0,26,23,1908,21.2,2,6,8,2,0,0,0,0,0.38,17,5,29.4,0.8,0.24,0.12,0.4,0,0,130,13,5,5,0,0,0,12,0,,,,,,,,,,,,,,,franck honorat,0.9061,5.83855066
1148,Mathias Honsak,at AUT,"MF,FW",Heidenheim,de Bundesliga,29.0,1996.0,25,15,1223,13.6,2,1,3,2,0,0,1,0,0.22,31,8,25.8,2.28,0.59,0.06,0.25,0,0,25,12,16,15,1,0,0,11,0,,,,,,,,,,,,,,,mathias honsak,3.1736,1.65801043
1150,Andreas Hountondji,bj BEN,FW,St Pauli,de Bundesliga,23.0,2002.0,19,13,951,10.6,4,0,4,4,0,1,2,0,0.38,20,13,65.0,1.89,1.23,0.2,0.31,0,1,19,0,0,5,2,0,0,9,0,,,,,,,,,,,,,,,andreas hountondji,3.1013,0.27890436
1153,Robin Hranáč,cz CZE,DF,Hoffenheim,de Bundesliga,26.0,2000.0,28,26,2231,24.8,1,0,1,1,0,0,5,0,0.04,8,3,37.5,0.32,0.12,0.13,0.33,0,0,6,14,19,10,5,0,0,26,0,,,,,,,,,,,,,,,robin hranac,2.1391,0.47596838
1155,Callum Hudson-Odoi,eng ENG,MF,Nottingham Forest,eng Premier League,25.0,2000.0,30,21,1841,20.5,3,4,7,3,0,0,0,0,0.34,30,10,33.3,1.47,0.49,0.1,0.3,0,0,91,7,8,12,0,0,0,12,0,,,,,,,,,,,,,,,callum hudson-odoi,2.803,2.98434479
1156,Will Hughes,eng ENG,MF,Crystal Palace,eng Premier League,31.0,1995.0,29,17,1422,15.8,0,0,0,0,0,0,7,0,0.0,17,0,0.0,1.08,0.0,0.0,,0,0,40,15,14,21,7,0,0,21,0,,,,,,,,,,,,,,,will hughes,1.0906,1.6762234
1157,Dean Huijsen,es ESP,DF,Real Madrid,es La Liga,21.0,2005.0,26,23,1923,21.4,2,2,4,2,0,0,7,1,0.19,20,5,25.0,0.94,0.23,0.1,0.4,0,0,1,18,17,12,7,1,0,21,0,,,,,,,,,,,,,,,dean huijsen,2.2288,1.10708974
1158,Trai Hume,nir NIR,"DF,MF",Sunderland,eng Premier League,24.0,2002.0,35,31,2798,31.1,1,1,2,1,0,0,9,0,0.06,31,6,19.4,1.0,0.19,0.03,0.17,0,0,83,45,24,35,9,0,0,27,1,,,,,,,,,,,,,,,trai hume,1.9712,1.60448263
1159,Bashir Humphreys,eng ENG,"DF,MF",Burnley,eng Premier League,23.0,2003.0,18,16,1479,16.4,0,0,0,0,0,0,6,0,0.0,9,3,33.3,0.55,0.18,0.0,0.0,0,0,16,17,10,9,6,0,0,14,0,,,,,,,,,,,,,,,bashir humphreys,0.3663,0.65125235
1160,Denis Huseinbasic,ba BIH,MF,Köln,de Bundesliga,24.0,2001.0,15,9,726,8.1,0,0,0,0,0,0,1,0,0.0,6,0,0.0,0.74,0.0,0.0,,0,0,1,9,5,8,1,0,0,8,0,,,,,,,,,,,,,,,denis huseinbasic,0.4192,0.32747971
1161,Omari Hutchinson,eng ENG,MF,Nottingham Forest,eng Premier League,22.0,2003.0,28,15,1515,16.8,1,4,5,1,0,0,1,0,0.3,24,11,45.8,1.43,0.65,0.04,0.09,0,0,124,8,9,23,1,0,0,20,0,,,,,,,,,,,,,,,omari hutchinson,1.7869,3.17755482
1165,Lucas Høgsberg,dk DEN,DF,Strasbourg,fr Ligue 1,19.0,2006.0,21,19,1612,17.9,0,0,0,0,0,0,4,1,0.0,4,1,25.0,0.22,0.06,0.0,0.0,0,0,0,8,11,13,4,1,1,14,0,,,,,,,,,,,,,,,lucas hgsberg,0.2514,0.50864394
1167,Oscar Højlund,dk DEN,MF,Eintracht Frankfurt,de Bundesliga,21.0,2005.0,24,12,1089,12.1,1,1,2,1,0,0,4,1,0.17,7,3,42.9,0.58,0.25,0.14,0.33,0,0,2,17,7,5,4,1,1,27,0,,,,,,,,,,,,,,,oscar hjlund,0.293,0.72749206
1168,Rasmus Højlund,dk DEN,FW,Napoli,it Serie A,23.0,2003.0,30,29,2480,27.6,10,3,13,9,1,1,1,0,0.44,56,22,39.3,2.03,0.8,0.16,0.41,1,1,3,1,0,47,1,0,0,34,0,,,,,,,,,,,,,,,rasmus hjlund,9.2367,2.18554451
1169,Edoardo Iannoni,it ITA,MF,Sassuolo,it Serie A,25.0,2001.0,15,1,260,2.9,1,0,1,1,0,0,3,0,0.35,3,1,33.3,1.04,0.35,0.33,1.0,0,0,2,3,3,0,3,0,0,11,0,,,,,,,,,,,,,,,edoardo iannoni,0.4292,0.11607778
1170,Pablo Ibáñez,es ESP,MF,Alavés,es La Liga,27.0,1998.0,33,26,2069,23.0,1,1,2,1,0,0,6,0,0.09,45,12,26.7,1.96,0.52,0.02,0.08,0,0,35,29,20,60,6,0,0,37,0,,,,,,,,,,,,,,,pablo ibanez,3.9885,1.16517248
1171,Arijon Ibrahimović,de GER,"MF,FW",Heidenheim,de Bundesliga,20.0,2005.0,30,23,2030,22.6,1,3,4,0,1,1,2,0,0.13,42,17,40.5,1.86,0.75,0.0,0.0,1,1,119,16,22,25,2,0,0,12,0,,,,,,,,,,,,,,,arijon ibrahimovic,5.7278,4.94641968
1172,Riyad Idrissi,it ITA,"MF,DF",Cagliari,it Serie A,20.0,2005.0,23,4,783,8.7,2,0,2,2,0,0,3,0,0.23,6,6,100.0,0.69,0.69,0.33,0.33,0,0,23,15,9,6,3,0,0,9,0,,,,,,,,,,,,,,,riyad idrissi,0.5345,0.20816983
1175,Jay Idzes,id IDN,DF,Sassuolo,it Serie A,25.0,2000.0,34,34,3008,33.4,0,0,0,0,0,0,2,0,0.0,5,0,0.0,0.15,0.0,0.0,,0,0,1,15,37,13,2,0,0,32,0,,,,,,,,,,,,,,,jay idzes,0.1879,0.60520939
1176,Hamza Igamane,ma MAR,FW,Lille,fr Ligue 1,23.0,2002.0,13,4,432,4.8,5,1,6,5,0,0,2,0,1.25,24,9,37.5,5.0,1.87,0.21,0.56,0,0,5,4,2,3,2,0,0,6,0,,,,,,,,,,,,,,,hamza igamane,3.5735,0.81313186
1178,Borja Iglesias,es ESP,FW,Celta Vigo,es La Liga,33.0,1993.0,31,18,1677,18.6,13,2,15,9,4,4,7,0,0.59,43,24,55.8,2.31,1.29,0.21,0.38,4,4,3,4,0,26,7,0,0,33,0,,,,,,,,,,,,,,,borja iglesias,8.9517,1.50033597
1180,Jonathan Ikone,fr FRA,"MF,FW",Paris FC,fr Ligue 1,28.0,1998.0,21,12,1020,11.3,3,1,4,3,0,0,2,0,0.35,23,6,26.1,2.03,0.53,0.13,0.5,0,0,7,13,5,16,2,0,0,12,0,,,,,,,,,,,,,,,jonathan ikone,2.8759,0.74370244
1182,Andrej Ilic,rs SRB,FW,Union Berlin,de Bundesliga,26.0,2000.0,30,22,2082,23.1,2,9,11,2,0,1,5,0,0.48,63,20,31.7,2.72,0.86,0.03,0.1,0,1,17,3,1,30,5,0,0,35,0,,,,,,,,,,,,,,,andrej ilic,8.9979,2.00437981
1184,Luka Ilić,rs SRB,"MF,FW",Oviedo,es La Liga,26.0,1999.0,18,8,714,7.9,1,0,1,1,0,0,4,1,0.13,9,5,55.6,1.13,0.63,0.11,0.2,0,0,7,4,7,7,4,1,1,16,0,,,,,,,,,,,,,,,luka ilic,0.6924,0.51986415
1186,Emirhan İlkhan,tr TUR,MF,Torino,it Serie A,21.0,2004.0,17,11,855,9.5,1,2,3,1,0,0,2,1,0.32,11,3,27.3,1.16,0.32,0.09,0.33,0,0,5,18,12,17,2,1,0,10,0,,,,,,,,,,,,,,,emirhan ilkhan,1.3186,0.46115209
1187,Ciro Immobile,it ITA,FW,Paris FC,fr Ligue 1,36.0,1990.0,11,9,685,7.6,2,2,4,2,0,0,1,0,0.53,14,5,35.7,1.84,0.66,0.14,0.4,0,0,3,0,1,5,1,0,0,6,0,,,,,,,,,,,,,,,ciro immobile,1.5443,1.40916246
1188,Ciro Immobile,it ITA,FW,Bologna,it Serie A,36.0,1990.0,6,2,193,2.1,0,0,0,0,0,0,1,0,0.0,2,0,0.0,0.93,0.0,0.0,,0,0,3,0,0,3,1,0,0,8,0,,,,,,,,,,,,,,,ciro immobile,1.5443,1.40916246
1189,Samuele Inácio,it ITA,MF,Dortmund,de Bundesliga,18.0,2008.0,6,3,316,3.5,1,0,1,1,0,0,2,0,0.28,7,4,57.1,1.99,1.14,0.14,0.25,0,0,10,2,0,9,2,0,0,7,0,,,,,,,,,,,,,,,samuele inacio,0.0616,0.04903483
1190,Cyriaque Irié,bf BFA,MF,Freiburg,de Bundesliga,20.0,2005.0,10,3,347,3.9,0,0,0,0,0,0,3,0,0.0,7,2,28.6,1.82,0.52,0.0,0.0,0,0,3,6,3,8,3,0,0,11,0,,,,,,,,,,,,,,,cyriaque irie,0.2697,0.14530218
1191,Tim Iroegbunam,eng ENG,MF,Everton,eng Premier League,22.0,2003.0,26,14,1242,13.8,0,2,2,0,0,0,8,0,0.14,11,1,9.1,0.8,0.07,0.0,0.0,0,0,3,38,20,19,8,0,0,23,0,,,,,,,,,,,,,,,tim iroegbunam,0.4691,0.60956299
1192,Jackson Irvine,au AUS,MF,St Pauli,de Bundesliga,33.0,1993.0,22,16,1445,16.1,0,0,0,0,0,0,2,1,0.0,17,3,17.6,1.06,0.19,0.0,0.0,0,0,13,14,26,12,2,1,1,17,0,,,,,,,,,,,,,,,jackson irvine,0.9633,0.96695363
1195,Alexander Isak,se SWE,FW,Liverpool,eng Premier League,26.0,1999.0,13,8,675,7.5,3,1,4,3,0,0,0,0,0.53,17,6,35.3,2.27,0.8,0.18,0.5,0,0,2,5,0,1,0,0,0,5,0,,,,,,,,,,,,,,,alexander isak,2.2189,0.09192462
1196,Gustav Isaksen,dk DEN,FW,Lazio,it Serie A,25.0,2001.0,28,18,1538,17.1,5,1,6,5,0,0,0,0,0.35,45,17,37.8,2.63,0.99,0.11,0.29,0,0,32,8,7,56,0,0,0,18,0,,,,,,,,,,,,,,,gustav isaksen,3.9881,0.96309204
1197,Isco,es ESP,"FW,MF",Real Betis,es La Liga,34.0,1992.0,4,0,85,0.9,0,1,1,0,0,0,0,0,1.06,2,0,0.0,2.12,0.0,0.0,,0,0,3,0,0,5,0,0,0,2,0,,,,,,,,,,,,,,,isco,0.082,0.179274
1198,Wilson Isidor,ht HAI,FW,Sunderland,eng Premier League,25.0,2000.0,30,11,1121,12.5,5,0,5,5,0,0,1,0,0.4,40,16,40.0,3.21,1.28,0.13,0.31,0,0,0,6,1,6,1,0,0,14,0,,,,,,,,,,,,,,,wilson isidor,4.3978,0.18960124
1199,Ardian Ismajli,al ALB,DF,Torino,it Serie A,29.0,1996.0,24,20,1816,20.2,0,1,1,0,0,0,5,0,0.05,6,4,66.7,0.3,0.2,0.0,0.0,0,0,8,13,35,17,5,0,0,21,0,,,,,,,,,,,,,,,ardian ismajli,0.3155,0.29563355
1201,Hiroki Ito,jp JPN,DF,Bayern Munich,de Bundesliga,26.0,1999.0,15,9,837,9.3,1,2,3,1,0,0,0,0,0.32,10,3,30.0,1.08,0.32,0.1,0.33,0,0,7,2,11,3,0,0,0,9,0,,,,,,,,,,,,,,,hiroki ito,0.8182,0.93257721
1202,Alex Iwobi,ng NGA,MF,Fulham,eng Premier League,30.0,1996.0,27,27,2263,25.1,4,3,7,4,0,0,3,0,0.28,31,12,38.7,1.23,0.48,0.13,0.33,0,0,80,17,14,10,3,0,0,7,0,,,,,,,,,,,,,,,alex iwobi,1.4247,4.4114727
1203,Urko Izeta,es ESP,FW,Athletic Club,es La Liga,26.0,1999.0,11,1,171,1.9,0,0,0,0,0,0,2,0,0.0,8,4,50.0,4.21,2.11,0.0,0.0,0,0,2,0,0,1,2,0,0,4,0,,,,,,,,,,,,,,,urko izeta,0.8149,0.30136815
1205,Nicolas Jackson,sn SEN,FW,Bayern Munich,de Bundesliga,24.0,2001.0,21,11,940,10.4,7,1,8,7,0,0,2,1,0.77,35,19,54.3,3.35,1.82,0.2,0.37,0,0,6,4,4,9,2,1,0,15,0,,,,,,,,,,,,,,,nicolas jackson,5.6559,1.09377936
1206,Jérémy Jacquet,fr FRA,DF,Rennes,fr Ligue 1,20.0,2005.0,19,19,1671,18.6,0,0,0,0,0,0,6,1,0.0,11,3,27.3,0.59,0.16,0.0,0.0,0,0,0,17,22,17,6,1,1,20,0,,,,,,,,,,,,,,,jeremy jacquet,1.0439,0.48027248
1208,Kristijan Jakić,hr CRO,"MF,DF",Augsburg,de Bundesliga,28.0,1997.0,25,17,1592,17.7,2,1,3,2,0,0,4,0,0.17,18,6,33.3,1.02,0.34,0.11,0.33,0,0,4,25,16,17,4,0,0,16,0,,,,,,,,,,,,,,,kristijan jakic,1.1835,1.41457728
1210,Daniel James,wls WAL,FW,Leeds United,eng Premier League,28.0,1997.0,16,4,417,4.6,0,0,0,0,0,0,0,0,0.0,11,3,27.3,2.37,0.65,0.0,0.0,0,0,42,4,1,7,0,0,0,1,0,,,,,,,,,,,,,,,daniel james,0.7045,0.59946703
1211,Reece James,eng ENG,"DF,MF",Chelsea,eng Premier League,26.0,1999.0,27,20,1896,21.1,2,4,6,2,0,0,4,0,0.28,21,6,28.6,1.0,0.28,0.1,0.33,0,0,123,32,31,20,4,0,0,26,0,,,,,,,,,,,,,,,reece james,1.0148,3.13504645
1212,Vitaly Janelt,de GER,MF,Brentford,eng Premier League,27.0,1998.0,22,13,1261,14.0,1,4,5,1,0,0,7,0,0.36,12,3,25.0,0.86,0.21,0.08,0.33,0,0,53,16,26,12,7,0,0,17,0,,,,,,,,,,,,,,,vitaly janelt,0.9081,1.87983045
1214,Isak Jansson,se SWE,"FW,MF",Nice,fr Ligue 1,24.0,2002.0,20,7,615,6.8,1,0,1,1,0,0,3,0,0.15,15,9,60.0,2.2,1.32,0.07,0.11,0,0,13,7,4,6,3,0,0,10,0,,,,,,,,,,,,,,,isak jansson,1.5756,1.04149082
1215,Adnan Januzaj,be BEL,"MF,FW",Sevilla,es La Liga,31.0,1995.0,12,2,321,3.6,0,0,0,0,0,0,1,0,0.0,7,0,0.0,1.96,0.0,0.0,,0,0,30,4,1,10,1,0,0,8,0,,,,,,,,,,,,,,,adnan januzaj,0.2532,0.89250676
1216,Luca Jaquez,ch SUI,DF,Stuttgart,de Bundesliga,22.0,2003.0,12,10,867,9.6,0,1,1,0,0,0,1,0,0.1,4,0,0.0,0.42,0.0,0.0,,0,0,0,7,11,2,1,0,0,4,0,,,,,,,,,,,,,,,luca jaquez,0.066,0.39187189
1217,Ardon Jashari,ch SUI,MF,Milan,it Serie A,23.0,2002.0,12,5,556,6.2,0,1,1,0,0,0,0,0,0.16,7,2,28.6,1.13,0.32,0.0,0.0,0,0,9,10,5,5,0,0,0,10,0,,,,,,,,,,,,,,,ardon jashari,0.2018,0.50472082
1218,Bakery Jatta,gm GAM,MF,Hamburger SV,de Bundesliga,27.0,1998.0,14,11,847,9.4,0,1,1,0,0,0,1,0,0.11,10,3,30.0,1.06,0.32,0.0,0.0,0,0,19,10,6,5,1,0,0,11,0,,,,,,,,,,,,,,,bakery jatta,0.4129,0.5693709
1219,Mikel Jauregizar,es ESP,MF,Athletic Club,es La Liga,22.0,2003.0,32,31,2559,28.4,2,0,2,2,0,0,6,1,0.07,32,9,28.1,1.13,0.32,0.06,0.22,0,0,64,41,45,32,6,1,1,43,0,,,,,,,,,,,,,,,mikel jauregizar,1.4741,2.14229007
1221,Finn Jeltsch,de GER,DF,Stuttgart,de Bundesliga,19.0,2006.0,22,17,1507,16.7,0,1,1,0,0,0,3,0,0.06,3,0,0.0,0.18,0.0,0.0,,0,0,3,14,19,16,3,0,0,13,0,,,,,,,,,,,,,,,finn jeltsch,0.1457,0.34115653
1223,Mathias Jensen,dk DEN,MF,Brentford,eng Premier League,30.0,1996.0,33,23,2013,22.4,3,1,4,3,0,0,3,0,0.18,27,8,29.6,1.21,0.36,0.11,0.38,0,0,116,23,18,12,3,0,0,18,0,,,,,,,,,,,,,,,mathias jensen,2.1246,4.72355433
1225,Moritz Jenz,de GER,DF,Wolfsburg,de Bundesliga,27.0,1999.0,22,20,1787,19.9,1,0,1,1,0,0,8,1,0.05,5,1,20.0,0.25,0.05,0.2,1.0,0,0,1,22,12,7,8,1,1,31,1,,,,,,,,,,,,,,,moritz jenz,0.5445,0.21128358
1226,Gabriel Jesus,br BRA,FW,Arsenal,eng Premier League,29.0,1997.0,13,2,355,3.9,2,0,2,2,0,0,2,0,0.51,15,10,66.7,3.8,2.54,0.13,0.2,0,0,0,0,2,1,2,0,0,6,0,,,,,,,,,,,,,,,gabriel jesus,1.8434,0.2477887
1227,Igor Jesus,br BRA,FW,Nottingham Forest,eng Premier League,25.0,2001.0,34,25,2043,22.7,6,4,10,5,1,1,1,0,0.4,62,17,27.4,2.73,0.75,0.08,0.29,1,1,9,14,2,36,1,0,0,38,0,,,,,,,,,,,,,,,igor jesus,5.1855,1.17162486
1228,Juan Jesus,br BRA,DF,Napoli,it Serie A,34.0,1991.0,23,19,1630,18.1,0,0,0,0,0,0,10,1,0.0,3,0,0.0,0.17,0.0,0.0,,0,0,1,20,26,2,10,1,1,39,0,,,,,,,,,,,,,,,juan jesus,0.3325,0.28066739
1229,Álex Jiménez,es ESP,"DF,MF",Bournemouth,eng Premier League,21.0,2005.0,31,26,2317,25.7,1,0,1,1,0,0,10,0,0.04,21,4,19.0,0.82,0.16,0.05,0.25,0,0,51,45,27,20,10,0,0,35,0,,,,,,,,,,,,,,,alex jimenez,1.1061,1.44211025
1230,Álex Jiménez,es ESP,DF,Milan,it Serie A,21.0,2005.0,1,0,45,0.5,0,0,0,0,0,0,1,0,0.0,0,0,,0.0,0.0,,,0,0,1,0,0,1,1,0,0,0,0,,,,,,,,,,,,,,,alex jimenez,1.1061,1.44211025
1232,Raúl Jiménez,mx MEX,FW,Fulham,eng Premier League,35.0,1991.0,34,27,2146,23.8,9,3,12,5,4,4,5,0,0.34,70,18,25.7,2.94,0.75,0.07,0.28,4,4,7,19,7,33,5,0,0,45,0,,,,,,,,,,,,,,,raul jimenez,11.1094,0.90505462
1234,João Pedro,br BRA,"FW,MF",Chelsea,eng Premier League,24.0,2001.0,33,29,2481,27.6,15,5,20,15,0,0,4,0,0.73,68,28,41.2,2.47,1.02,0.22,0.54,0,0,18,15,5,50,4,0,0,35,0,,,,,,,,,,,,,,,joao pedro,13.7226,1.9204388
1235,Joelinton,br BRA,MF,Newcastle United,eng Premier League,29.0,1996.0,26,22,1861,20.7,2,1,3,2,0,0,10,0,0.15,29,10,34.5,1.4,0.48,0.07,0.2,0,0,10,20,27,27,10,0,0,42,0,,,,,,,,,,,,,,,joelinton,2.1269,1.15562194
1237,Þórir Jóhann Helgason,is ISL,MF,Lecce,it Serie A,25.0,2000.0,7,1,126,1.4,0,0,0,0,0,0,0,0,0.0,2,1,50.0,1.43,0.71,0.0,0.0,0,0,4,0,2,0,0,0,0,0,0,,,,,,,,,,,,,,,orir johann helgason,0.115,0.14137387
1241,Brennan Johnson,wls WAL,"MF,FW",Tottenham Hotspur,eng Premier League,24.0,2001.0,16,6,610,6.8,2,0,2,2,0,0,2,0,0.3,6,2,33.3,0.89,0.3,0.33,1.0,0,0,23,9,2,4,2,0,0,2,0,,,,,,,,,,,,,,,brennan johnson,1.8356,0.91935419
1242,Brennan Johnson,wls WAL,"MF,FW",Crystal Palace,eng Premier League,24.0,2001.0,15,11,914,10.2,0,1,1,0,0,0,4,0,0.1,17,3,17.6,1.67,0.3,0.0,0.0,0,0,35,5,2,9,4,0,0,16,0,,,,,,,,,,,,,,,brennan johnson,1.8356,0.91935419
1245,Curtis Jones,eng ENG,"MF,DF",Liverpool,eng Premier League,25.0,2001.0,31,15,1667,18.5,0,2,2,0,0,0,2,0,0.11,19,6,31.6,1.03,0.32,0.0,0.0,0,0,10,19,16,25,2,0,0,15,0,,,,,,,,,,,,,,,curtis jones,2.048,2.59281672
1246,Ricky-Jade Jones,eng ENG,FW,St Pauli,de Bundesliga,24.0,2001.0,8,3,337,3.7,2,0,2,2,0,0,1,0,0.53,11,6,54.5,2.94,1.6,0.18,0.33,0,0,8,2,1,7,1,0,0,8,0,,,,,,,,,,,,,,,ricky-jade jones,1.6236,0.45061593
1247,Frenkie de Jong,nl NED,MF,Barcelona,es La Liga,28.0,1997.0,23,16,1580,17.6,1,5,6,1,0,0,4,1,0.34,7,2,28.6,0.4,0.11,0.14,0.5,0,0,4,18,17,25,4,1,1,10,0,,,,,,,,,,,,,,,frenkie de jong,1.1694,3.47601078
1249,Josan,es ESP,"MF,DF",Elche,es La Liga,36.0,1989.0,17,4,536,6.0,0,2,2,0,0,0,2,0,0.34,3,1,33.3,0.5,0.17,0.0,0.0,0,0,63,7,5,5,2,0,0,5,0,,,,,,,,,,,,,,,josan,0.259,1.87528564
1250,Mateo Joseph,es ESP,"MF,FW",Mallorca,es La Liga,22.0,2003.0,29,19,1699,18.9,2,3,5,2,0,0,2,0,0.26,33,14,42.4,1.75,0.74,0.06,0.14,0,0,14,19,13,31,2,0,0,19,0,,,,,,,,,,,,,,,mateo joseph,5.0949,0.90152823
1251,Lazar Jovanović,rs SRB,FW,Stuttgart,de Bundesliga,19.0,2006.0,3,0,40,0.4,0,0,0,0,0,0,0,0,0.0,1,0,0.0,2.25,0.0,0.0,,0,0,0,0,0,1,0,0,0,1,0,,,,,,,,,,,,,,,lazar jovanovic,0.0699,0.33543196
1252,Juanmi,es ESP,"FW,MF",Getafe,es La Liga,32.0,1993.0,8,0,179,2.0,1,0,1,1,0,0,0,0,0.5,2,1,50.0,1.01,0.5,0.5,1.0,0,0,0,0,0,1,0,0,0,2,0,,,,,,,,,,,,,,,juanmi,0.1483,0.10740251
1254,Anthony Jung,de GER,DF,Freiburg,de Bundesliga,34.0,1991.0,11,4,506,5.6,0,0,0,0,0,0,2,0,0.0,1,0,0.0,0.18,0.0,0.0,,0,0,0,0,9,3,2,0,0,4,0,,,,,,,,,,,,,,,anthony jung,0.0271,0.76468331
1255,Eli Junior Kroupi,fr FRA,"MF,FW",Bournemouth,eng Premier League,19.0,2006.0,30,18,1447,16.1,12,0,12,10,2,2,5,0,0.62,43,20,46.5,2.67,1.24,0.23,0.5,2,2,9,6,8,11,5,0,0,23,0,,,,,,,,,,,,,,,eli junior kroupi,6.707,1.02595103
1257,Hamed Junior Traorè,ci CIV,MF,Bournemouth,eng Premier League,26.0,2000.0,1,0,17,0.2,0,1,1,0,0,0,0,0,5.29,0,0,,0.0,0.0,,,0,0,1,0,0,0,0,0,0,0,0,,,,,,,,,,,,,,,hamed junior traore,2.138,1.00420523
1258,Hamed Junior Traorè,ci CIV,MF,Marseille,fr Ligue 1,26.0,2000.0,13,7,619,6.9,2,1,3,2,0,0,1,0,0.44,13,6,46.2,1.89,0.87,0.15,0.33,0,0,33,7,5,11,1,0,0,8,0,,,,,,,,,,,,,,,hamed junior traore,2.138,1.00420523
1259,Vinicius Júnior,br BRA,"FW,MF",Real Madrid,es La Liga,25.0,2000.0,33,29,2559,28.4,15,5,20,11,4,5,8,0,0.56,95,44,46.3,3.34,1.55,0.12,0.25,4,5,59,15,2,78,8,0,0,33,0,,,,,,,,,,,,,,,vinicius junior,11.6808,4.2007365
1260,Josip Juranović,hr CRO,MF,Union Berlin,de Bundesliga,30.0,1995.0,9,3,294,3.3,0,1,1,0,0,0,1,0,0.31,3,0,0.0,0.92,0.0,0.0,,0,0,37,4,0,3,1,0,0,0,0,,,,,,,,,,,,,,,josip juranovic,0.0671,0.87064628
1261,James Justin,eng ENG,"DF,MF",Leeds United,eng Premier League,28.0,1998.0,26,18,1631,18.1,2,1,3,2,0,0,4,0,0.17,21,6,28.6,1.16,0.33,0.1,0.33,0,0,33,31,24,24,4,0,0,11,0,,,,,,,,,,,,,,,james justin,1.4495,1.06605359
1262,Ferran Jutglà,es ESP,"FW,MF",Celta Vigo,es La Liga,27.0,1999.0,26,19,1471,16.3,7,3,10,7,0,0,4,0,0.61,43,24,55.8,2.63,1.47,0.16,0.29,0,0,18,3,7,24,4,0,0,22,0,,,,,,,,,,,,,,,ferran jutgla,4.8866,1.13586771
1264,Martijn Kaars,nl NED,FW,St Pauli,de Bundesliga,27.0,1999.0,27,12,1168,13.0,3,1,4,2,1,1,2,0,0.23,21,10,47.6,1.62,0.77,0.1,0.2,1,1,11,5,0,6,2,0,0,8,0,,,,,,,,,,,,,,,martijn kaars,3.0326,0.71553343
1265,Mohamed Kaba,gn GUI,MF,Nantes,fr Ligue 1,24.0,2001.0,12,11,918,10.2,0,2,2,0,0,0,2,0,0.2,11,6,54.5,1.08,0.59,0.0,0.0,0,0,2,15,14,27,2,0,0,13,0,,,,,,,,,,,,,,,mohamed kaba,0.4234,0.57667657
1266,Mohamed Kaba,gn GUI,MF,Lecce,it Serie A,24.0,2001.0,15,5,633,7.0,0,0,0,0,0,0,1,0,0.0,9,4,44.4,1.28,0.57,0.0,0.0,0,0,8,7,4,21,1,0,0,12,0,,,,,,,,,,,,,,,mohamed kaba,0.4234,0.57667657
1267,Ozan Kabak,tr TUR,DF,Hoffenheim,de Bundesliga,26.0,2000.0,23,16,1571,17.5,4,0,4,4,0,0,4,0,0.23,32,12,37.5,1.83,0.69,0.13,0.33,0,0,1,16,24,7,4,0,0,23,0,,,,,,,,,,,,,,,ozan kabak,3.5262,0.62020841
1268,Almugera Kabar,de GER,DF,Dortmund,de Bundesliga,19.0,2006.0,1,0,16,0.2,0,0,0,0,0,0,0,0,0.0,1,0,0.0,5.63,0.0,0.0,,0,0,2,1,0,0,0,0,0,0,0,,,,,,,,,,,,,,,almugera kabar,0.1012,0.0153723
1269,Christian Kabasele,be BEL,DF,Udinese,it Serie A,35.0,1991.0,28,26,2139,23.8,3,0,3,3,0,0,5,0,0.13,9,6,66.7,0.38,0.25,0.33,0.5,0,0,0,12,31,25,5,0,0,32,0,,,,,,,,,,,,,,,christian kabasele,1.2405,0.0734048
1270,Anton Kade,de GER,"MF,FW",Augsburg,de Bundesliga,22.0,2004.0,26,16,1563,17.4,6,0,6,6,0,0,3,0,0.35,41,19,46.3,2.36,1.09,0.15,0.32,0,0,22,12,12,17,3,0,0,20,0,,,,,,,,,,,,,,,anton kade,3.9747,2.37947671
1272,Florian Kainz,at AUT,MF,Köln,de Bundesliga,33.0,1992.0,13,2,258,2.9,1,1,2,1,0,0,1,0,0.7,7,4,57.1,2.44,1.4,0.14,0.25,0,0,18,2,3,4,1,0,0,4,0,,,,,,,,,,,,,,,florian kainz,0.7203,0.55643177
1274,Arnaud Kalimuendo,fr FRA,FW,Nottingham Forest,eng Premier League,24.0,2002.0,9,0,96,1.1,0,0,0,0,0,0,0,0,0.0,4,1,25.0,3.75,0.94,0.0,0.0,0,0,2,1,0,0,0,0,0,2,0,,,,,,,,,,,,,,,arnaud kalimuendo,3.9791,1.07442998
1275,Arnaud Kalimuendo,fr FRA,"FW,MF",Eintracht Frankfurt,de Bundesliga,24.0,2002.0,18,16,1372,15.2,6,1,7,6,0,0,4,0,0.46,30,16,53.3,1.97,1.05,0.2,0.38,0,0,15,4,3,18,4,0,0,9,0,,,,,,,,,,,,,,,arnaud kalimuendo,3.9791,1.07442998
1276,Pierre Kalulu,fr FRA,"DF,MF",Juventus,it Serie A,25.0,2000.0,34,34,3011,33.5,2,4,6,2,0,0,3,1,0.18,13,4,30.8,0.39,0.12,0.15,0.5,0,0,84,32,24,14,3,1,1,31,0,,,,,,,,,,,,,,,pierre kalulu,1.7385,2.86546262
1279,Daichi Kamada,jp JPN,MF,Crystal Palace,eng Premier League,29.0,1996.0,24,19,1661,18.5,0,0,0,0,0,0,2,0,0.0,16,4,25.0,0.87,0.22,0.0,0.0,0,0,36,32,11,24,2,0,0,28,0,,,,,,,,,,,,,,,daichi kamada,1.3912,2.07990528
1280,Warren Kamanzi,no NOR,MF,Toulouse,fr Ligue 1,25.0,2000.0,23,7,839,9.3,0,1,1,0,0,0,1,0,0.11,10,1,10.0,1.07,0.11,0.0,0.0,0,0,12,11,7,8,1,0,0,8,0,,,,,,,,,,,,,,,warren kamanzi,0.5542,0.69640892
1281,Abu Kamara,eng ENG,MF,Getafe,es La Liga,22.0,2003.0,12,1,256,2.8,0,0,0,0,0,0,1,0,0.0,4,1,25.0,1.41,0.35,0.0,0.0,0,0,9,2,3,4,1,0,0,2,0,,,,,,,,,,,,,,,abu kamara,0.3321,0.05126727
1283,Boubacar Kamara,fr FRA,MF,Aston Villa,eng Premier League,26.0,1999.0,18,17,1411,15.7,1,3,4,1,0,0,5,0,0.26,7,4,57.1,0.45,0.26,0.14,0.25,0,0,2,16,15,30,5,0,0,16,0,,,,,,,,,,,,,,,boubacar kamara,0.4904,0.86047139
1285,Hassane Kamara,ci CIV,"MF,DF",Udinese,it Serie A,32.0,1994.0,24,20,1693,18.8,0,1,1,0,0,0,4,0,0.05,16,5,31.3,0.85,0.27,0.0,0.0,0,0,74,18,24,10,4,0,0,15,0,,,,,,,,,,,,,,,hassane kamara,0.6474,1.17865387
1288,Jakub Kamiński,pl POL,"MF,FW",Köln,de Bundesliga,23.0,2002.0,32,32,2837,31.5,7,3,10,7,0,0,4,0,0.32,61,25,41.0,1.94,0.79,0.11,0.28,0,0,107,27,22,28,4,0,0,13,0,,,,,,,,,,,,,,,jakub kaminski,5.3163,5.29134353
1291,Harry Kane,eng ENG,"FW,MF",Bayern Munich,de Bundesliga,32.0,1993.0,29,23,2197,24.4,33,5,38,23,10,10,1,0,1.15,111,63,56.8,4.55,2.58,0.21,0.37,10,10,12,12,7,32,1,0,0,24,0,,,,,,,,,,,,,,,harry kane,24.9097,3.8202388
1294,Mohamadou Kanté,fr FRA,MF,West Ham United,eng Premier League,20.0,2005.0,9,0,44,0.5,0,0,0,0,0,0,1,0,0.0,2,0,0.0,4.09,0.0,0.0,,0,0,0,4,0,0,1,0,0,1,0,,,,,,,,,,,,,,,mohamadou kante,0.0943,0.04233756
1295,Adam Karabec,cz CZE,"MF,FW",Lyon,fr Ligue 1,22.0,2003.0,21,11,922,10.2,1,0,1,1,0,0,3,0,0.1,9,5,55.6,0.88,0.49,0.11,0.2,0,0,80,3,1,20,3,0,0,14,0,,,,,,,,,,,,,,,adam karabec,1.6518,1.95613821
1296,Atakan Karazor,tr TUR,MF,Stuttgart,de Bundesliga,29.0,1996.0,28,22,1884,20.9,0,1,1,0,0,0,5,1,0.05,7,2,28.6,0.33,0.1,0.0,0.0,0,0,7,27,15,34,5,1,0,20,0,,,,,,,,,,,,,,,atakan karazor,0.726,1.70889793
1298,Lennart Karl,de GER,MF,Bayern Munich,de Bundesliga,18.0,2008.0,24,15,1206,13.4,5,4,9,5,0,0,1,0,0.67,39,20,51.3,2.91,1.49,0.13,0.25,0,0,25,14,9,11,1,0,0,5,0,,,,,,,,,,,,,,,lennart karl,7.013,4.05818171
1299,Jesper Karlström,se SWE,MF,Udinese,it Serie A,30.0,1995.0,33,33,2908,32.3,1,0,1,1,0,0,5,0,0.03,18,2,11.1,0.56,0.06,0.06,0.5,0,0,11,32,35,26,5,0,0,39,0,,,,,,,,,,,,,,,jesper karlstrom,0.7842,1.03053993
1300,Jon Karrikaburu,es ESP,FW,Real Sociedad,es La Liga,23.0,2002.0,7,0,135,1.5,0,0,0,0,0,0,0,0,0.0,7,2,28.6,4.67,1.33,0.0,0.0,0,0,1,2,0,4,0,0,0,3,0,,,,,,,,,,,,,,,jon karrikaburu,0.8976,0.03076445
1303,Panos Katseris,gr GRE,"MF,DF",Lorient,fr Ligue 1,24.0,2001.0,14,6,568,6.3,1,2,3,1,0,0,3,0,0.48,7,4,57.1,1.11,0.63,0.14,0.25,0,0,31,8,10,13,3,0,0,11,0,,,,,,,,,,,,,,,panos katseris,0.8522,1.28802142
1304,Mikkel Kaufmann,dk DEN,FW,Heidenheim,de Bundesliga,25.0,2001.0,16,6,537,6.0,1,1,2,1,0,0,2,0,0.34,11,3,27.3,1.84,0.5,0.09,0.33,0,0,1,2,1,13,2,0,0,14,0,,,,,,,,,,,,,,,mikkel kaufmann,1.4182,0.60937981
1305,Sota Kawasaki,jp JPN,"MF,DF",Mainz 05,de Bundesliga,24.0,2001.0,10,3,309,3.4,0,0,0,0,0,0,1,0,0.0,1,0,0.0,0.29,0.0,0.0,,0,0,3,5,3,2,1,0,0,6,0,,,,,,,,,,,,,,,sota kawasaki,0.0789,0.27640384
1306,Michael Kayode,it ITA,DF,Brentford,eng Premier League,21.0,2004.0,34,34,2988,33.2,1,1,2,1,0,0,7,0,0.06,9,3,33.3,0.27,0.09,0.11,0.33,0,0,53,44,38,47,7,0,0,23,1,,,,,,,,,,,,,,,michael kayode,0.7197,2.65038293
1307,Moise Kean,it ITA,FW,Fiorentina,it Serie A,26.0,2000.0,26,23,2036,22.6,8,1,9,6,2,2,4,0,0.31,98,27,27.6,4.33,1.19,0.06,0.22,2,2,7,4,7,44,4,0,0,29,0,,,,,,,,,,,,,,,moise kean,15.0577,0.18227396
1308,Michael Keane,eng ENG,DF,Everton,eng Premier League,33.0,1993.0,30,26,2321,25.8,3,0,3,3,0,0,1,1,0.12,22,6,27.3,0.85,0.23,0.14,0.5,0,0,1,23,34,6,1,1,0,16,0,,,,,,,,,,,,,,,michael keane,1.945,0.22329042
1309,Ilan Kebbal,dz ALG,"MF,FW",Paris FC,fr Ligue 1,27.0,1998.0,27,25,2153,23.9,9,4,13,6,3,4,7,0,0.42,48,19,39.6,2.01,0.79,0.13,0.32,3,4,106,15,7,60,7,0,0,15,0,,,,,,,,,,,,,,,ilan kebbal,5.7139,5.3654467
1310,Yassine Kechta,ma MAR,MF,Le Havre,fr Ligue 1,24.0,2002.0,28,13,1258,14.0,2,1,3,2,0,0,3,0,0.21,20,8,40.0,1.43,0.57,0.1,0.25,0,0,26,16,17,15,3,0,0,33,0,,,,,,,,,,,,,,,yassine kechta,1.4495,1.57468518
1311,Thilo Kehrer,de GER,DF,Monaco,fr Ligue 1,29.0,1996.0,26,26,2254,25.0,0,0,0,0,0,0,8,2,0.0,16,1,6.3,0.64,0.04,0.0,0.0,0,0,5,37,29,28,8,2,1,26,0,,,,,,,,,,,,,,,thilo kehrer,1.5984,0.49939745
1312,Mandela Keita,be BEL,MF,Parma,it Serie A,23.0,2002.0,34,33,2728,30.3,0,1,1,0,0,0,1,0,0.03,14,3,21.4,0.46,0.1,0.0,0.0,0,0,2,43,41,55,1,0,0,28,1,,,,,,,,,,,,,,,mandela keita,0.3371,0.35772221
1316,Lloyd Kelly,eng ENG,DF,Juventus,it Serie A,27.0,1998.0,32,30,2736,30.4,1,1,2,1,0,0,4,0,0.07,16,3,18.8,0.53,0.1,0.06,0.33,0,0,10,31,14,17,4,0,0,38,0,,,,,,,,,,,,,,,lloyd kelly,0.7141,1.2779412
1317,Aljoscha Kemlein,de GER,MF,Union Berlin,de Bundesliga,21.0,2004.0,28,21,1779,19.8,0,1,1,0,0,0,3,0,0.05,15,2,13.3,0.76,0.1,0.0,0.0,0,0,9,22,18,11,3,0,0,21,0,,,,,,,,,,,,,,,aljoscha kemlein,0.8015,1.56097847
1319,Luca Kerber,de GER,MF,Heidenheim,de Bundesliga,24.0,2002.0,17,8,674,7.5,2,0,2,2,0,0,3,0,0.27,9,3,33.3,1.2,0.4,0.22,0.67,0,0,4,11,3,5,3,0,0,12,0,,,,,,,,,,,,,,,luca kerber,1.6867,0.21502119
1320,Milos Kerkez,hu HUN,DF,Liverpool,eng Premier League,22.0,2003.0,31,25,2069,23.0,2,1,3,2,0,0,4,0,0.13,8,2,25.0,0.35,0.09,0.25,1.0,0,0,76,26,13,23,4,0,0,20,0,,,,,,,,,,,,,,,milos kerkez,1.5586,0.65932665
1321,Kevin,br BRA,MF,Fulham,eng Premier League,23.0,2003.0,23,8,908,10.1,1,1,2,1,0,0,1,0,0.2,22,9,40.9,2.18,0.89,0.05,0.11,0,0,40,8,9,15,1,0,0,12,0,,,,,,,,,,,,,,,kevin,1.114,1.40882206
1322,Reda Khadra,de GER,FW,Le Havre,fr Ligue 1,24.0,2001.0,8,1,229,2.5,0,0,0,0,0,0,0,0,0.0,6,3,50.0,2.36,1.18,0.0,0.0,0,0,20,4,0,1,0,0,0,4,0,,,,,,,,,,,,,,,reda khadra,0.2128,0.8140522
1323,Bilal El Khannouss,ma MAR,"MF,FW",Stuttgart,de Bundesliga,21.0,2004.0,24,19,1617,18.0,4,5,9,4,0,0,6,0,0.5,42,15,35.7,2.34,0.83,0.1,0.27,0,0,65,21,10,9,6,0,0,18,0,,,,,,,,,,,,,,,bilal el khannouss,2.7643,4.92339477
1324,Rani Khedira,tn TUN,MF,Union Berlin,de Bundesliga,32.0,1994.0,31,31,2740,30.4,5,1,6,5,0,0,7,0,0.2,23,10,43.5,0.76,0.33,0.22,0.5,0,0,25,35,37,18,7,0,0,48,0,,,,,,,,,,,,,,,rani khedira,2.0121,1.30975883
1325,Abdukodir Khusanov,uz UZB,DF,Manchester City,eng Premier League,22.0,2004.0,19,13,1252,13.9,0,0,0,0,0,0,2,0,0.0,5,1,20.0,0.36,0.07,0.0,0.0,0,0,2,19,26,6,2,0,0,12,0,,,,,,,,,,,,,,,abdukodir khusanov,0.6055,0.28316172
1329,Semih Kılıçsoy,tr TUR,FW,Cagliari,it Serie A,20.0,2005.0,22,11,975,10.8,4,0,4,4,0,0,1,0,0.37,17,8,47.1,1.57,0.74,0.24,0.5,0,0,1,4,1,15,1,0,0,14,0,,,,,,,,,,,,,,,semih klcsoy,1.863,0.19579845
1330,Max Kilman,eng ENG,DF,West Ham United,eng Premier League,28.0,1997.0,21,17,1561,17.3,0,0,0,0,0,0,4,0,0.0,7,1,14.3,0.4,0.06,0.0,0.0,0,0,2,8,6,2,4,0,0,16,0,,,,,,,,,,,,,,,max kilman,0.5682,0.30917744
1331,Joshua Kimmich,de GER,MF,Bayern Munich,de Bundesliga,31.0,1995.0,27,22,2100,23.3,2,6,8,2,0,0,4,0,0.34,27,10,37.0,1.16,0.43,0.07,0.2,0,0,119,22,21,20,4,0,0,7,0,,,,,,,,,,,,,,,joshua kimmich,2.4114,9.3811277
1332,Joshua King,eng ENG,MF,Fulham,eng Premier League,19.0,2007.0,29,15,1250,13.9,1,2,3,1,0,0,3,0,0.22,24,10,41.7,1.73,0.72,0.04,0.1,0,0,11,11,3,27,3,0,0,11,0,,,,,,,,,,,,,,,joshua king,2.3101,0.5189767
1336,Lukas Klostermann,de GER,DF,RB Leipzig,de Bundesliga,29.0,1996.0,5,1,95,1.1,0,1,1,0,0,0,0,0,0.95,2,1,50.0,1.89,0.95,0.0,0.0,0,0,0,0,1,0,0,0,0,0,0,,,,,,,,,,,,,,,lukas klostermann,0.0871,0.02383193
1337,Justin Kluivert,nl NED,MF,Bournemouth,eng Premier League,27.0,1999.0,18,10,919,10.2,2,0,2,2,0,0,4,0,0.2,16,4,25.0,1.57,0.39,0.13,0.5,0,0,40,7,4,9,4,0,0,15,0,,,,,,,,,,,,,,,justin kluivert,2.2492,1.52075206
1338,Ruben Kluivert,nl NED,DF,Lyon,fr Ligue 1,24.0,2001.0,15,8,727,8.1,1,2,3,1,0,0,4,0,0.37,1,1,100.0,0.12,0.12,1.0,1.0,0,0,1,9,8,3,4,0,0,10,0,,,,,,,,,,,,,,,ruben kluivert,0.2144,0.47022426
1339,Ansgar Knauff,de GER,"MF,FW",Eintracht Frankfurt,de Bundesliga,24.0,2002.0,27,12,1252,13.9,4,1,5,4,0,0,3,0,0.36,33,14,42.4,2.37,1.01,0.12,0.29,0,0,37,10,9,12,3,0,0,25,0,,,,,,,,,,,,,,,ansgar knauff,3.5949,1.55767982
1342,Robin Koch,de GER,DF,Eintracht Frankfurt,de Bundesliga,29.0,1996.0,31,31,2743,30.5,3,1,4,3,0,0,3,1,0.13,14,5,35.7,0.46,0.16,0.21,0.6,0,0,2,26,46,12,3,1,1,29,0,,,,,,,,,,,,,,,robin koch,1.2983,1.5842675
1343,Christian Kofane,cm CMR,FW,Leverkusen,de Bundesliga,19.0,2006.0,28,11,1162,12.9,5,3,8,5,0,0,3,0,0.62,45,19,42.2,3.49,1.47,0.11,0.26,0,0,0,7,2,14,3,0,0,28,0,,,,,,,,,,,,,,,christian kofane,6.7398,0.95751318
1346,Derrick Köhn,gh GHA,"MF,DF",Union Berlin,de Bundesliga,27.0,1999.0,28,21,1868,20.8,1,2,3,0,1,1,4,1,0.1,28,5,17.9,1.35,0.24,0.0,0.0,1,1,113,22,8,15,4,1,0,32,0,,,,,,,,,,,,,,,derrick kohn,2.153,3.73737024
1348,Dominik Kohr,de GER,DF,Mainz 05,de Bundesliga,32.0,1994.0,27,26,2158,24.0,2,0,2,2,0,0,11,2,0.08,13,3,23.1,0.54,0.13,0.15,0.67,0,0,14,32,40,42,11,2,1,39,0,,,,,,,,,,,,,,,dominik kohr,1.2781,2.01548258
1349,Koke,es ESP,MF,Atlético Madrid,es La Liga,34.0,1992.0,30,20,1859,20.7,2,2,4,2,0,0,5,0,0.19,11,4,36.4,0.53,0.19,0.18,0.5,0,0,29,29,18,16,5,0,0,19,0,,,,,,,,,,,,,,,koke,0.4427,3.51581623
1350,Sead Kolašinac,ba BIH,DF,Atalanta,it Serie A,32.0,1993.0,17,14,1119,12.4,0,0,0,0,0,0,3,0,0.0,3,0,0.0,0.24,0.0,0.0,,0,0,3,18,10,10,3,0,0,19,0,,,,,,,,,,,,,,,sead kolasinac,0.1948,0.2734921
1351,Luca Koleosho,it ITA,MF,Paris FC,fr Ligue 1,21.0,2004.0,14,2,441,4.9,3,0,3,3,0,0,0,0,0.61,14,10,71.4,2.86,2.04,0.21,0.3,0,0,14,11,3,3,0,0,0,9,0,,,,,,,,,,,,,,,luca koleosho,1.1643,0.30210766
1352,Luca Koleosho,it ITA,MF,Espanyol,es La Liga,21.0,2004.0,3,0,63,0.7,0,0,0,0,0,0,0,0,0.0,1,0,0.0,1.43,0.0,0.0,,0,0,5,1,1,0,0,0,0,3,0,,,,,,,,,,,,,,,luca koleosho,1.1643,0.30210766
1353,Adam Kölle,de GER,DF,Heidenheim,de Bundesliga,20.0,2006.0,6,0,93,1.0,1,0,1,1,0,0,1,0,0.97,2,1,50.0,1.94,0.97,0.5,1.0,0,0,1,1,1,1,1,0,0,5,0,,,,,,,,,,,,,,,adam kolle,0.6488,0.06567885
1354,Randal Kolo Muani,fr FRA,"FW,MF",Tottenham Hotspur,eng Premier League,27.0,1998.0,27,19,1488,16.5,1,1,2,1,0,0,3,0,0.12,19,4,21.1,1.15,0.24,0.05,0.25,0,0,13,15,2,17,3,0,0,38,0,,,,,,,,,,,,,,,randal kolo muani,1.8901,1.49491881
1355,Timothée Kolodziejczak,fr FRA,DF,Paris FC,fr Ligue 1,34.0,1991.0,11,7,662,7.4,0,0,0,0,0,0,2,0,0.0,1,1,100.0,0.14,0.14,0.0,0.0,0,0,0,6,7,1,2,0,0,8,0,,,,,,,,,,,,,,,timothee kolodziejczak,0.1181,0.09711124
1356,Mert Kömür,de GER,"MF,FW",Augsburg,de Bundesliga,20.0,2005.0,26,15,1332,14.8,2,3,5,2,0,0,1,0,0.34,37,13,35.1,2.5,0.88,0.05,0.15,0,0,56,12,7,17,1,0,0,24,0,,,,,,,,,,,,,,,mert komur,3.2014,2.02082397
1357,Ibrahima Konaté,fr FRA,DF,Liverpool,eng Premier League,26.0,1999.0,33,33,2836,31.5,1,0,1,1,0,0,6,0,0.03,10,3,30.0,0.32,0.1,0.1,0.33,0,0,3,30,27,38,6,0,0,31,0,,,,,,,,,,,,,,,ibrahima konate,1.0717,0.92112502
1359,Geoffrey Kondogbia,cf CTA,"MF,DF",Marseille,fr Ligue 1,33.0,1993.0,10,9,587,6.5,0,0,0,0,0,0,3,0,0.0,4,1,25.0,0.61,0.15,0.0,0.0,0,0,1,9,11,8,3,0,0,12,0,,,,,,,,,,,,,,,geoffrey kondogbia,0.2713,0.25311396
1360,Ismaël Koné,ca CAN,MF,Sassuolo,it Serie A,23.0,2002.0,33,31,2602,28.9,6,0,6,6,0,0,5,1,0.21,20,10,50.0,0.69,0.35,0.3,0.6,0,0,5,16,12,50,5,1,1,25,0,,,,,,,,,,,,,,,ismael kone,4.6773,1.6175834
1361,Manu Koné,fr FRA,MF,Roma,it Serie A,24.0,2001.0,27,27,2363,26.3,2,3,5,2,0,0,2,0,0.19,21,5,23.8,0.8,0.19,0.1,0.4,0,0,1,27,19,51,2,0,0,44,0,,,,,,,,,,,,,,,manu kone,2.1114,1.9481257
1363,Ezri Konsa,eng ENG,DF,Aston Villa,eng Premier League,28.0,1997.0,32,32,2855,31.7,0,0,0,0,0,0,0,1,0.0,11,2,18.2,0.35,0.06,0.0,0.0,0,0,5,7,22,35,0,1,0,11,0,,,,,,,,,,,,,,,ezri konsa,1.2515,0.55613231
1364,Teun Koopmeiners,nl NED,"DF,MF",Juventus,it Serie A,28.0,1998.0,30,16,1671,18.6,0,0,0,0,0,0,5,0,0.0,28,7,25.0,1.51,0.38,0.0,0.0,0,0,41,11,18,9,5,0,0,28,0,,,,,,,,,,,,,,,teun koopmeiners,1.4845,1.18656145
1366,Odilon Kossounou,ci CIV,DF,Atalanta,it Serie A,25.0,2001.0,18,10,973,10.8,1,0,1,1,0,0,1,0,0.09,5,1,20.0,0.46,0.09,0.2,1.0,0,0,2,14,10,3,1,0,0,16,0,,,,,,,,,,,,,,,odilon kossounou,0.3877,0.14630651
1367,Filip Kostić,rs SRB,MF,Juventus,it Serie A,33.0,1992.0,18,4,479,5.3,3,1,4,3,0,0,1,0,0.75,9,4,44.4,1.69,0.75,0.33,0.75,0,0,49,10,4,5,1,0,0,8,0,,,,,,,,,,,,,,,filip kostic,0.586,1.17549743
1368,Charalampos Kostoulas,gr GRE,FW,Brighton,eng Premier League,18.0,2007.0,18,2,325,3.6,2,1,3,2,0,0,2,0,0.83,17,7,41.2,4.71,1.94,0.12,0.29,0,0,5,6,1,7,2,0,0,7,0,,,,,,,,,,,,,,,charalampos kostoulas,1.8233,0.28872902
1371,Koffi Kouao,ci CIV,"DF,MF",Metz,fr Ligue 1,27.0,1998.0,26,26,2201,24.5,2,1,3,2,0,0,10,0,0.12,23,10,43.5,0.94,0.41,0.09,0.2,0,0,57,45,28,33,10,0,0,32,1,,,,,,,,,,,,,,,koffi kouao,1.7454,1.61660783
1372,Arsène Kouassi,bf BFA,MF,Lorient,fr Ligue 1,21.0,2004.0,29,28,2425,26.9,2,5,7,2,0,0,4,0,0.26,7,4,57.1,0.26,0.15,0.29,0.5,0,0,111,18,21,50,4,0,0,13,0,,,,,,,,,,,,,,,arsene kouassi,0.5385,2.95348535
1374,Konstantinos Koulierakis,gr GRE,DF,Wolfsburg,de Bundesliga,22.0,2003.0,27,25,2302,25.6,3,1,4,3,0,0,5,0,0.16,24,11,45.8,0.94,0.43,0.13,0.27,0,0,19,23,33,12,5,0,0,26,1,,,,,,,,,,,,,,,konstantinos koulierakis,2.8122,1.12656805
1375,Seny Koumbassa,fr FRA,DF,Toulouse,fr Ligue 1,18.0,2007.0,8,4,443,4.9,1,0,1,1,0,0,0,0,0.2,3,1,33.3,0.61,0.2,0.33,1.0,0,0,0,6,4,0,0,0,0,1,0,,,,,,,,,,,,,,,seny koumbassa,0.2496,0.01879133
1376,Jules Koundé,fr FRA,DF,Barcelona,es La Liga,27.0,1998.0,28,22,2081,23.1,1,3,4,1,0,0,5,0,0.17,13,3,23.1,0.56,0.13,0.08,0.33,0,0,35,24,28,22,5,0,0,22,0,,,,,,,,,,,,,,,jules kounde,1.6081,3.11107721
1380,Goduine Koyalipou,cf CTA,FW,Angers,fr Ligue 1,26.0,2000.0,11,6,551,6.1,1,0,1,0,1,1,0,0,0.0,16,6,37.5,2.61,0.98,0.0,0.0,1,1,2,2,1,4,0,0,0,4,0,,,,,,,,,,,,,,,goduine koyalipou,1.4573,0.13778543
1381,Goduine Koyalipou,cf CTA,FW,Levante,es La Liga,26.0,2000.0,11,2,247,2.7,1,0,1,1,0,0,1,0,0.36,10,4,40.0,3.64,1.46,0.1,0.25,0,0,1,3,1,1,1,0,0,2,0,,,,,,,,,,,,,,,goduine koyalipou,1.4573,0.13778543
1383,Alex Král,cz CZE,MF,Union Berlin,de Bundesliga,27.0,1998.0,20,2,459,5.1,0,0,0,0,0,0,1,0,0.0,7,3,42.9,1.37,0.59,0.0,0.0,0,0,13,5,2,11,1,0,0,4,0,,,,,,,,,,,,,,,alex kral,0.3096,0.48031425
1384,Andrej Kramarić,hr CRO,"MF,FW",Hoffenheim,de Bundesliga,34.0,1991.0,32,24,2065,22.9,14,5,19,9,5,5,2,0,0.61,61,31,50.8,2.66,1.35,0.15,0.29,5,5,79,4,6,14,2,0,0,5,0,,,,,,,,,,,,,,,andrej kramaric,10.1869,4.52231626
1386,Jean-Philippe Krasso,ci CIV,FW,Paris FC,fr Ligue 1,28.0,1997.0,25,12,1092,12.1,2,2,4,1,1,1,0,0,0.25,27,10,37.0,2.23,0.82,0.04,0.1,1,1,4,8,1,19,0,0,0,20,0,,,,,,,,,,,,,,,jean-philippe krasso,3.4315,2.3970958
1387,Tom Krauß,de GER,"MF,DF",Köln,de Bundesliga,24.0,2001.0,25,18,1723,19.1,0,1,1,0,0,0,4,0,0.05,9,2,22.2,0.47,0.1,0.0,0.0,0,0,13,42,26,21,4,0,0,22,0,,,,,,,,,,,,,,,tom krau,0.3744,1.37820163
1388,Ladislav Krejčí,cz CZE,"DF,MF",Wolves,eng Premier League,27.0,1999.0,26,25,2201,24.5,2,1,3,2,0,0,5,1,0.12,19,10,52.6,0.78,0.41,0.11,0.2,0,0,13,16,30,7,5,1,1,32,1,,,,,,,,,,,,,,,ladislav krejci,2.1619,1.43218944
1389,Ladislav Krejčí,cz CZE,DF,Girona,es La Liga,27.0,1999.0,2,2,180,2.0,0,0,0,0,0,0,1,0,0.0,1,0,0.0,0.5,0.0,0.0,,0,0,0,0,1,0,1,0,0,2,0,,,,,,,,,,,,,,,ladislav krejci,2.1619,1.43218944
1390,Rasmus Kristensen,dk DEN,"DF,MF",Eintracht Frankfurt,de Bundesliga,28.0,1997.0,21,18,1459,16.2,2,0,2,2,0,0,6,1,0.12,15,6,40.0,0.93,0.37,0.13,0.33,0,0,33,33,19,10,6,1,1,24,0,,,,,,,,,,,,,,,rasmus kristensen,0.6536,1.13840623
1391,Thomas Kristensen,dk DEN,DF,Udinese,it Serie A,24.0,2002.0,25,25,2234,24.8,3,0,3,3,0,0,4,0,0.12,11,6,54.5,0.44,0.24,0.27,0.5,0,0,4,15,25,7,4,0,0,23,0,,,,,,,,,,,,,,,thomas kristensen,0.7734,0.21763936
1392,Nikola Krstović,me MNE,FW,Atalanta,it Serie A,26.0,2000.0,31,16,1611,17.9,10,4,14,10,0,0,3,0,0.78,93,32,34.4,5.2,1.79,0.11,0.31,0,0,5,10,3,26,3,0,0,37,0,,,,,,,,,,,,,,,nikola krstovic,12.2285,1.73868572
1393,Lukas Kübler,de GER,DF,Freiburg,de Bundesliga,33.0,1992.0,21,18,1489,16.5,2,1,3,2,0,0,2,0,0.18,18,4,22.2,1.09,0.24,0.11,0.5,0,0,26,23,27,10,2,0,0,17,0,,,,,,,,,,,,,,,lukas kubler,3.1476,1.39189051
1394,Takefusa Kubo,jp JPN,MF,Real Sociedad,es La Liga,24.0,2001.0,22,15,1394,15.5,2,4,6,2,0,0,2,0,0.39,27,12,44.4,1.74,0.77,0.07,0.17,0,0,35,17,8,48,2,0,0,7,0,,,,,,,,,,,,,,,takefusa kubo,2.2817,2.88915017
1395,Mohammed Kudus,gh GHA,"MF,FW",Tottenham Hotspur,eng Premier League,25.0,2000.0,19,19,1535,17.1,2,5,7,2,0,0,3,0,0.41,26,9,34.6,1.52,0.53,0.08,0.22,0,0,122,17,3,15,3,0,0,23,0,,,,,,,,,,,,,,,mohammed kudus,1.9301,2.4015259
1396,Nicolas-Gerrit Kühn,de GER,MF,Como,it Serie A,26.0,2000.0,23,6,665,7.4,1,1,2,1,0,0,0,0,0.27,8,3,37.5,1.08,0.41,0.13,0.33,0,0,14,6,5,2,0,0,0,6,0,,,,,,,,,,,,,,,nicolas-gerrit kuhn,1.02,1.23571578
1397,Sandro Kulenović,hr CRO,FW,Torino,it Serie A,26.0,1999.0,12,3,294,3.3,0,1,1,0,0,0,2,0,0.31,5,2,40.0,1.53,0.61,0.0,0.0,0,0,1,2,1,4,2,0,0,11,0,,,,,,,,,,,,,,,sandro kulenovic,0.6662,0.04549117
1398,Sael Kumbedi,fr FRA,"DF,MF",Wolfsburg,de Bundesliga,21.0,2005.0,22,18,1625,18.1,0,5,5,0,0,0,2,0,0.28,4,0,0.0,0.22,0.0,0.0,,0,0,34,29,13,16,2,0,0,19,0,,,,,,,,,,,,,,,sael kumbedi,0.0946,1.79045335
1399,Sael Kumbedi,fr FRA,DF,Lyon,fr Ligue 1,21.0,2005.0,1,1,65,0.7,0,0,0,0,0,0,1,0,0.0,1,0,0.0,1.38,0.0,0.0,,0,0,1,0,1,2,1,0,0,4,0,,,,,,,,,,,,,,,sael kumbedi,0.0946,1.79045335
1400,Marash Kumbulla,al ALB,DF,Mallorca,es La Liga,26.0,2000.0,8,5,439,4.9,0,0,0,0,0,0,1,0,0.0,3,0,0.0,0.62,0.0,0.0,,0,0,2,2,2,5,1,0,0,2,0,,,,,,,,,,,,,,,marash kumbulla,0.0986,0.03598048
1403,Khvicha Kvaratskhelia,ge GEO,FW,Paris Saint-Germain,fr Ligue 1,25.0,2001.0,25,16,1321,14.7,7,4,11,6,1,1,1,0,0.68,63,28,44.4,4.29,1.91,0.1,0.21,1,1,41,13,8,25,1,0,0,17,0,,,,,,,,,,,,,,,khvicha kvaratskhelia,5.7985,4.47072227
1404,Giorgi Kvilitaia,ge GEO,FW,Metz,fr Ligue 1,32.0,1993.0,8,3,342,3.8,2,0,2,2,0,0,1,0,0.53,8,6,75.0,2.11,1.58,0.25,0.33,0,0,0,4,0,4,1,0,0,9,0,,,,,,,,,,,,,,,giorgi kvilitaia,0.7129,0.12508437
1405,Godson Kyeremeh,fr FRA,FW,Le Havre,fr Ligue 1,25.0,2000.0,13,3,381,4.2,1,1,2,1,0,0,0,0,0.47,6,2,33.3,1.42,0.47,0.17,0.5,0,0,15,6,0,19,0,0,0,9,0,,,,,,,,,,,,,,,godson kyeremeh,1.0825,0.27530087
1406,Adrián de la Fuente,es ESP,DF,Levante,es La Liga,27.0,1999.0,30,27,2441,27.1,2,1,3,1,1,2,5,0,0.07,34,7,20.6,1.25,0.26,0.03,0.14,1,2,37,16,45,23,5,0,0,31,1,,,,,,,,,,,,,,,adrian de la fuente,2.9706,1.39137471
1407,Rémy Labeau Lascary,gp GLP,"MF,FW",Brest,fr Ligue 1,23.0,2003.0,24,12,1122,12.5,5,1,6,5,0,0,2,0,0.48,29,14,48.3,2.33,1.12,0.17,0.36,0,0,11,10,4,16,2,0,0,27,0,,,,,,,,,,,,,,,remy labeau lascary,4.5847,1.75245618
1408,Shea Lacey,eng ENG,FW,Manchester Utd,eng Premier League,19.0,2007.0,2,0,14,0.2,0,0,0,0,0,0,0,0,0.0,3,1,33.3,19.29,6.43,0.0,0.0,0,0,0,0,0,0,0,0,0,0,0,,,,,,,,,,,,,,,shea lacey,0.07,0.00033481
1409,Maxence Lacroix,fr FRA,DF,Crystal Palace,eng Premier League,26.0,2000.0,32,32,2845,31.6,1,2,3,1,0,0,4,1,0.09,23,6,26.1,0.73,0.19,0.04,0.17,0,0,5,36,42,18,4,1,0,33,0,,,,,,,,,,,,,,,maxence lacroix,2.0649,0.815341
1413,Konrad Laimer,at AUT,DF,Bayern Munich,de Bundesliga,28.0,1997.0,27,21,1904,21.2,3,8,11,3,0,0,8,0,0.52,17,8,47.1,0.8,0.38,0.18,0.38,0,0,38,22,17,8,8,0,0,26,0,,,,,,,,,,,,,,,konrad laimer,2.4057,4.74523506
1414,Kenny Lala,mg MAD,DF,Brest,fr Ligue 1,34.0,1991.0,30,29,2611,29.0,0,2,2,0,0,0,4,0,0.07,8,1,12.5,0.28,0.03,0.0,0.0,0,0,98,25,25,21,4,0,0,15,0,,,,,,,,,,,,,,,kenny lala,0.2472,3.63960451
1418,Noa Lang,nl NED,"FW,MF",Napoli,it Serie A,26.0,1999.0,18,7,666,7.4,1,2,3,1,0,0,2,0,0.41,9,4,44.4,1.22,0.54,0.11,0.25,0,0,44,8,2,11,2,0,0,5,0,,,,,,,,,,,,,,,noa lang,0.8401,1.66568742
1419,Aymeric Laporte,es ESP,DF,Athletic Club,es La Liga,31.0,1994.0,22,21,1833,20.4,0,1,1,0,0,0,2,0,0.05,14,5,35.7,0.69,0.25,0.0,0.0,0,0,1,13,22,11,2,0,0,6,0,,,,,,,,,,,,,,,aymeric laporte,1.6081,0.30307856
1420,Hugo Larsson,se SWE,MF,Eintracht Frankfurt,de Bundesliga,21.0,2004.0,25,21,1812,20.1,2,2,4,2,0,0,0,0,0.2,13,6,46.2,0.65,0.3,0.15,0.33,0,0,9,9,27,2,0,0,0,7,0,,,,,,,,,,,,,,,hugo larsson,1.3497,1.23805728
1423,Josh Laurent,eng ENG,"DF,MF",Burnley,eng Premier League,31.0,1995.0,31,18,1732,19.2,1,0,1,1,0,0,7,1,0.05,15,4,26.7,0.78,0.21,0.07,0.25,0,0,14,23,27,11,7,1,0,28,0,,,,,,,,,,,,,,,josh laurent,0.8329,0.4534839
1424,Armand Lauriente,fr FRA,FW,Sassuolo,it Serie A,27.0,1998.0,36,31,2440,27.1,6,9,15,6,0,0,4,0,0.55,66,24,36.4,2.43,0.89,0.09,0.25,0,0,107,11,7,42,4,0,0,40,0,,,,,,,,,,,,,,,armand lauriente,3.0018,3.61093342
1426,Roméo Lavia,be BEL,MF,Chelsea,eng Premier League,22.0,2004.0,12,4,382,4.2,0,0,0,0,0,0,0,0,0.0,3,0,0.0,0.71,0.0,0.0,,0,0,1,7,5,8,0,0,0,8,0,,,,,,,,,,,,,,,romeo lavia,0.137,0.44058217
1427,Valentino Lazaro,at AUT,MF,Torino,it Serie A,30.0,1996.0,31,26,2252,25.0,0,2,2,0,0,0,4,0,0.08,8,2,25.0,0.32,0.08,0.0,0.0,0,0,135,25,22,9,4,0,0,37,0,,,,,,,,,,,,,,,valentino lazaro,0.4656,3.32957213
1428,Manuel Lazzari,it ITA,DF,Lazio,it Serie A,32.0,1993.0,20,9,903,10.0,0,0,0,0,0,0,2,0,0.0,4,2,50.0,0.4,0.2,0.0,0.0,0,0,15,7,6,18,2,0,0,9,0,,,,,,,,,,,,,,,manuel lazzari,0.1504,0.24351443
1430,Théo Le Bris,fr FRA,MF,Lorient,fr Ligue 1,23.0,2002.0,28,22,1893,21.0,2,2,4,2,0,0,0,0,0.19,17,7,41.2,0.81,0.33,0.12,0.29,0,0,81,28,17,7,0,0,0,8,0,,,,,,,,,,,,,,,theo le bris,1.741,1.74205391
1432,Enzo Le Fée,fr FRA,"MF,FW",Sunderland,eng Premier League,26.0,2000.0,33,30,2661,29.6,4,5,9,1,3,4,5,0,0.2,29,9,31.0,0.98,0.3,0.03,0.11,3,4,85,51,26,33,5,0,0,28,0,,,,,,,,,,,,,,,enzo le fee,4.6067,4.1755928
1434,Robin Le Normand,es ESP,DF,Atlético Madrid,es La Liga,29.0,1996.0,25,16,1577,17.5,1,1,2,1,0,0,3,0,0.11,6,1,16.7,0.34,0.06,0.17,1.0,0,0,3,16,14,14,3,0,0,17,0,,,,,,,,,,,,,,,robin le normand,0.4357,0.28096766
1436,Rafael Leão,pt POR,FW,Milan,it Serie A,26.0,1999.0,27,22,1771,19.7,9,3,12,7,2,2,4,0,0.51,60,23,38.3,3.05,1.17,0.12,0.3,2,2,19,2,4,33,4,0,0,18,0,,,,,,,,,,,,,,,rafael leao,9.6507,2.82175217
1439,Jordan Lefort,mr MTN,DF,Angers,fr Ligue 1,32.0,1993.0,32,32,2880,32.0,0,2,2,0,0,0,2,0,0.06,11,2,18.2,0.34,0.06,0.0,0.0,0,0,20,31,44,18,2,0,0,20,0,,,,,,,,,,,,,,,jordan lefort,0.521,1.22540492
1441,Diogo Leite,pt POR,DF,Union Berlin,de Bundesliga,27.0,1999.0,21,21,1783,19.8,0,0,0,0,0,0,4,0,0.0,10,1,10.0,0.5,0.05,0.0,0.0,0,0,7,13,38,24,4,0,0,25,1,,,,,,,,,,,,,,,diogo leite,1.2061,0.99129475
1442,Maxim Leitsch,de GER,DF,Mainz 05,de Bundesliga,27.0,1998.0,3,2,162,1.8,0,0,0,0,0,0,0,0,0.0,1,0,0.0,0.56,0.0,0.0,,0,0,2,1,5,1,0,0,0,2,0,,,,,,,,,,,,,,,maxim leitsch,0.0182,0.0224145
1443,Florian Lejeune,fr FRA,DF,Rayo Vallecano,es La Liga,34.0,1991.0,33,33,2960,32.9,1,1,2,1,0,0,6,0,0.06,45,14,31.1,1.37,0.43,0.02,0.07,0,0,8,40,44,12,6,0,0,46,0,,,,,,,,,,,,,,,florian lejeune,1.6074,0.34772084
1445,Iñigo Lekue,es ESP,DF,Athletic Club,es La Liga,33.0,1993.0,10,8,569,6.3,0,0,0,0,0,0,2,2,0.0,3,1,33.3,0.47,0.16,0.0,0.0,0,0,19,10,4,0,2,2,0,11,0,,,,,,,,,,,,,,,inigo lekue,0.1287,0.17045072
1446,Thomas Lemar,fr FRA,MF,Girona,es La Liga,30.0,1995.0,24,13,1151,12.8,3,1,4,3,0,0,3,0,0.31,16,8,50.0,1.25,0.63,0.19,0.38,0,0,48,13,4,20,3,0,0,18,0,,,,,,,,,,,,,,,thomas lemar,1.8808,1.31780222
1448,Tim Lemperle,de GER,FW,Hoffenheim,de Bundesliga,24.0,2002.0,27,22,1829,20.3,8,2,10,7,1,1,1,0,0.44,50,20,40.0,2.46,0.98,0.14,0.35,1,1,26,15,6,16,1,0,0,55,0,,,,,,,,,,,,,,,tim lemperle,6.9294,2.15758543
1450,Clément Lenglet,fr FRA,DF,Atlético Madrid,es La Liga,30.0,1995.0,16,16,1264,14.0,0,1,1,0,0,0,6,1,0.07,4,0,0.0,0.28,0.0,0.0,,0,0,2,8,19,6,6,1,1,19,0,,,,,,,,,,,,,,,clement lenglet,0.2016,0.38501892
1453,Esteban Lepaul,fr FRA,FW,Angers,fr Ligue 1,26.0,2000.0,2,2,174,1.9,1,0,1,1,0,0,0,0,0.52,3,1,33.3,1.55,0.52,0.33,1.0,0,0,0,0,0,1,0,0,0,2,0,,,,,,,,,,,,,,,esteban lepaul,13.0705,1.01975542
1454,Esteban Lepaul,fr FRA,FW,Rennes,fr Ligue 1,26.0,2000.0,30,29,2335,25.9,18,5,23,15,3,4,3,0,0.77,76,33,43.4,2.93,1.27,0.2,0.45,3,4,14,5,3,15,3,0,0,23,0,,,,,,,,,,,,,,,esteban lepaul,13.0705,1.01975542
1455,Johann Lepenant,fr FRA,MF,Nantes,fr Ligue 1,23.0,2002.0,27,23,2173,24.1,0,1,1,0,0,0,4,0,0.04,22,7,31.8,0.91,0.29,0.0,0.0,0,0,73,47,26,48,4,0,0,29,0,,,,,,,,,,,,,,,johann lepenant,0.7665,1.45121556
1456,Mehdi Léris,dz ALG,MF,Pisa,it Serie A,27.0,1998.0,31,18,1725,19.2,2,3,5,2,0,0,2,0,0.26,24,7,29.2,1.25,0.37,0.08,0.29,0,0,91,29,18,21,2,0,0,27,0,,,,,,,,,,,,,,,mehdi leris,1.4786,1.6817815
1457,Jefferson Lerma,co COL,"MF,DF",Crystal Palace,eng Premier League,31.0,1994.0,27,16,1525,16.9,0,2,2,0,0,0,6,0,0.12,18,7,38.9,1.06,0.41,0.0,0.0,0,0,11,14,20,20,6,0,0,22,2,,,,,,,,,,,,,,,jefferson lerma,1.6687,0.97641133
1458,Louis Leroux,fr FRA,"MF,DF",Nantes,fr Ligue 1,20.0,2006.0,23,16,1441,16.0,1,1,2,1,0,0,2,0,0.12,15,3,20.0,0.94,0.19,0.07,0.33,0,0,30,23,5,14,2,0,0,12,0,,,,,,,,,,,,,,,louis leroux,1.4876,0.80078406
1459,Robert Lewandowski,pl POL,FW,Barcelona,es La Liga,37.0,1988.0,27,14,1386,15.4,13,2,15,12,1,3,2,0,0.91,59,27,45.8,3.83,1.75,0.2,0.44,1,3,0,3,3,16,2,0,0,12,0,,,,,,,,,,,,,,,robert lewandowski,12.9193,1.02757227
1460,Jamie Leweling,de GER,MF,Stuttgart,de Bundesliga,25.0,2001.0,30,24,2191,24.3,7,8,15,7,0,0,4,0,0.62,45,17,37.8,1.85,0.7,0.16,0.41,0,0,117,11,12,40,4,0,0,17,0,,,,,,,,,,,,,,,jamie leweling,3.852,4.35931112
1461,Rico Lewis,eng ENG,DF,Manchester City,eng Premier League,21.0,2004.0,10,3,317,3.5,0,1,1,0,0,0,1,0,0.28,2,0,0.0,0.57,0.0,0.0,,0,0,2,4,7,7,1,0,0,4,0,,,,,,,,,,,,,,,rico lewis,0.1119,1.31145706
1462,Keane Lewis-Potter,eng ENG,"DF,MF",Brentford,eng Premier League,25.0,2001.0,33,19,1704,18.9,3,3,6,3,0,0,1,0,0.32,28,9,32.1,1.48,0.48,0.11,0.33,0,0,61,11,8,31,1,0,0,15,0,,,,,,,,,,,,,,,keane lewis-potter,2.6134,2.08607384
1463,Myles Lewis-Skelly,eng ENG,"DF,MF",Arsenal,eng Premier League,19.0,2006.0,17,3,511,5.7,0,0,0,0,0,0,3,0,0.0,2,0,0.0,0.35,0.0,0.0,,0,0,0,5,4,10,3,0,0,7,0,,,,,,,,,,,,,,,myles lewis-skelly,0.1044,0.08800199
1464,Philipp Lienhart,at AUT,DF,Freiburg,de Bundesliga,29.0,1996.0,18,13,1189,13.2,1,0,1,1,0,0,4,1,0.08,8,2,25.0,0.61,0.15,0.13,0.5,0,0,13,11,12,7,4,1,1,6,0,,,,,,,,,,,,,,,philipp lienhart,0.8853,0.52476995
1465,Matthijs de Ligt,nl NED,DF,Manchester Utd,eng Premier League,26.0,1999.0,13,13,1170,13.0,1,0,1,1,0,0,0,0,0.08,11,3,27.3,0.85,0.23,0.09,0.33,0,0,4,13,11,5,0,0,0,6,0,,,,,,,,,,,,,,,matthijs de ligt,1.4559,0.76599626
1466,Pedro Lima,br BRA,MF,Wolves,eng Premier League,19.0,2006.0,6,2,179,2.0,0,0,0,0,0,0,0,0,0.0,2,0,0.0,1.01,0.0,0.0,,0,0,9,3,3,1,0,0,0,4,0,,,,,,,,,,,,,,,pedro lima,0.0194,0.00158688
1466,Pedro Lima,br BRA,MF,Wolves,eng Premier League,19.0,2006.0,6,2,179,2.0,0,0,0,0,0,0,0,0,0.0,2,0,0.0,1.01,0.0,0.0,,0,0,9,3,3,1,0,0,0,4,0,,,,,,,,,,,,,,,pedro lima,2.4002,1.56973245
1467,Victor Lindelöf,se SWE,DF,Aston Villa,eng Premier League,31.0,1994.0,14,8,758,8.4,0,1,1,0,0,0,0,0,0.12,3,0,0.0,0.36,0.0,0.0,,0,0,0,3,5,0,0,0,0,1,0,,,,,,,,,,,,,,,victor lindelof,0.2792,0.07813022
1468,Jesper Lindstrøm,dk DEN,MF,Wolfsburg,de Bundesliga,26.0,2000.0,12,4,378,4.2,0,0,0,0,0,0,2,0,0.0,8,5,62.5,1.9,1.19,0.0,0.0,0,0,7,6,0,4,2,0,0,10,0,,,,,,,,,,,,,,,jesper lindstrm,0.9359,0.42771839
1469,Luca Lipani,it ITA,MF,Sassuolo,it Serie A,20.0,2005.0,22,9,924,10.3,0,1,1,0,0,0,3,0,0.1,12,3,25.0,1.17,0.29,0.0,0.0,0,0,5,15,12,5,3,0,0,27,0,,,,,,,,,,,,,,,luca lipani,0.6696,0.2697241
1472,Adrián Liso,es ESP,"FW,MF",Getafe,es La Liga,21.0,2005.0,27,20,1621,18.0,3,0,3,3,0,0,5,1,0.17,26,10,38.5,1.44,0.56,0.12,0.3,0,0,40,22,4,41,5,1,1,37,0,,,,,,,,,,,,,,,adrian liso,2.0769,0.3076585
1474,Valentino Livramento,eng ENG,DF,Newcastle United,eng Premier League,23.0,2002.0,17,14,1328,14.8,0,1,1,0,0,0,1,0,0.07,3,0,0.0,0.2,0.0,0.0,,0,0,36,14,2,16,1,0,0,7,0,,,,,,,,,,,,,,,valentino livramento,0.1356,0.94776038
1477,Diego Llorente,es ESP,DF,Real Betis,es La Liga,32.0,1993.0,15,11,959,10.7,1,0,1,1,0,0,3,0,0.09,3,2,66.7,0.28,0.19,0.33,0.5,0,0,0,9,23,11,3,0,0,9,0,,,,,,,,,,,,,,,diego llorente,0.8036,0.05946072
1478,Marcos Llorente,es ESP,DF,Atlético Madrid,es La Liga,31.0,1995.0,26,22,1923,21.4,0,4,4,0,0,0,5,0,0.19,16,6,37.5,0.75,0.28,0.0,0.0,0,0,38,33,11,10,5,0,0,25,0,,,,,,,,,,,,,,,marcos llorente,1.8694,3.16298285
1479,Gautier Lloris,fr FRA,DF,Le Havre,fr Ligue 1,30.0,1995.0,27,26,2218,24.6,1,1,2,1,0,0,2,1,0.08,12,4,33.3,0.49,0.16,0.08,0.25,0,0,1,24,42,17,2,1,0,26,1,,,,,,,,,,,,,,,gautier lloris,0.8996,0.41977779
1480,Giovani Lo Celso,ar ARG,MF,Real Betis,es La Liga,30.0,1996.0,21,13,1249,13.9,2,3,5,2,0,0,4,0,0.36,28,10,35.7,2.02,0.72,0.07,0.2,0,0,54,13,5,40,4,0,0,9,0,,,,,,,,,,,,,,,giovani lo celso,2.3461,2.1042769
1482,Stanislav Lobotka,sk SVK,MF,Napoli,it Serie A,31.0,1994.0,29,26,2230,24.8,1,1,2,1,0,0,3,0,0.08,8,4,50.0,0.32,0.16,0.13,0.25,0,0,4,13,13,41,3,0,0,13,0,,,,,,,,,,,,,,,stanislav lobotka,0.5119,1.51856719
1483,Manuel Locatelli,it ITA,MF,Juventus,it Serie A,28.0,1998.0,33,33,2724,30.3,1,2,3,1,0,1,9,0,0.1,41,11,26.8,1.35,0.36,0.02,0.09,0,1,17,60,36,40,9,0,0,50,0,,,,,,,,,,,,,,,manuel locatelli,2.4569,4.0987055
1484,Bradley Locko,fr FRA,DF,Brest,fr Ligue 1,24.0,2002.0,20,14,1277,14.2,0,2,2,0,0,0,0,0,0.14,2,1,50.0,0.14,0.07,0.0,0.0,0,0,34,28,9,18,0,0,0,11,0,,,,,,,,,,,,,,,bradley locko,0.1242,1.22018205
1485,Ruben Loftus-Cheek,eng ENG,"MF,FW",Milan,it Serie A,30.0,1996.0,26,11,1082,12.0,3,1,4,3,0,0,2,0,0.33,29,6,20.7,2.41,0.5,0.1,0.5,0,0,10,7,4,17,2,0,0,23,0,,,,,,,,,,,,,,,ruben loftus-cheek,3.1636,1.02520028
1486,Sean Longstaff,eng ENG,MF,Leeds United,eng Premier League,28.0,1997.0,21,10,979,10.9,2,2,4,2,0,0,2,0,0.37,14,3,21.4,1.29,0.28,0.14,0.67,0,0,52,23,12,17,2,0,0,13,0,,,,,,,,,,,,,,,sean longstaff,0.8523,1.64925772
1487,Ademola Lookman,ng NGA,"FW,MF",Atalanta,it Serie A,28.0,1997.0,12,9,795,8.8,2,0,2,2,0,0,0,0,0.23,27,8,29.6,3.06,0.91,0.07,0.25,0,0,21,3,3,8,0,0,0,10,0,,,,,,,,,,,,,,,ademola lookman,1.8052,0.24987424
1488,Ademola Lookman,ng NGA,"FW,MF",Atlético Madrid,es La Liga,28.0,1997.0,8,5,355,3.9,2,0,2,2,0,0,1,0,0.51,14,3,21.4,3.55,0.76,0.14,0.67,0,0,6,1,1,3,1,0,0,3,0,,,,,,,,,,,,,,,ademola lookman,1.8052,0.24987424
1489,Anthony Lopes,pt POR,GK,Nantes,fr Ligue 1,35.0,1990.0,31,31,2788,31.0,0,0,0,0,0,0,4,0,0.0,2,0,0.0,0.06,0.0,0.0,,0,0,0,1,1,14,4,0,0,1,0,50.0,1.61,142.0,97.0,68.3,4.0,7.0,20.0,6.0,19.4,5.0,5.0,0.0,0.0,anthony lopes,0.0845,0.03380381
1490,David López,es ESP,DF,Girona,es La Liga,36.0,1989.0,4,2,203,2.3,0,0,0,0,0,0,0,0,0.0,1,1,100.0,0.44,0.44,0.0,0.0,0,0,0,1,0,0,0,0,0,1,0,,,,,,,,,,,,,,,david lopez,0.572,0.01775983
1490,David López,es ESP,DF,Girona,es La Liga,36.0,1989.0,4,2,203,2.3,0,0,0,0,0,0,0,0,0.0,1,1,100.0,0.44,0.44,0.0,0.0,0,0,0,1,0,0,0,0,0,1,0,,,,,,,,,,,,,,,david lopez,0.2953,0.0614706
1491,David López,es ESP,DF,Mallorca,es La Liga,23.0,2003.0,11,7,687,7.6,0,0,0,0,0,0,2,0,0.0,4,0,0.0,0.52,0.0,0.0,,0,0,0,5,9,3,2,0,0,9,1,,,,,,,,,,,,,,,david lopez,0.572,0.01775983
1491,David López,es ESP,DF,Mallorca,es La Liga,23.0,2003.0,11,7,687,7.6,0,0,0,0,0,0,2,0,0.0,4,0,0.0,0.52,0.0,0.0,,0,0,0,5,9,3,2,0,0,9,1,,,,,,,,,,,,,,,david lopez,0.2953,0.0614706
1492,Diego López,es ESP,"MF,FW",Valencia,es La Liga,23.0,2002.0,30,16,1479,16.4,3,0,3,3,0,0,2,0,0.18,23,7,30.4,1.4,0.43,0.13,0.43,0,0,34,13,13,30,2,0,0,15,0,,,,,,,,,,,,,,,diego lopez,2.2931,1.39388898
1493,Fer López,es ESP,MF,Wolves,eng Premier League,21.0,2004.0,9,2,235,2.6,0,1,1,0,0,0,1,0,0.38,5,1,20.0,1.91,0.38,0.0,0.0,0,0,4,1,0,4,1,0,0,6,0,,,,,,,,,,,,,,,fer lopez,0.8152,0.54077857
1494,Fer López,es ESP,"MF,FW",Celta Vigo,es La Liga,21.0,2004.0,13,9,828,9.2,1,0,1,1,0,0,2,0,0.11,9,3,33.3,0.98,0.33,0.11,0.33,0,0,15,7,3,13,2,0,0,19,0,,,,,,,,,,,,,,,fer lopez,0.8152,0.54077857
1495,Fermin López,es ESP,MF,Barcelona,es La Liga,22.0,2003.0,28,17,1665,18.5,6,9,15,6,0,0,3,0,0.81,63,22,34.9,3.41,1.19,0.1,0.27,0,0,34,22,6,20,3,0,0,32,0,,,,,,,,,,,,,,,fermin lopez,5.8387,3.97763058
1497,Javi López,es ESP,DF,Oviedo,es La Liga,24.0,2002.0,22,18,1554,17.3,0,1,1,0,0,0,3,0,0.06,6,1,16.7,0.35,0.06,0.0,0.0,0,0,52,22,18,26,3,0,0,33,0,,,,,,,,,,,,,,,javi lopez,0.4509,0.81522205
1499,Maxime Lopez,fr FRA,MF,Paris FC,fr Ligue 1,28.0,1997.0,24,22,1891,21.0,0,3,3,0,0,0,9,0,0.14,10,6,60.0,0.48,0.29,0.0,0.0,0,0,79,17,10,8,9,0,0,27,0,,,,,,,,,,,,,,,maxime lopez,1.0767,4.2969304
1501,Unai López,es ESP,MF,Rayo Vallecano,es La Liga,30.0,1995.0,25,17,1420,15.8,0,3,3,0,0,0,7,1,0.19,21,4,19.0,1.33,0.25,0.0,0.0,0,0,52,14,19,14,7,1,1,33,0,,,,,,,,,,,,,,,unai lopez,0.8086,1.30999676
1503,Lorran,br BRA,FW,Pisa,it Serie A,19.0,2006.0,9,0,122,1.4,1,0,1,1,0,0,0,0,0.74,3,1,33.3,2.21,0.74,0.33,1.0,0,0,5,3,3,3,0,0,0,0,0,,,,,,,,,,,,,,,lorran,1.0229,0.08224172
1504,Iker Losada,es ESP,MF,Levante,es La Liga,24.0,2001.0,20,9,780,8.7,3,1,4,3,0,0,1,0,0.46,13,4,30.8,1.5,0.46,0.23,0.75,0,0,18,8,9,5,1,0,0,6,0,,,,,,,,,,,,,,,iker losada,1.694,0.71202649
1505,Tom Louchet,fr FRA,MF,Nice,fr Ligue 1,23.0,2003.0,25,14,1331,14.8,3,2,5,3,0,0,1,1,0.34,21,6,28.6,1.42,0.41,0.14,0.5,0,0,48,17,9,12,1,1,0,16,0,,,,,,,,,,,,,,,tom louchet,2.9755,2.5144087
1507,Sandi Lovrić,si SVN,MF,Udinese,it Serie A,28.0,1998.0,6,1,161,1.8,0,1,1,0,0,0,1,0,0.56,3,1,33.3,1.68,0.56,0.0,0.0,0,0,16,4,4,1,1,0,0,4,0,,,,,,,,,,,,,,,sandi lovric,0.2931,0.93477279
1508,Sandi Lovrić,si SVN,MF,Hellas Verona,it Serie A,28.0,1998.0,4,1,141,1.6,0,0,0,0,0,0,0,0,0.0,1,0,0.0,0.64,0.0,0.0,,0,0,15,4,0,1,0,0,0,1,0,,,,,,,,,,,,,,,sandi lovric,0.2931,0.93477279
1509,Felipe Loyola,cl CHI,MF,Pisa,it Serie A,25.0,2000.0,9,5,452,5.0,1,0,1,1,0,0,0,0,0.2,8,1,12.5,1.59,0.2,0.13,1.0,0,0,4,5,6,2,0,0,0,7,0,,,,,,,,,,,,,,,felipe loyola,0.6501,0.06417769
1510,Pol Lozano,es ESP,MF,Espanyol,es La Liga,26.0,1999.0,30,26,2005,22.3,2,1,3,2,0,0,11,1,0.13,16,5,31.3,0.72,0.22,0.13,0.4,0,0,26,17,23,26,11,1,1,60,0,,,,,,,,,,,,,,,pol lozano,0.7485,2.02345319
1513,Lorenzo Lucca,it ITA,FW,Napoli,it Serie A,25.0,2000.0,16,4,408,4.5,1,0,1,1,0,0,1,0,0.22,15,5,33.3,3.31,1.1,0.07,0.2,0,0,0,0,0,12,1,0,0,17,0,,,,,,,,,,,,,,,lorenzo lucca,0.7157,0.0123707
1514,Lorenzo Lucca,it ITA,FW,Nottingham Forest,eng Premier League,25.0,2000.0,3,1,121,1.3,1,0,1,1,0,0,0,0,0.74,3,1,33.3,2.23,0.74,0.33,1.0,0,0,0,0,1,2,0,0,0,1,0,,,,,,,,,,,,,,,lorenzo lucca,0.7157,0.0123707
1515,Jhon Lucumí,co COL,DF,Bologna,it Serie A,27.0,1998.0,27,24,2107,23.4,1,0,1,1,0,0,4,0,0.04,8,2,25.0,0.34,0.09,0.13,0.5,0,0,1,21,29,17,4,0,0,17,0,,,,,,,,,,,,,,,jhon lucumi,0.8941,0.34360594
1517,Florentino Luís,pt POR,MF,Burnley,eng Premier League,26.0,1999.0,28,22,1852,20.6,0,2,2,0,0,0,6,0,0.1,10,1,10.0,0.49,0.05,0.0,0.0,0,0,9,43,33,8,6,0,0,38,0,,,,,,,,,,,,,,,florentino luis,0.5968,0.48522656
1520,Douglas Luiz,br BRA,MF,Aston Villa,eng Premier League,28.0,1998.0,10,6,520,5.8,1,0,1,1,0,0,1,0,0.17,5,3,60.0,0.87,0.52,0.2,0.33,0,0,27,9,5,9,1,0,0,9,0,,,,,,,,,,,,,,,douglas luiz,0.4908,1.39283125
1521,Douglas Luiz,br BRA,MF,Nottingham Forest,eng Premier League,28.0,1998.0,8,5,315,3.5,0,0,0,0,0,0,2,0,0.0,5,1,20.0,1.43,0.29,0.0,0.0,0,0,15,3,7,5,2,0,0,4,0,,,,,,,,,,,,,,,douglas luiz,0.4908,1.39283125
1522,Romelu Lukaku,be BEL,FW,Napoli,it Serie A,32.0,1993.0,5,0,44,0.5,1,0,1,1,0,0,1,0,2.05,2,1,50.0,4.09,2.05,0.5,1.0,0,0,0,0,0,0,1,0,0,2,0,,,,,,,,,,,,,,,romelu lukaku,0.2633,0.27447494
1523,Castello Lukeba,fr FRA,DF,RB Leipzig,de Bundesliga,23.0,2002.0,24,22,1996,22.2,1,0,1,1,0,0,2,0,0.05,8,2,25.0,0.36,0.09,0.13,0.5,0,0,3,11,30,9,2,0,0,10,0,,,,,,,,,,,,,,,castello lukeba,1.163,0.62099055
1524,Dodi Lukebakio,be BEL,MF,Sevilla,es La Liga,28.0,1997.0,2,2,180,2.0,1,0,1,1,0,0,0,0,0.5,2,1,50.0,1.0,0.5,0.5,1.0,0,0,10,0,1,3,0,0,0,3,0,,,,,,,,,,,,,,,dodi lukebakio,2.3577,3.83278425
1525,Saša Lukić,rs SRB,MF,Fulham,eng Premier League,29.0,1996.0,24,18,1554,17.3,1,2,3,1,0,0,8,0,0.17,16,5,31.3,0.93,0.29,0.06,0.2,0,0,57,25,13,21,8,0,0,49,0,,,,,,,,,,,,,,,sasa lukic,1.9279,1.66309034
1526,Kristoffer Lund,us USA,"DF,MF",Köln,de Bundesliga,23.0,2002.0,31,24,2098,23.3,0,2,2,0,0,0,2,0,0.09,19,3,15.8,0.82,0.13,0.0,0.0,0,0,82,25,27,37,2,0,0,12,0,,,,,,,,,,,,,,,kristoffer lund,0.7049,1.85538033
1528,Sebastiano Luperto,it ITA,DF,Cremonese,it Serie A,29.0,1996.0,12,12,1043,11.6,0,1,1,0,0,0,1,0,0.09,3,1,33.3,0.26,0.09,0.0,0.0,0,0,10,8,9,10,1,0,0,8,0,,,,,,,,,,,,,,,sebastiano luperto,0.6156,0.69678761
1529,Sebastiano Luperto,it ITA,DF,Cagliari,it Serie A,29.0,1996.0,19,19,1706,19.0,1,0,1,1,0,0,3,0,0.05,7,3,42.9,0.37,0.16,0.14,0.33,0,0,1,12,19,17,3,0,0,23,0,,,,,,,,,,,,,,,sebastiano luperto,0.6156,0.69678761
1532,Zito Luvumbo,ao ANG,"FW,MF",Mallorca,es La Liga,24.0,2002.0,7,3,305,3.4,0,2,2,0,0,0,2,0,0.59,4,4,100.0,1.18,1.18,0.0,0.0,0,0,10,0,0,12,2,0,0,8,0,,,,,,,,,,,,,,,zito luvumbo,0.081,0.32650517
1533,Zito Luvumbo,ao ANG,"MF,FW",Cagliari,it Serie A,24.0,2002.0,12,2,329,3.7,0,0,0,0,0,0,0,0,0.0,12,6,50.0,3.28,1.64,0.0,0.0,0,0,7,1,1,18,0,0,0,4,0,,,,,,,,,,,,,,,zito luvumbo,0.081,0.32650517
1535,Senne Lynen,be BEL,MF,Werder Bremen,de Bundesliga,27.0,1999.0,29,29,2572,28.6,0,0,0,0,0,0,4,0,0.0,24,4,16.7,0.84,0.14,0.0,0.0,0,0,13,30,63,12,4,0,0,38,0,,,,,,,,,,,,,,,senne lynen,0.7888,1.53305646
1536,Mathias Løvik,no NOR,MF,Parma,it Serie A,22.0,2003.0,9,5,471,5.2,0,0,0,0,0,0,0,0,0.0,3,0,0.0,0.57,0.0,0.0,,0,0,15,8,7,2,0,0,0,3,0,,,,,,,,,,,,,,,mathias lvik,0.0074,0.1897694
1537,Ian Maatsen,nl NED,DF,Aston Villa,eng Premier League,24.0,2002.0,27,15,1436,16.0,0,1,1,0,0,0,2,0,0.06,18,5,27.8,1.13,0.31,0.0,0.0,0,0,50,27,15,18,2,0,0,15,0,,,,,,,,,,,,,,,ian maatsen,1.2366,2.25623088
1538,Alexis Mac Allister,ar ARG,MF,Liverpool,eng Premier League,27.0,1998.0,34,28,2388,26.5,2,4,6,2,0,0,5,0,0.23,46,11,23.9,1.73,0.41,0.04,0.18,0,0,19,24,17,31,5,0,0,28,0,,,,,,,,,,,,,,,alexis mac allister,3.3746,1.35190832
1539,Deiver Machado,co COL,"DF,MF",Nantes,fr Ligue 1,32.0,1993.0,14,12,907,10.1,0,1,1,0,0,0,2,0,0.1,7,1,14.3,0.69,0.1,0.0,0.0,0,0,22,16,8,20,2,0,0,21,0,,,,,,,,,,,,,,,deiver machado,0.7164,0.73996102
1540,Deiver Machado,co COL,MF,Lens,fr Ligue 1,32.0,1993.0,5,4,273,3.0,0,0,0,0,0,0,1,0,0.0,6,1,16.7,1.98,0.33,0.0,0.0,0,0,4,1,3,8,1,0,0,4,0,,,,,,,,,,,,,,,deiver machado,0.7164,0.73996102
1542,Lanroy Machine,fr FRA,FW,Angers,fr Ligue 1,20.0,2005.0,20,3,476,5.3,1,0,1,1,0,0,0,0,0.19,14,4,28.6,2.65,0.76,0.07,0.25,0,0,3,3,0,4,0,0,0,9,0,,,,,,,,,,,,,,,lanroy machine,1.5738,0.10460456
1543,Shuto Machino,jp JPN,"FW,MF",Gladbach,de Bundesliga,26.0,1999.0,30,8,973,10.8,3,1,4,3,0,0,1,0,0.37,23,11,47.8,2.13,1.02,0.13,0.27,0,0,9,4,3,9,1,0,0,9,0,,,,,,,,,,,,,,,shuto machino,2.7393,1.57050837
1544,Carlos Macià,es ESP,MF,Villarreal,es La Liga,17.0,2008.0,4,0,81,0.9,0,0,0,0,0,0,1,0,0.0,1,0,0.0,1.11,0.0,0.0,,0,0,0,0,2,0,1,0,0,1,0,,,,,,,,,,,,,,,carlos macia,0.0612,0.01983629
1546,Noni Madueke,eng ENG,"FW,MF",Arsenal,eng Premier League,24.0,2002.0,24,15,1118,12.4,2,1,3,2,0,0,0,0,0.24,21,7,33.3,1.69,0.56,0.1,0.29,0,0,76,10,4,15,0,0,0,15,0,,,,,,,,,,,,,,,noni madueke,1.0238,2.11982881
1547,Pablo Maffeo,es ESP,DF,Mallorca,es La Liga,28.0,1997.0,28,27,2392,26.6,1,1,2,1,0,0,10,0,0.08,7,1,14.3,0.26,0.04,0.14,1.0,0,0,71,29,32,20,10,0,0,22,1,,,,,,,,,,,,,,,pablo maffeo,0.4073,1.17197887
1548,Gabriel Magalhães,br BRA,DF,Arsenal,eng Premier League,28.0,1997.0,29,28,2526,28.1,3,4,7,3,0,0,4,0,0.25,24,6,25.0,0.86,0.21,0.13,0.5,0,0,6,20,21,30,4,0,0,18,0,,,,,,,,,,,,,,,gabriel magalhaes,1.9818,1.74914726
1549,Soungoutou Magassa,fr FRA,MF,West Ham United,eng Premier League,22.0,2003.0,22,11,981,10.9,1,0,1,1,0,0,4,0,0.09,7,2,28.6,0.64,0.18,0.14,0.5,0,0,9,23,17,17,4,0,0,17,0,,,,,,,,,,,,,,,soungoutou magassa,0.442,0.30954036
1550,Hugo Magnetti,fr FRA,MF,Brest,fr Ligue 1,27.0,1998.0,30,29,2497,27.7,1,1,2,1,0,0,4,1,0.07,18,3,16.7,0.65,0.11,0.06,0.33,0,0,22,42,41,33,4,1,0,29,0,,,,,,,,,,,,,,,hugo magnetti,0.4962,1.56316849
1551,Frank Magri,cm CMR,"FW,MF",Toulouse,fr Ligue 1,26.0,1999.0,17,16,1253,13.9,5,1,6,5,0,1,3,0,0.43,33,12,36.4,2.37,0.86,0.15,0.42,0,1,15,3,3,22,3,0,0,28,0,,,,,,,,,,,,,,,frank magri,4.4838,0.92483052
1552,Harry Maguire,eng ENG,DF,Manchester Utd,eng Premier League,33.0,1993.0,20,16,1383,15.4,1,2,3,1,0,0,3,1,0.2,13,4,30.8,0.85,0.26,0.08,0.25,0,0,2,12,10,16,3,1,0,13,0,,,,,,,,,,,,,,,harry maguire,0.8019,0.21427547
1555,Linton Maina,de GER,"MF,FW",Köln,de Bundesliga,26.0,1999.0,22,8,908,10.1,2,0,2,2,0,0,0,0,0.2,18,8,44.4,1.78,0.79,0.11,0.25,0,0,23,6,2,5,0,0,0,8,0,,,,,,,,,,,,,,,linton maina,1.1139,1.4764362
1556,Patrick Mainka,de GER,DF,Heidenheim,de Bundesliga,31.0,1994.0,32,32,2880,32.0,2,2,4,2,0,0,1,0,0.12,35,8,22.9,1.09,0.25,0.06,0.25,0,0,0,30,30,19,1,0,0,8,0,,,,,,,,,,,,,,,patrick mainka,3.3033,1.28852324
1557,Kobbie Mainoo,eng ENG,MF,Manchester Utd,eng Premier League,21.0,2005.0,25,13,1392,15.5,1,2,3,1,0,0,1,0,0.19,10,3,30.0,0.65,0.19,0.1,0.33,0,0,13,18,13,18,1,0,0,10,0,,,,,,,,,,,,,,,kobbie mainoo,0.2363,0.86389745
1558,Ainsley Maitland-Niles,eng ENG,"DF,MF",Lyon,fr Ligue 1,28.0,1997.0,28,26,2350,26.1,1,4,5,1,0,1,7,1,0.19,14,7,50.0,0.54,0.27,0.07,0.14,0,1,44,33,32,12,7,1,1,36,0,,,,,,,,,,,,,,,ainsley maitland-niles,2.3283,2.61267784
1560,Lovro Majer,hr CRO,MF,Wolfsburg,de Bundesliga,28.0,1998.0,26,16,1346,15.0,2,3,5,2,0,0,5,0,0.33,27,6,22.2,1.81,0.4,0.07,0.33,0,0,25,16,8,22,5,0,0,29,0,,,,,,,,,,,,,,,lovro majer,3.0632,2.50455818
1561,Hamidou Makalou,ml MLI,MF,Brest,fr Ligue 1,19.0,2006.0,14,1,234,2.6,0,0,0,0,0,0,0,0,0.0,2,0,0.0,0.77,0.0,0.0,,0,0,8,4,3,2,0,0,0,1,0,,,,,,,,,,,,,,,hamidou makalou,0.0329,0.24048149
1562,Jean-Victor Makengo,fr FRA,MF,Lorient,fr Ligue 1,27.0,1998.0,29,21,1661,18.5,3,2,5,3,0,0,1,0,0.27,34,12,35.3,1.84,0.65,0.09,0.25,0,0,16,14,14,33,1,0,0,9,1,,,,,,,,,,,,,,,jean-victor makengo,2.4771,0.98883503
1564,Andrija Maksimović,rs SRB,FW,RB Leipzig,de Bundesliga,18.0,2007.0,8,0,93,1.0,0,0,0,0,0,0,0,0,0.0,2,0,0.0,1.94,0.0,0.0,,0,0,2,0,0,2,0,0,0,1,0,,,,,,,,,,,,,,,andrija maksimovic,0.0796,0.1747671
1565,Said El Mala,de GER,"FW,MF",Köln,de Bundesliga,19.0,2006.0,32,18,1787,19.9,12,4,16,11,1,1,3,0,0.76,71,28,39.4,3.58,1.41,0.15,0.39,1,1,39,12,6,21,3,0,0,13,0,,,,,,,,,,,,,,,said el mala,9.0254,2.00323448
1567,Julián Malatini,ar ARG,DF,Werder Bremen,de Bundesliga,24.0,2001.0,11,5,516,5.7,0,0,0,0,0,0,3,0,0.0,2,0,0.0,0.35,0.0,0.0,,0,0,5,6,6,1,3,0,0,7,0,,,,,,,,,,,,,,,julian malatini,0.0297,0.45093804
1568,Daniel Maldini,it ITA,FW,Lazio,it Serie A,24.0,2001.0,10,9,638,7.1,2,1,3,2,0,0,0,0,0.42,13,4,30.8,1.83,0.56,0.15,0.5,0,0,1,9,3,18,0,0,0,13,0,,,,,,,,,,,,,,,daniel maldini,2.1935,1.01345194
1569,Daniel Maldini,it ITA,MF,Atalanta,it Serie A,24.0,2001.0,9,3,264,2.9,0,0,0,0,0,0,1,0,0.0,8,2,25.0,2.73,0.68,0.0,0.0,0,0,10,2,0,7,1,0,0,4,0,,,,,,,,,,,,,,,daniel maldini,2.1935,1.01345194
1570,Youssef Maleh,ma MAR,MF,Cremonese,it Serie A,27.0,1998.0,11,11,946,10.5,1,0,1,1,0,0,2,1,0.1,12,2,16.7,1.14,0.19,0.08,0.5,0,0,31,10,8,8,2,1,0,27,0,,,,,,,,,,,,,,,youssef maleh,0.9049,0.50422408
1571,Youssef Maleh,ma MAR,MF,Lecce,it Serie A,27.0,1998.0,9,5,460,5.1,0,0,0,0,0,0,2,0,0.0,7,1,14.3,1.37,0.2,0.0,0.0,0,0,12,4,7,8,2,0,0,9,0,,,,,,,,,,,,,,,youssef maleh,0.9049,0.50422408
1572,Donyell Malen,nl NED,"FW,MF",Aston Villa,eng Premier League,27.0,1999.0,21,5,656,7.3,4,1,5,4,0,0,0,0,0.69,27,9,33.3,3.7,1.23,0.15,0.44,0,0,7,2,0,6,0,0,0,2,0,,,,,,,,,,,,,,,donyell malen,8.5923,0.66580655
1573,Donyell Malen,nl NED,FW,Roma,it Serie A,27.0,1999.0,15,15,1212,13.5,11,2,13,9,2,2,1,0,0.82,60,24,40.0,4.46,1.78,0.15,0.38,2,2,5,1,1,15,1,0,0,10,0,,,,,,,,,,,,,,,donyell malen,8.5923,0.66580655
1574,Ruslan Malinovskyi,ua UKR,MF,Genoa,it Serie A,33.0,1993.0,32,27,2125,23.6,6,3,9,3,3,3,10,0,0.25,51,15,29.4,2.16,0.64,0.06,0.2,3,3,60,19,16,26,10,0,0,35,0,,,,,,,,,,,,,,,ruslan malinovskyi,4.2927,3.06931772
1575,Lennard Maloney,us USA,"DF,MF",Mainz 05,de Bundesliga,26.0,1999.0,20,4,471,5.2,0,0,0,0,0,0,1,0,0.0,5,1,20.0,0.96,0.19,0.0,0.0,0,0,2,8,8,3,1,0,0,13,0,,,,,,,,,,,,,,,lennard maloney,0.2609,0.2067693
1578,Felix Mambimbi,ch SUI,"FW,MF",Le Havre,fr Ligue 1,25.0,2001.0,16,7,524,5.8,1,0,1,1,0,0,1,0,0.17,6,2,33.3,1.03,0.34,0.17,0.5,0,0,5,10,4,4,1,0,0,15,0,,,,,,,,,,,,,,,felix mambimbi,0.6605,0.47552438
1580,Gianluca Mancini,it ITA,DF,Roma,it Serie A,30.0,1996.0,33,33,2797,31.1,2,2,4,2,0,0,9,0,0.13,17,6,35.3,0.55,0.19,0.12,0.33,0,0,29,26,42,40,9,0,0,67,0,,,,,,,,,,,,,,,gianluca mancini,1.8386,1.39171995
1581,Reinildo Mandava,mz MOZ,DF,Sunderland,eng Premier League,32.0,1994.0,22,20,1696,18.8,0,1,1,0,0,0,7,1,0.05,4,0,0.0,0.21,0.0,0.0,,0,0,20,18,28,33,7,1,0,29,0,,,,,,,,,,,,,,,reinildo mandava,0.1459,0.57904832
1582,Aïssa Mandi,dz ALG,DF,Lille,fr Ligue 1,34.0,1991.0,27,26,2244,24.9,1,0,1,1,0,0,8,0,0.04,14,4,28.6,0.56,0.16,0.07,0.25,0,0,10,20,42,16,8,0,0,16,0,,,,,,,,,,,,,,,aissa mandi,1.0526,0.93183378
1583,Rolando Mandragora,it ITA,MF,Fiorentina,it Serie A,28.0,1997.0,31,28,2233,24.8,6,3,9,5,1,1,7,0,0.32,60,16,26.7,2.42,0.64,0.08,0.31,1,1,66,22,15,52,7,0,0,35,0,,,,,,,,,,,,,,,rolando mandragora,4.3217,2.42921627
1585,Mateus Mane,pt POR,MF,Wolves,eng Premier League,18.0,2007.0,24,16,1549,17.2,2,1,3,2,0,0,0,0,0.17,34,13,38.2,1.98,0.76,0.06,0.15,0,0,72,12,4,42,0,0,0,24,0,,,,,,,,,,,,,,,mateus mane,1.4878,1.69268857
1586,Orel Mangala,be BEL,MF,Lyon,fr Ligue 1,28.0,1998.0,8,4,344,3.8,0,0,0,0,0,0,0,0,0.0,4,1,25.0,1.05,0.26,0.0,0.0,0,0,3,4,4,4,0,0,0,6,0,,,,,,,,,,,,,,,orel mangala,0.2096,0.17916854
1589,Johan Manzambi,ch SUI,MF,Freiburg,de Bundesliga,20.0,2005.0,25,24,1949,21.7,5,3,8,5,0,0,4,2,0.37,49,13,26.5,2.26,0.6,0.1,0.38,0,0,32,12,27,73,4,2,0,21,0,,,,,,,,,,,,,,,johan manzambi,3.4701,4.62804639
1590,Sekou Mara,fr FRA,FW,Auxerre,fr Ligue 1,23.0,2002.0,25,12,1060,11.8,2,2,4,2,0,0,0,0,0.34,29,11,37.9,2.46,0.93,0.07,0.18,0,0,0,6,2,22,0,0,0,25,0,,,,,,,,,,,,,,,sekou mara,2.0408,1.0278903
1591,Alessandro Marcandalli,it ITA,DF,Genoa,it Serie A,23.0,2002.0,29,26,2344,26.0,0,2,2,0,0,0,4,0,0.08,3,2,66.7,0.12,0.08,0.0,0.0,0,0,10,18,17,10,4,0,0,22,0,,,,,,,,,,,,,,,alessandro marcandalli,0.143,0.47612014
1592,Marcão,br BRA,DF,Sevilla,es La Liga,29.0,1996.0,13,11,938,10.4,1,0,1,1,0,0,5,1,0.1,10,2,20.0,0.96,0.19,0.1,0.5,0,0,1,4,4,21,5,1,1,22,0,,,,,,,,,,,,,,,marcao,0.7073,0.07020195
1594,Vincent Marchetti,fr FRA,MF,Paris FC,fr Ligue 1,28.0,1997.0,21,9,803,8.9,2,1,3,2,0,0,1,0,0.34,24,7,29.2,2.69,0.78,0.08,0.29,0,0,1,12,5,4,1,0,0,12,0,,,,,,,,,,,,,,,vincent marchetti,2.1807,0.30274222
1596,José María Giménez,uy URU,DF,Atlético Madrid,es La Liga,31.0,1995.0,15,12,1159,12.9,0,1,1,0,0,0,3,0,0.08,13,3,23.1,1.01,0.23,0.0,0.0,0,0,0,12,15,10,3,0,0,19,0,,,,,,,,,,,,,,,jose maria gimenez,1.737,0.4441249
1598,Luca Marianucci,it ITA,DF,Torino,it Serie A,21.0,2004.0,9,5,530,5.9,0,0,0,0,0,0,2,0,0.0,1,0,0.0,0.17,0.0,0.0,,0,0,7,4,8,2,2,0,0,7,0,,,,,,,,,,,,,,,luca marianucci,0.017,0.1122889
1599,Luca Marianucci,it ITA,DF,Napoli,it Serie A,21.0,2004.0,2,1,119,1.3,0,1,1,0,0,0,0,0,0.76,1,0,0.0,0.76,0.0,0.0,,0,0,2,2,1,0,0,0,0,2,0,,,,,,,,,,,,,,,luca marianucci,0.017,0.1122889
1601,Marius Marin,ro ROU,MF,Pisa,it Serie A,27.0,1998.0,23,18,1281,14.2,0,0,0,0,0,0,7,0,0.0,3,0,0.0,0.21,0.0,0.0,,0,0,18,26,14,20,7,0,0,36,0,,,,,,,,,,,,,,,marius marin,0.1151,0.59549118
1602,Pablo Marín,es ESP,MF,Real Sociedad,es La Liga,22.0,2003.0,30,14,1295,14.4,0,1,1,0,0,0,2,0,0.07,12,4,33.3,0.83,0.28,0.0,0.0,0,0,13,15,6,19,2,0,0,19,0,,,,,,,,,,,,,,,pablo marin,1.1783,1.13377791
1603,Rafa Marín,es ESP,DF,Villarreal,es La Liga,23.0,2002.0,20,18,1709,19.0,1,0,1,1,0,0,1,0,0.05,5,1,20.0,0.26,0.05,0.2,1.0,0,0,0,20,20,7,1,0,0,13,1,,,,,,,,,,,,,,,rafa marin,0.3522,0.63164048
1607,Guillermo Maripán,cl CHI,DF,Torino,it Serie A,32.0,1994.0,26,24,2100,23.3,2,0,2,2,0,0,3,0,0.09,18,8,44.4,0.77,0.34,0.11,0.25,0,0,3,28,27,7,3,0,0,27,0,,,,,,,,,,,,,,,guillermo maripan,1.5728,0.46964075
1608,Omar Marmoush,eg EGY,"FW,MF",Manchester City,eng Premier League,27.0,1999.0,18,7,576,6.4,1,3,4,1,0,0,2,0,0.62,25,7,28.0,3.91,1.09,0.04,0.14,0,0,12,7,2,18,2,0,0,10,0,,,,,,,,,,,,,,,omar marmoush,2.1852,0.70657912
1610,Marquinhos,br BRA,DF,Paris Saint-Germain,fr Ligue 1,31.0,1994.0,12,9,872,9.7,0,0,0,0,0,0,0,0,0.0,2,0,0.0,0.21,0.0,0.0,,0,0,2,9,6,1,0,0,0,7,1,,,,,,,,,,,,,,,marquinhos,0.0932,0.33266075
1612,Eric Martel,de GER,"MF,DF",Köln,de Bundesliga,24.0,2002.0,30,29,2469,27.4,2,2,4,2,0,0,12,1,0.15,21,4,19.0,0.77,0.15,0.1,0.5,0,0,11,30,34,51,12,1,1,41,0,,,,,,,,,,,,,,,eric martel,1.8486,1.12392075
1613,Aarón Martín,es ESP,"MF,DF",Genoa,it Serie A,29.0,1997.0,30,24,2026,22.5,1,5,6,1,0,1,2,0,0.27,11,4,36.4,0.49,0.18,0.09,0.25,0,1,180,26,10,26,2,0,0,29,0,,,,,,,,,,,,,,,aaron martin,1.3188,5.1897164
1614,Carlos Martín,es ESP,"MF,FW",Rayo Vallecano,es La Liga,24.0,2002.0,8,6,373,4.1,0,0,0,0,0,0,1,0,0.0,5,2,40.0,1.21,0.48,0.0,0.0,0,0,8,6,0,4,1,0,0,10,0,,,,,,,,,,,,,,,carlos martin,0.9977,0.20234488
1615,Gerard Martín,es ESP,DF,Barcelona,es La Liga,24.0,2002.0,29,23,1849,20.5,0,0,0,0,0,0,6,0,0.0,6,3,50.0,0.29,0.15,0.0,0.0,0,0,13,25,28,7,6,0,0,14,0,,,,,,,,,,,,,,,gerard martin,0.1261,0.82555846
1616,Iván Martín,es ESP,MF,Girona,es La Liga,27.0,1999.0,31,26,2265,25.2,0,1,1,0,0,0,5,1,0.04,11,4,36.4,0.44,0.16,0.0,0.0,0,0,12,36,16,30,5,1,1,27,0,,,,,,,,,,,,,,,ivan martin,0.837,1.21463718
1617,Jon Martin,es ESP,DF,Real Sociedad,es La Liga,20.0,2006.0,22,22,1980,22.0,1,0,1,1,0,0,5,0,0.05,14,4,28.6,0.64,0.18,0.07,0.25,0,0,0,15,34,10,5,0,0,14,0,,,,,,,,,,,,,,,jon martin,1.9228,0.15259993
1618,Mario Martín,es ESP,"MF,FW",Getafe,es La Liga,22.0,2004.0,31,22,1818,20.2,2,1,3,2,0,0,10,0,0.15,24,5,20.8,1.19,0.25,0.08,0.4,0,0,12,30,15,28,10,0,0,59,0,,,,,,,,,,,,,,,mario martin,1.6959,0.99841349
1619,Gabriel Martinelli,br BRA,"FW,MF",Arsenal,eng Premier League,24.0,2001.0,28,10,990,11.0,1,3,4,1,0,0,3,0,0.36,28,12,42.9,2.55,1.09,0.04,0.08,0,0,31,8,1,13,3,0,0,10,0,,,,,,,,,,,,,,,gabriel martinelli,3.7215,1.01272459
1620,Arnau Martinez,es ESP,"DF,MF",Girona,es La Liga,23.0,2003.0,31,29,2372,26.4,1,2,3,1,0,0,6,0,0.11,16,2,12.5,0.61,0.08,0.06,0.5,0,0,37,35,34,28,6,0,0,22,0,,,,,,,,,,,,,,,arnau martinez,0.896,1.35475487
1625,Lautaro Martínez,ar ARG,FW,Inter,it Serie A,28.0,1997.0,27,24,1970,21.9,16,5,21,16,0,0,3,0,0.96,87,36,41.4,3.97,1.64,0.18,0.44,0,0,16,10,4,43,3,0,0,42,0,,,,,,,,,,,,,,,lautaro martinez,12.1626,1.96487391
1626,Lisandro Martínez,ar ARG,DF,Manchester Utd,eng Premier League,28.0,1998.0,15,10,963,10.7,0,0,0,0,0,0,0,1,0.0,4,0,0.0,0.37,0.0,0.0,,0,0,2,8,11,2,0,1,0,9,1,,,,,,,,,,,,,,,lisandro martinez,0.065,0.56539324
1627,Pablo Martínez,es ESP,MF,Levante,es La Liga,28.0,1998.0,24,18,1621,18.0,1,4,5,1,0,0,3,0,0.28,28,4,14.3,1.55,0.22,0.04,0.25,0,0,71,9,18,11,3,0,0,28,0,,,,,,,,,,,,,,,pablo martinez,1.7366,2.31543791
1629,Toni Martínez,es ESP,FW,Alavés,es La Liga,28.0,1997.0,33,28,2387,26.5,11,3,14,11,0,0,2,0,0.53,85,32,37.6,3.2,1.21,0.13,0.34,0,0,11,14,4,32,2,0,0,39,0,,,,,,,,,,,,,,,toni martinez,7.5719,1.39903549
1630,Adam Marušić,me MNE,DF,Lazio,it Serie A,33.0,1992.0,30,29,2534,28.2,1,2,3,1,0,0,1,1,0.11,14,7,50.0,0.5,0.25,0.07,0.14,0,0,33,16,30,16,1,1,0,20,0,,,,,,,,,,,,,,,adam marusic,1.261,1.38667736
1631,Omar Mascarell,gq EQG,"MF,DF",Mallorca,es La Liga,33.0,1993.0,27,23,2007,22.3,1,2,3,1,0,0,4,0,0.13,3,2,66.7,0.13,0.09,0.33,0.5,0,0,5,26,32,13,4,0,0,33,0,,,,,,,,,,,,,,,omar mascarell,0.1355,0.27444048
1633,Patrizio Masini,it ITA,MF,Genoa,it Serie A,25.0,2001.0,26,12,1322,14.7,0,1,1,0,0,0,5,0,0.07,16,4,25.0,1.09,0.27,0.0,0.0,0,0,13,37,26,41,5,0,0,37,0,,,,,,,,,,,,,,,patrizio masini,1.5369,0.85862409
1634,Han-Noah Massengo,fr FRA,MF,Augsburg,de Bundesliga,24.0,2001.0,31,29,2362,26.2,2,1,3,2,0,0,4,0,0.11,20,6,30.0,0.76,0.23,0.1,0.33,0,0,16,18,36,22,4,0,0,23,0,,,,,,,,,,,,,,,han-noah massengo,1.1752,1.5667147
1635,Franco Mastantuono,ar ARG,"MF,FW",Real Madrid,es La Liga,18.0,2007.0,19,9,855,9.5,1,0,1,1,0,0,5,1,0.11,27,6,22.2,2.84,0.63,0.04,0.17,0,0,28,12,2,23,5,1,0,18,0,,,,,,,,,,,,,,,franco mastantuono,2.2193,2.1856234
1636,Arthur Masuaku,cd COD,DF,Sunderland,eng Premier League,32.0,1993.0,3,2,126,1.4,0,0,0,0,0,0,1,0,0.0,1,0,0.0,0.71,0.0,0.0,,0,0,8,2,2,0,1,0,0,3,0,,,,,,,,,,,,,,,arthur masuaku,0.0263,0.0920665
1637,Arthur Masuaku,cd COD,DF,Lens,fr Ligue 1,32.0,1993.0,3,2,137,1.5,0,0,0,0,0,0,1,0,0.0,1,1,100.0,0.66,0.66,0.0,0.0,0,0,4,3,1,1,1,0,0,2,0,,,,,,,,,,,,,,,arthur masuaku,0.0263,0.0920665
1638,Clinton Mata,ao ANG,DF,Lyon,fr Ligue 1,33.0,1992.0,30,30,2653,29.5,0,0,0,0,0,0,5,0,0.0,4,0,0.0,0.14,0.0,0.0,,0,0,12,21,25,35,5,0,0,34,1,,,,,,,,,,,,,,,clinton mata,0.1063,0.67795947
1639,Igor Matanovic,hr CRO,FW,Freiburg,de Bundesliga,23.0,2003.0,29,12,1396,15.5,8,1,9,7,1,2,0,0,0.52,47,16,34.0,3.03,1.03,0.15,0.44,1,2,0,11,8,21,0,0,0,39,0,,,,,,,,,,,,,,,igor matanovic,8.7535,0.42563146
1640,Pape Matar Sarr,sn SEN,MF,Tottenham Hotspur,eng Premier League,23.0,2002.0,24,13,1357,15.1,2,3,5,2,0,0,2,0,0.33,16,6,37.5,1.06,0.4,0.13,0.33,0,0,7,21,13,13,2,0,0,27,0,,,,,,,,,,,,,,,pape matar sarr,1.5385,1.06996275
1641,Jean-Philippe Mateta,fr FRA,FW,Crystal Palace,eng Premier League,28.0,1997.0,28,24,2089,23.2,10,0,10,6,4,4,2,0,0.26,60,30,50.0,2.58,1.29,0.1,0.2,4,4,10,4,6,18,2,0,0,20,0,,,,,,,,,,,,,,,jean-philippe mateta,13.1598,1.24727751
1642,Nemanja Matić,rs SRB,MF,Sassuolo,it Serie A,37.0,1988.0,32,30,2572,28.6,1,1,2,1,0,0,7,1,0.07,11,4,36.4,0.38,0.14,0.09,0.25,0,0,11,27,25,39,7,1,0,23,0,,,,,,,,,,,,,,,nemanja matic,0.3266,1.0451755
1643,Rudy Matondo,fr FRA,MF,Paris FC,fr Ligue 1,18.0,2008.0,9,6,577,6.4,2,0,2,2,0,0,1,1,0.31,9,5,55.6,1.4,0.78,0.22,0.4,0,0,8,11,3,9,1,1,0,12,0,,,,,,,,,,,,,,,rudy matondo,0.3665,0.2413256
1644,Rudy Matondo,fr FRA,MF,Auxerre,fr Ligue 1,18.0,2008.0,16,6,614,6.8,0,0,0,0,0,0,3,0,0.0,4,0,0.0,0.59,0.0,0.0,,0,0,5,7,7,9,3,0,0,12,0,,,,,,,,,,,,,,,rudy matondo,0.3665,0.2413256
1645,Chrislain Matsima,fr FRA,DF,Augsburg,de Bundesliga,23.0,2002.0,16,15,1339,14.9,1,1,2,1,0,0,5,0,0.13,7,1,14.3,0.47,0.07,0.14,1.0,0,0,4,10,29,4,5,0,0,8,0,,,,,,,,,,,,,,,chrislain matsima,0.3857,0.42922413
1647,Alan Matturro,uy URU,DF,Levante,es La Liga,21.0,2004.0,19,10,947,10.5,1,1,2,1,0,0,0,1,0.19,8,1,12.5,0.76,0.1,0.13,1.0,0,0,0,13,6,10,0,1,0,7,0,,,,,,,,,,,,,,,alan matturro,0.6173,0.14168528
1648,Neal Maupay,fr FRA,"FW,MF",Marseille,fr Ligue 1,29.0,1996.0,1,0,2,0.0,0,0,0,0,0,0,0,0,0.0,0,0,,0.0,0.0,,,0,0,0,0,0,0,0,0,0,0,0,,,,,,,,,,,,,,,neal maupay,0.3922,0.08468909
1649,Neal Maupay,fr FRA,FW,Sevilla,es La Liga,29.0,1996.0,8,7,626,7.0,2,1,3,2,0,0,1,0,0.43,10,4,40.0,1.44,0.58,0.2,0.5,0,0,3,0,1,10,1,0,0,9,0,,,,,,,,,,,,,,,neal maupay,0.3922,0.08468909
1650,Konstantinos Mavropanos,gr GRE,DF,West Ham United,eng Premier League,28.0,1997.0,28,24,2264,25.2,3,0,3,3,0,0,2,0,0.12,21,8,38.1,0.83,0.32,0.14,0.38,0,0,3,20,43,8,2,0,0,10,2,,,,,,,,,,,,,,,konstantinos mavropanos,2.349,0.59258381
1651,Christian Mawissa,fr FRA,"DF,MF",Monaco,fr Ligue 1,21.0,2005.0,16,11,1011,11.2,0,0,0,0,0,0,3,0,0.0,1,1,100.0,0.09,0.09,0.0,0.0,0,0,5,23,14,11,3,0,0,8,0,,,,,,,,,,,,,,,christian mawissa,0.3178,0.7113016
1652,Eliezer Mayenda,es ESP,"FW,MF",Sunderland,eng Premier League,21.0,2005.0,19,8,758,8.4,2,0,2,2,0,0,0,0,0.24,13,6,46.2,1.54,0.71,0.15,0.33,0,0,1,3,1,11,0,0,0,6,0,,,,,,,,,,,,,,,eliezer mayenda,2.145,0.21361966
1653,Ezra Mayers,bb BRB,DF,West Ham United,eng Premier League,19.0,2007.0,6,0,117,1.3,0,0,0,0,0,0,0,0,0.0,1,0,0.0,0.77,0.0,0.0,,0,0,3,0,1,0,0,0,0,0,0,,,,,,,,,,,,,,,ezra mayers,0.1188,0.49082712
1654,Borja Mayoral,es ESP,FW,Getafe,es La Liga,29.0,1997.0,15,12,1053,11.7,4,1,5,4,0,1,0,0,0.43,14,7,50.0,1.2,0.6,0.29,0.57,0,1,6,5,4,7,0,0,0,6,0,,,,,,,,,,,,,,,borja mayoral,2.9229,0.23747717
1655,Senny Mayulu,fr FRA,"MF,FW",Paris Saint-Germain,fr Ligue 1,19.0,2006.0,23,19,1459,16.2,4,4,8,4,0,0,2,0,0.49,31,9,29.0,1.91,0.56,0.13,0.44,0,0,24,25,8,18,2,0,0,22,0,,,,,,,,,,,,,,,senny mayulu,3.0692,2.01220218
1656,Ibrahim Maza,dz ALG,MF,Leverkusen,de Bundesliga,20.0,2005.0,26,18,1669,18.5,3,4,7,3,0,0,2,0,0.38,46,14,30.4,2.48,0.75,0.07,0.21,0,0,56,22,15,33,2,0,0,18,0,,,,,,,,,,,,,,,ibrahim maza,3.9415,3.99417195
1657,Noussair Mazraoui,ma MAR,"DF,MF",Manchester Utd,eng Premier League,28.0,1997.0,18,9,822,9.1,0,0,0,0,0,0,3,0,0.0,5,0,0.0,0.55,0.0,0.0,,0,0,12,12,9,13,3,0,0,12,0,,,,,,,,,,,,,,,noussair mazraoui,0.1883,0.30568352
1658,Luca Mazzitelli,it ITA,MF,Cagliari,it Serie A,30.0,1995.0,18,9,767,8.5,2,2,4,2,0,0,3,0,0.47,15,5,33.3,1.76,0.59,0.13,0.4,0,0,9,11,10,13,3,0,0,22,0,,,,,,,,,,,,,,,luca mazzitelli,0.733,0.30036351
1659,Pasquale Mazzocchi,it ITA,MF,Napoli,it Serie A,30.0,1995.0,13,2,292,3.2,0,0,0,0,0,0,0,1,0.0,2,1,50.0,0.62,0.31,0.0,0.0,0,0,12,1,4,0,0,1,0,1,0,,,,,,,,,,,,,,,pasquale mazzocchi,0.0451,0.267426
1660,Nathan Mbala,,"MF,FW",Metz,fr Ligue 1,18.0,2008.0,12,3,402,4.5,2,2,4,2,0,0,0,0,0.9,14,4,28.6,3.13,0.9,0.14,0.5,0,0,35,6,1,5,0,0,0,3,0,,,,,,,,,,,,,,,nathan mbala,0.7062,0.44466619
1661,Samuel Mbangula,be BEL,"MF,FW",Werder Bremen,de Bundesliga,22.0,2004.0,24,12,1130,12.6,3,2,5,3,0,0,0,0,0.4,16,7,43.8,1.27,0.56,0.19,0.43,0,0,22,10,3,22,0,0,0,4,0,,,,,,,,,,,,,,,samuel mbangula,1.2121,1.6764662
1662,Ethan Mbappé,fr FRA,"MF,FW",Lille,fr Ligue 1,19.0,2006.0,16,4,493,5.5,3,1,4,3,0,0,1,0,0.73,14,7,50.0,2.56,1.28,0.21,0.43,0,0,29,5,0,9,1,0,0,5,0,,,,,,,,,,,,,,,ethan mbappe,1.5148,1.20335401
1663,Kylian Mbappé,fr FRA,FW,Real Madrid,es La Liga,27.0,1998.0,28,27,2397,26.6,24,4,28,16,8,9,4,0,0.75,132,61,46.2,4.96,2.29,0.12,0.26,8,9,25,1,3,31,4,0,0,13,0,,,,,,,,,,,,,,,kylian mbappe,22.243,5.8672311
1664,Ibrahim Mbaye,sn SEN,"FW,MF",Paris Saint-Germain,fr Ligue 1,18.0,2008.0,22,10,958,10.6,2,2,4,2,0,0,0,0,0.38,22,9,40.9,2.07,0.85,0.09,0.22,0,0,15,7,4,12,0,0,0,10,0,,,,,,,,,,,,,,,ibrahim mbaye,2.0617,1.92707845
1666,Chancel Mbemba,cd COD,DF,Lille,fr Ligue 1,31.0,1994.0,13,9,954,10.6,0,0,0,0,0,0,3,0,0.0,7,3,42.9,0.66,0.28,0.0,0.0,0,0,0,8,13,6,3,0,0,10,1,,,,,,,,,,,,,,,chancel mbemba,0.5211,0.12088546
1667,Bryan Mbeumo,cm CMR,"MF,FW",Manchester Utd,eng Premier League,26.0,1999.0,30,29,2441,27.1,9,3,12,9,0,0,4,0,0.44,65,30,46.2,2.4,1.11,0.14,0.3,0,0,101,11,7,28,4,0,0,23,0,,,,,,,,,,,,,,,bryan mbeumo,8.2602,4.53666454
1669,Pathé Mboup,sn SEN,MF,Brest,fr Ligue 1,22.0,2003.0,26,8,960,10.7,1,0,1,1,0,0,6,0,0.09,21,10,47.6,1.97,0.94,0.05,0.1,0,0,7,17,12,16,6,0,0,32,0,,,,,,,,,,,,,,,pathe mboup,2.8263,0.6907854
1670,Moustapha Mbow,sn SEN,DF,Paris FC,fr Ligue 1,26.0,2000.0,30,29,2627,29.2,0,1,1,0,0,0,5,0,0.03,10,3,30.0,0.34,0.1,0.0,0.0,0,0,2,33,36,16,5,0,0,24,0,,,,,,,,,,,,,,,moustapha mbow,0.5511,0.4792134
1671,James Mcatee,eng ENG,MF,Nottingham Forest,eng Premier League,23.0,2002.0,11,2,270,3.0,0,0,0,0,0,0,1,0,0.0,3,0,0.0,1.0,0.0,0.0,,0,0,8,3,3,5,1,0,0,4,0,,,,,,,,,,,,,,,james mcatee,0.0151,0.16989837
1672,John McGinn,sct SCO,MF,Aston Villa,eng Premier League,31.0,1994.0,27,26,1959,21.8,4,3,7,4,0,0,4,0,0.32,22,9,40.9,1.01,0.41,0.18,0.44,0,0,73,16,12,46,4,0,0,29,0,,,,,,,,,,,,,,,john mcginn,2.6781,3.22034916
1673,Weston McKennie,us USA,MF,Juventus,it Serie A,27.0,1998.0,33,29,2570,28.6,5,5,10,5,0,0,5,0,0.35,42,15,35.7,1.47,0.53,0.12,0.33,0,0,34,22,22,11,5,0,0,39,0,,,,,,,,,,,,,,,weston mckennie,7.4202,4.93854135
1674,Mark McKenzie,us USA,DF,Toulouse,fr Ligue 1,27.0,1999.0,28,26,2314,25.7,0,2,2,0,0,0,6,1,0.08,6,1,16.7,0.23,0.04,0.0,0.0,0,0,4,29,25,11,6,1,0,32,0,,,,,,,,,,,,,,,mark mckenzie,0.3152,0.94210119
1675,Dwight McNeil,eng ENG,MF,Everton,eng Premier League,26.0,1999.0,21,14,1165,12.9,0,1,1,0,0,0,1,0,0.08,24,5,20.8,1.85,0.39,0.0,0.0,0,0,40,16,10,7,1,0,0,11,0,,,,,,,,,,,,,,,dwight mcneil,1.361,0.9717853
1676,Scott McTominay,sct SCO,MF,Napoli,it Serie A,29.0,1996.0,30,28,2521,28.0,9,3,12,9,0,1,1,0,0.43,92,33,35.9,3.28,1.18,0.1,0.27,0,1,9,13,21,59,1,0,0,23,0,,,,,,,,,,,,,,,scott mctominay,7.6583,1.28099432
1677,Facundo Medina,ar ARG,DF,Marseille,fr Ligue 1,26.0,1999.0,15,14,1185,13.2,0,1,1,0,0,0,7,0,0.08,4,1,25.0,0.3,0.08,0.0,0.0,0,0,13,12,17,8,7,0,0,21,1,,,,,,,,,,,,,,,facundo medina,0.2957,0.5929735
1680,Bamo Meïté,ci CIV,DF,Lorient,fr Ligue 1,24.0,2001.0,24,22,1961,21.8,0,3,3,0,0,0,5,0,0.14,8,1,12.5,0.37,0.05,0.0,0.0,0,0,12,15,13,24,5,0,0,30,0,,,,,,,,,,,,,,,bamo meite,0.7135,0.45144378
1682,Hannibal Mejbri,tn TUN,MF,Burnley,eng Premier League,23.0,2003.0,24,12,1027,11.4,1,3,4,1,0,0,8,0,0.35,15,4,26.7,1.31,0.35,0.07,0.25,0,0,25,13,7,39,8,0,0,18,0,,,,,,,,,,,,,,,hannibal mejbri,0.5481,1.32017823
1684,Nuno Mendes,pt POR,DF,Paris Saint-Germain,fr Ligue 1,23.0,2002.0,20,13,1256,14.0,4,5,9,3,1,1,1,0,0.57,30,15,50.0,2.15,1.07,0.1,0.2,1,1,44,20,14,25,1,0,0,12,0,,,,,,,,,,,,,,,nuno mendes,4.2961,3.62734183
1685,Brais Méndez,es ESP,"MF,FW",Real Sociedad,es La Liga,29.0,1997.0,28,20,1604,17.8,6,2,8,5,1,2,4,1,0.39,36,16,44.4,2.02,0.9,0.14,0.31,1,2,60,17,7,32,4,1,0,42,0,,,,,,,,,,,,,,,brais mendez,4.5962,2.54772754
1686,Rodrigo Mendoza,es ESP,"MF,FW",Elche,es La Liga,21.0,2005.0,16,6,794,8.8,1,0,1,1,0,0,4,0,0.11,11,2,18.2,1.25,0.23,0.09,0.5,0,0,17,9,5,16,4,0,0,19,0,,,,,,,,,,,,,,,rodrigo mendoza,0.7583,0.99134968
1687,Rodrigo Mendoza,es ESP,MF,Atlético Madrid,es La Liga,21.0,2005.0,7,7,417,4.6,0,1,1,0,0,0,2,0,0.22,5,1,20.0,1.08,0.22,0.0,0.0,0,0,2,3,0,6,2,0,0,10,0,,,,,,,,,,,,,,,rodrigo mendoza,0.7583,0.99134968
1688,Antoine Mendy,sn SEN,DF,Nice,fr Ligue 1,21.0,2004.0,23,22,1917,21.3,1,0,1,1,0,0,5,0,0.05,15,7,46.7,0.7,0.33,0.07,0.14,0,0,18,33,17,21,5,0,0,29,0,,,,,,,,,,,,,,,antoine mendy,2.1663,0.42020135
1689,Batista Mendy,fr FRA,MF,Sevilla,es La Liga,26.0,2000.0,27,19,1617,18.0,1,0,1,1,0,0,6,0,0.06,17,5,29.4,0.95,0.28,0.06,0.2,0,0,5,23,18,27,6,0,0,37,0,,,,,,,,,,,,,,,batista mendy,1.1401,0.4788675
1692,Nobel Mendy,sn SEN,DF,Rayo Vallecano,es La Liga,21.0,2004.0,21,20,1614,17.9,2,0,2,2,0,0,9,2,0.11,11,3,27.3,0.61,0.17,0.18,0.67,0,0,6,12,22,10,9,2,1,28,0,,,,,,,,,,,,,,,nobel mendy,1.5789,0.06709551
1693,Paul Mendy,sn SEN,FW,Cagliari,it Serie A,19.0,2007.0,6,1,147,1.6,2,0,2,2,0,0,0,0,1.22,6,2,33.3,3.67,1.22,0.33,1.0,0,0,0,0,1,2,0,0,0,4,0,,,,,,,,,,,,,,,paul mendy,0.1769,0.02192228
1694,Gideon Mensah,gh GHA,DF,Auxerre,fr Ligue 1,27.0,1998.0,28,24,2147,23.9,0,1,1,0,0,0,8,0,0.04,1,0,0.0,0.04,0.0,0.0,,0,0,58,35,23,31,8,0,0,35,0,,,,,,,,,,,,,,,gideon mensah,0.0032,1.31079533
1695,Khalis Merah,fr FRA,"MF,FW",Lyon,fr Ligue 1,19.0,2007.0,21,14,1064,11.8,0,1,1,0,0,0,2,0,0.08,5,3,60.0,0.42,0.25,0.0,0.0,0,0,12,17,6,20,2,0,0,11,0,,,,,,,,,,,,,,,khalis merah,0.7623,0.97297269
1697,Mikel Merino,es ESP,"MF,FW",Arsenal,eng Premier League,29.0,1996.0,21,10,1007,11.2,4,3,7,4,0,0,1,0,0.63,21,8,38.1,1.88,0.71,0.19,0.5,0,0,4,13,9,20,1,0,0,21,0,,,,,,,,,,,,,,,mikel merino,2.9983,1.45131127
1698,Quentin Merlin,fr FRA,"DF,MF",Rennes,fr Ligue 1,23.0,2002.0,31,25,2353,26.1,1,4,5,1,0,0,2,0,0.19,24,7,29.2,0.92,0.27,0.04,0.14,0,0,142,35,27,29,2,0,0,19,0,,,,,,,,,,,,,,,quentin merlin,1.2186,4.00806848
1700,Junior Messias,br BRA,MF,Genoa,it Serie A,34.0,1991.0,20,5,685,7.6,3,1,4,2,1,1,1,0,0.39,19,7,36.8,2.5,0.92,0.11,0.29,1,1,16,10,5,22,1,0,0,10,0,,,,,,,,,,,,,,,junior messias,1.6218,1.59736685
1701,Alejandro Mestanza,es ESP,MF,Getafe,es La Liga,21.0,2004.0,3,1,71,0.8,0,0,0,0,0,0,0,0,0.0,1,0,0.0,1.27,0.0,0.0,,0,0,4,1,0,2,0,0,0,1,0,,,,,,,,,,,,,,,alejandro mestanza,0.021,0.00629898
1702,Connor Metcalfe,au AUS,FW,St Pauli,de Bundesliga,26.0,1999.0,23,1,415,4.6,0,1,1,0,0,0,2,0,0.22,13,3,23.1,2.82,0.65,0.0,0.0,0,0,15,8,4,2,2,0,0,9,0,,,,,,,,,,,,,,,connor metcalfe,0.4737,0.88378569
1703,Dayann Methalie,fr FRA,MF,Toulouse,fr Ligue 1,20.0,2006.0,26,21,1812,20.1,1,1,2,1,0,0,8,0,0.1,13,6,46.2,0.65,0.3,0.08,0.17,0,0,40,29,22,10,8,0,0,56,0,,,,,,,,,,,,,,,dayann methalie,0.6047,1.28591964
1704,Karol Mets,ee EST,DF,St Pauli,de Bundesliga,32.0,1993.0,23,22,1932,21.5,1,0,1,1,0,0,3,0,0.05,7,1,14.3,0.33,0.05,0.14,1.0,0,0,6,22,22,11,3,0,0,13,0,,,,,,,,,,,,,,,karol mets,0.5046,0.53806117
1705,Thomas Meunier,be BEL,DF,Lille,fr Ligue 1,34.0,1991.0,24,20,1819,20.2,2,2,4,2,0,0,3,0,0.2,17,4,23.5,0.84,0.2,0.12,0.5,0,0,50,17,16,3,3,0,0,29,0,,,,,,,,,,,,,,,thomas meunier,1.1366,2.82572057
1706,Lucas Michal,fr FRA,MF,Metz,fr Ligue 1,20.0,2005.0,9,2,212,2.4,0,0,0,0,0,0,1,0,0.0,7,2,28.6,2.97,0.85,0.0,0.0,0,0,1,0,0,2,1,0,0,3,0,,,,,,,,,,,,,,,lucas michal,0.7747,0.05737042
1707,Lucas Michal,fr FRA,FW,Monaco,fr Ligue 1,20.0,2005.0,2,0,59,0.7,0,0,0,0,0,0,0,0,0.0,1,0,0.0,1.53,0.0,0.0,,0,0,3,0,0,1,0,0,0,2,0,,,,,,,,,,,,,,,lucas michal,0.7747,0.05737042
1708,Georges Mikautadze,ge GEO,FW,Villarreal,es La Liga,25.0,2000.0,29,21,1931,21.5,11,5,16,11,0,0,1,0,0.75,61,28,45.9,2.84,1.31,0.18,0.39,0,0,20,4,5,43,1,0,0,13,0,,,,,,,,,,,,,,,georges mikautadze,8.6672,2.32534551
1709,Georges Mikautadze,ge GEO,FW,Lyon,fr Ligue 1,25.0,2000.0,2,2,179,2.0,1,0,1,1,0,0,0,0,0.5,10,4,40.0,5.03,2.01,0.1,0.25,0,0,0,0,1,1,0,0,0,0,0,,,,,,,,,,,,,,,georges mikautadze,8.6672,2.32534551
1710,Wisdom Mike,de GER,FW,Bayern Munich,de Bundesliga,17.0,2008.0,4,0,30,0.3,0,0,0,0,0,0,0,0,0.0,2,1,50.0,6.0,3.0,0.0,0.0,0,0,1,0,1,0,0,0,0,0,0,,,,,,,,,,,,,,,wisdom mike,0.0913,0.00823125
1711,William Mikelbrencis,fr FRA,"MF,DF",Hamburger SV,de Bundesliga,22.0,2004.0,25,15,1370,15.2,0,4,4,0,0,0,3,0,0.26,12,6,50.0,0.79,0.39,0.0,0.0,0,0,53,22,6,5,3,0,0,18,0,,,,,,,,,,,,,,,william mikelbrencis,1.1449,2.06105579
1714,Nikola Milenković,rs SRB,DF,Nottingham Forest,eng Premier League,28.0,1997.0,35,34,3105,34.5,0,0,0,0,0,0,6,0,0.0,15,1,6.7,0.43,0.03,0.0,0.0,0,0,2,18,29,19,6,0,0,18,1,,,,,,,,,,,,,,,nikola milenkovic,0.8229,0.4969035
1715,Lewis Miley,eng ENG,"MF,DF",Newcastle United,eng Premier League,20.0,2006.0,23,15,1496,16.6,1,4,5,1,0,0,0,0,0.3,12,4,33.3,0.72,0.24,0.08,0.25,0,0,42,18,20,4,0,0,0,5,0,,,,,,,,,,,,,,,lewis miley,1.3393,2.0488382
1716,Arkadiusz Milik,pl POL,FW,Juventus,it Serie A,32.0,1994.0,2,0,36,0.4,0,0,0,0,0,0,0,0,0.0,2,2,100.0,5.0,5.0,0.0,0.0,0,0,0,0,0,0,0,0,0,1,0,,,,,,,,,,,,,,,arkadiusz milik,0.0872,0.02698012
1718,Éder Militão,br BRA,DF,Real Madrid,es La Liga,28.0,1998.0,16,14,1139,12.7,2,1,3,2,0,0,2,0,0.24,21,9,42.9,1.66,0.71,0.1,0.22,0,0,1,16,10,13,2,0,0,15,0,,,,,,,,,,,,,,,eder militao,1.6836,0.69872206
1719,Luis Milla,es ESP,MF,Getafe,es La Liga,31.0,1994.0,33,33,2911,32.3,0,9,9,0,0,0,5,1,0.28,20,2,10.0,0.62,0.06,0.0,0.0,0,0,197,29,41,42,5,1,0,27,0,,,,,,,,,,,,,,,luis milla,1.035,5.0935079
1720,Pere Milla,es ESP,"MF,FW",Espanyol,es La Liga,33.0,1992.0,30,23,1825,20.3,6,0,6,6,0,0,6,1,0.3,55,19,34.5,2.71,0.94,0.11,0.32,0,0,34,22,15,35,6,1,0,23,0,,,,,,,,,,,,,,,pere milla,6.3712,2.12846694
1721,Lennon Miller,sct SCO,MF,Udinese,it Serie A,19.0,2006.0,21,7,799,8.9,0,2,2,0,0,0,3,0,0.23,9,1,11.1,1.01,0.11,0.0,0.0,0,0,22,10,8,14,3,0,0,12,0,,,,,,,,,,,,,,,lennon miller,0.3547,0.36569635
1722,James Milner,eng ENG,MF,Brighton,eng Premier League,40.0,1986.0,19,6,726,8.1,1,1,2,0,1,1,2,0,0.12,8,2,25.0,0.99,0.25,0.0,0.0,1,1,14,9,5,3,2,0,0,11,0,,,,,,,,,,,,,,,james milner,1.0195,0.62365316
1723,Veljko Milosavljević,rs SRB,DF,Bournemouth,eng Premier League,18.0,2007.0,7,4,368,4.1,0,0,0,0,0,0,0,0,0.0,1,0,0.0,0.24,0.0,0.0,,0,0,0,4,4,0,0,0,0,0,0,,,,,,,,,,,,,,,veljko milosavljevic,0.1513,0.19614632
1724,Jovan Milošević,rs SRB,FW,Werder Bremen,de Bundesliga,20.0,2005.0,13,5,488,5.4,3,1,4,3,0,0,2,0,0.74,12,4,33.3,2.21,0.74,0.25,0.75,0,0,3,2,0,3,2,0,0,8,0,,,,,,,,,,,,,,,jovan milosevic,1.861,0.36426985
1726,Yerry Mina,co COL,DF,Cagliari,it Serie A,31.0,1994.0,24,24,1970,21.9,1,0,1,1,0,0,5,1,0.05,8,2,25.0,0.37,0.09,0.13,0.5,0,0,1,17,23,36,5,1,1,25,0,,,,,,,,,,,,,,,yerry mina,0.847,0.60810868
1727,Takumi Minamino,jp JPN,MF,Monaco,fr Ligue 1,31.0,1995.0,15,11,944,10.5,3,2,5,3,0,0,4,0,0.48,21,7,33.3,2.0,0.67,0.14,0.43,0,0,8,3,3,8,4,0,0,10,0,,,,,,,,,,,,,,,takumi minamino,3.1756,1.99362734
1728,Tyrone Mings,eng ENG,DF,Aston Villa,eng Premier League,33.0,1993.0,15,13,1144,12.7,0,0,0,0,0,0,0,0,0.0,9,1,11.1,0.71,0.08,0.0,0.0,0,0,3,2,9,8,0,0,0,8,0,,,,,,,,,,,,,,,tyrone mings,1.1579,0.3993782
1729,Óscar Mingueza,es ESP,"MF,DF",Celta Vigo,es La Liga,26.0,1999.0,30,20,1819,20.2,1,4,5,1,0,0,4,0,0.25,14,5,35.7,0.69,0.25,0.07,0.2,0,0,62,18,9,26,4,0,0,14,0,,,,,,,,,,,,,,,oscar mingueza,0.6293,3.64546987
1730,Yankuba Minteh,gm GAM,MF,Brighton,eng Premier League,21.0,2004.0,31,24,2167,24.1,2,4,6,2,0,0,3,0,0.25,40,10,25.0,1.66,0.42,0.05,0.2,0,0,136,34,13,22,3,0,0,29,0,,,,,,,,,,,,,,,yankuba minteh,3.2435,4.49904543
1732,Rafa Mir,es ESP,"FW,MF",Elche,es La Liga,28.0,1997.0,27,21,1803,20.0,8,0,8,7,1,2,4,0,0.35,69,36,52.2,3.44,1.8,0.1,0.19,1,2,19,7,4,16,4,0,0,39,0,,,,,,,,,,,,,,,rafa mir,7.6763,1.11330028
1733,Juan Miranda,es ESP,DF,Bologna,it Serie A,26.0,2000.0,29,26,2303,25.6,1,2,3,1,0,0,6,0,0.12,11,4,36.4,0.43,0.16,0.09,0.25,0,0,161,29,32,26,6,0,0,25,0,,,,,,,,,,,,,,,juan miranda,0.4724,3.80679397
1734,Fabio Miretti,it ITA,MF,Juventus,it Serie A,22.0,2003.0,21,5,595,6.6,1,2,3,1,0,0,1,0,0.45,17,5,29.4,2.57,0.76,0.06,0.2,0,0,16,9,4,6,1,0,0,14,0,,,,,,,,,,,,,,,fabio miretti,2.0325,1.54582991
1735,Tyrick Mitchell,eng ENG,MF,Crystal Palace,eng Premier League,26.0,1999.0,34,33,2936,32.6,1,2,3,1,0,0,5,0,0.09,14,5,35.7,0.43,0.15,0.07,0.2,0,0,100,58,30,24,5,0,0,24,0,,,,,,,,,,,,,,,tyrick mitchell,1.0925,2.16799829
1736,Kaoru Mitoma,jp JPN,"MF,FW",Brighton,eng Premier League,28.0,1997.0,24,18,1664,18.5,3,1,4,3,0,0,4,0,0.22,29,13,44.8,1.57,0.7,0.1,0.23,0,0,42,11,8,19,4,0,0,30,0,,,,,,,,,,,,,,,kaoru mitoma,3.3801,2.659567
1737,Maximilian Mittelstädt,de GER,"DF,MF",Stuttgart,de Bundesliga,29.0,1997.0,30,22,2037,22.6,5,4,9,2,3,3,3,0,0.27,28,15,53.6,1.24,0.66,0.07,0.13,3,3,115,41,33,25,3,0,0,10,0,,,,,,,,,,,,,,,maximilian mittelstadt,3.3793,5.49450877
1738,Henrikh Mkhitaryan,am ARM,MF,Inter,it Serie A,37.0,1989.0,27,14,1343,14.9,3,1,4,3,0,0,3,0,0.27,36,10,27.8,2.41,0.67,0.08,0.3,0,0,40,26,15,15,3,0,0,23,0,,,,,,,,,,,,,,,henrikh mkhitaryan,3.3511,2.68278181
1742,Luka Modrić,hr CRO,MF,Milan,it Serie A,40.0,1985.0,33,32,2782,30.9,2,3,5,2,0,0,4,0,0.16,19,8,42.1,0.61,0.26,0.11,0.25,0,0,109,26,35,32,4,0,0,23,0,,,,,,,,,,,,,,,luka modric,1.4844,4.72539082
1743,Max Moerstedt,de GER,FW,Hoffenheim,de Bundesliga,20.0,2006.0,22,1,420,4.7,2,0,2,2,0,0,2,0,0.43,6,4,66.7,1.29,0.86,0.33,0.5,0,0,4,3,0,10,2,0,0,14,0,,,,,,,,,,,,,,,max moerstedt,0.7511,0.55361398
1744,Terem Moffi,ng NGA,FW,Nice,fr Ligue 1,26.0,1999.0,10,6,488,5.4,2,0,2,2,0,0,0,0,0.37,16,8,50.0,2.95,1.48,0.13,0.25,0,0,0,1,0,2,0,0,0,2,0,,,,,,,,,,,,,,,terem moffi,1.3238,0.15669075
1745,Mostafa Mohamed,eg EGY,FW,Nantes,fr Ligue 1,28.0,1997.0,24,13,1152,12.8,4,0,4,4,0,0,1,0,0.31,35,8,22.9,2.73,0.62,0.11,0.5,0,0,9,7,7,27,1,0,0,18,0,,,,,,,,,,,,,,,mostafa mohamed,2.7833,0.73725939
1746,Wael Mohya,de GER,MF,Gladbach,de Bundesliga,17.0,2008.0,13,4,429,4.8,2,0,2,2,0,0,0,0,0.42,8,5,62.5,1.68,1.05,0.25,0.4,0,0,8,4,2,10,0,0,0,3,0,,,,,,,,,,,,,,,wael mohya,0.817,0.47429335
1747,Johan Mojica,co COL,DF,Mallorca,es La Liga,33.0,1992.0,33,28,2579,28.7,0,4,4,0,0,0,6,0,0.14,15,2,13.3,0.52,0.07,0.0,0.0,0,0,119,29,22,29,6,0,0,29,0,,,,,,,,,,,,,,,johan mojica,0.4884,2.61635951
1749,Alberto Moleiro,es ESP,MF,Villarreal,es La Liga,22.0,2003.0,33,27,2180,24.2,10,4,14,10,0,0,4,0,0.58,42,19,45.2,1.73,0.78,0.24,0.53,0,0,23,19,10,25,4,0,0,31,0,,,,,,,,,,,,,,,alberto moleiro,5.4216,2.90530447
1750,Nahuel Molina,ar ARG,"DF,MF",Atlético Madrid,es La Liga,28.0,1998.0,25,13,1300,14.4,2,2,4,2,0,0,4,0,0.28,14,4,28.6,0.97,0.28,0.14,0.5,0,0,47,23,14,5,4,0,0,14,0,,,,,,,,,,,,,,,nahuel molina,0.4071,1.29475551
1751,Jon Moncayola,es ESP,MF,Osasuna,es La Liga,27.0,1998.0,33,32,2789,31.0,0,4,4,0,0,0,9,0,0.13,22,5,22.7,0.71,0.16,0.0,0.0,0,0,123,24,24,12,9,0,0,38,0,,,,,,,,,,,,,,,jon moncayola,1.7964,2.71835344
1752,Jano Monserrate,es ESP,MF,Atlético Madrid,es La Liga,20.0,2006.0,2,0,23,0.3,0,0,0,0,0,0,0,0,0.0,1,1,100.0,3.91,3.91,0.0,0.0,0,0,3,2,0,1,0,0,0,2,0,,,,,,,,,,,,,,,jano monserrate,0.0152,0.00986753
1755,Álvaro Morata,es ESP,FW,Como,it Serie A,33.0,1992.0,24,9,913,10.1,0,1,1,0,0,1,4,1,0.1,22,7,31.8,2.17,0.69,0.0,0.0,0,1,9,10,1,31,4,1,1,16,0,,,,,,,,,,,,,,,alvaro morata,4.4024,0.49432262
1756,Morato,br BRA,DF,Nottingham Forest,eng Premier League,24.0,2001.0,18,11,1075,11.9,0,0,0,0,0,0,5,0,0.0,4,1,25.0,0.33,0.08,0.0,0.0,0,0,1,16,8,7,5,0,0,12,0,,,,,,,,,,,,,,,morato,0.8298,0.08572214
1759,Afonso Moreira,pt POR,"MF,FW",Lyon,fr Ligue 1,21.0,2005.0,25,16,1542,17.1,4,7,11,4,0,0,3,0,0.64,36,13,36.1,2.1,0.76,0.11,0.31,0,0,100,20,11,49,3,0,0,25,0,,,,,,,,,,,,,,,afonso moreira,1.6825,4.69299377
1760,Diego Moreira,be BEL,MF,Strasbourg,fr Ligue 1,21.0,2004.0,25,21,1873,20.8,3,4,7,3,0,0,4,0,0.34,23,9,39.1,1.11,0.43,0.13,0.33,0,0,84,23,17,25,4,0,0,16,0,,,,,,,,,,,,,,,diego moreira,1.4583,3.76028602
1761,Alberto Moreno,es ESP,DF,Como,it Serie A,33.0,1992.0,16,11,1013,11.3,1,1,2,1,0,0,2,0,0.18,9,3,33.3,0.8,0.27,0.11,0.33,0,0,26,10,6,7,2,0,0,15,0,,,,,,,,,,,,,,,alberto moreno,1.0828,0.43430634
1762,Álex Moreno,es ESP,DF,Girona,es La Liga,32.0,1993.0,27,24,2199,24.4,0,3,3,0,0,0,5,0,0.12,16,4,25.0,0.65,0.16,0.0,0.0,0,0,52,21,22,15,5,0,0,25,0,,,,,,,,,,,,,,,alex moreno,1.479,1.68700509
1763,Fabio Moreno Fell,de GER,FW,Mainz 05,de Bundesliga,25.0,2000.0,2,1,77,0.9,0,0,0,0,0,0,0,0,0.0,1,0,0.0,1.17,0.0,0.0,,0,0,0,0,0,0,0,0,0,0,0,,,,,,,,,,,,,,,fabio moreno fell,0.0734,0.021997
1764,Gerard Moreno,es ESP,FW,Villarreal,es La Liga,34.0,1992.0,19,15,1205,13.4,9,0,9,6,3,3,0,0,0.45,36,15,41.7,2.69,1.12,0.17,0.4,3,3,11,8,2,15,0,0,0,14,0,,,,,,,,,,,,,,,gerard moreno,5.0884,1.81544309
1765,Matias Moreno,ar ARG,DF,Levante,es La Liga,22.0,2003.0,25,24,1982,22.0,0,0,0,0,0,0,8,0,0.0,10,0,0.0,0.45,0.0,0.0,,0,0,3,25,31,22,8,0,0,22,0,,,,,,,,,,,,,,,matias moreno,0.7672,0.71797307
1766,Tete Morente,es ESP,MF,Elche,es La Liga,29.0,1996.0,9,8,656,7.3,1,1,2,1,0,0,1,0,0.27,7,1,14.3,0.96,0.14,0.14,1.0,0,0,33,8,6,7,1,0,0,12,0,,,,,,,,,,,,,,,tete morente,0.4627,0.47013383
1767,Tete Morente,es ESP,"FW,MF",Lecce,it Serie A,29.0,1996.0,16,9,859,9.5,0,0,0,0,0,0,2,0,0.0,14,2,14.3,1.47,0.21,0.0,0.0,0,0,29,9,3,12,2,0,0,13,0,,,,,,,,,,,,,,,tete morente,0.4627,0.47013383
1768,Stefano Moreo,it ITA,"FW,MF",Pisa,it Serie A,32.0,1993.0,34,26,2111,23.5,6,1,7,4,2,2,2,0,0.21,49,18,36.7,2.09,0.77,0.08,0.22,2,2,24,10,19,18,2,0,0,22,0,,,,,,,,,,,,,,,stefano moreo,5.0582,1.62394862
1769,Mateu Morey,es ESP,"DF,MF",Mallorca,es La Liga,26.0,2000.0,17,8,635,7.1,1,0,1,1,0,0,2,0,0.14,4,2,50.0,0.57,0.28,0.25,0.5,0,0,9,8,5,9,2,0,0,13,0,,,,,,,,,,,,,,,mateu morey,0.3014,0.30805831
1770,Ilaix Moriba,gn GUI,MF,Celta Vigo,es La Liga,23.0,2003.0,33,23,2225,24.7,1,2,3,1,0,0,6,0,0.12,16,4,25.0,0.65,0.16,0.06,0.25,0,0,2,39,18,55,6,0,0,33,0,,,,,,,,,,,,,,,ilaix moriba,1.3117,1.60817541
1771,Manu Morlanes,es ESP,MF,Mallorca,es La Liga,27.0,1999.0,28,18,1450,16.1,2,0,2,2,0,0,4,1,0.12,11,3,27.3,0.68,0.19,0.18,0.67,0,0,8,26,16,8,4,1,1,20,0,,,,,,,,,,,,,,,manu morlanes,1.7449,0.92221424
1772,Luca Moro,it ITA,FW,Sassuolo,it Serie A,25.0,2001.0,14,1,211,2.3,0,0,0,0,0,0,1,0,0.0,6,1,16.7,2.56,0.43,0.0,0.0,0,0,0,4,2,9,1,0,0,7,0,,,,,,,,,,,,,,,luca moro,0.6169,0.04782746
1773,Nikola Moro,hr CRO,MF,Bologna,it Serie A,28.0,1998.0,27,19,1743,19.4,2,0,2,2,0,0,1,0,0.1,21,2,9.5,1.08,0.1,0.1,1.0,0,0,49,8,17,16,1,0,0,16,0,,,,,,,,,,,,,,,nikola moro,0.8797,2.12574855
1774,Raúl Moro,es ESP,MF,Osasuna,es La Liga,23.0,2002.0,12,6,580,6.4,0,2,2,0,0,0,0,0,0.31,6,0,0.0,0.93,0.0,0.0,,0,0,24,0,1,6,0,0,0,2,0,,,,,,,,,,,,,,,raul moro,0.1177,0.76474089
1775,Tyler Morton,eng ENG,MF,Lyon,fr Ligue 1,23.0,2002.0,28,28,2435,27.1,2,2,4,2,0,0,6,1,0.15,27,8,29.6,1.0,0.3,0.07,0.25,0,0,83,29,23,18,6,1,0,28,0,,,,,,,,,,,,,,,tyler morton,1.5627,3.41599642
1777,Cristhian Mosquera,es ESP,DF,Arsenal,eng Premier League,21.0,2004.0,17,7,769,8.5,0,0,0,0,0,0,3,0,0.0,1,0,0.0,0.12,0.0,0.0,,0,0,1,19,8,4,3,0,0,13,0,,,,,,,,,,,,,,,cristhian mosquera,0.096,0.50875622
1778,Daniel Mosquera,co COL,FW,Hellas Verona,it Serie A,26.0,1999.0,22,5,597,6.6,0,2,2,0,0,0,1,0,0.3,16,5,31.3,2.41,0.75,0.0,0.0,0,0,2,2,2,6,1,0,0,22,0,,,,,,,,,,,,,,,daniel mosquera,0.7055,0.31598629
1779,Yerson Mosquera,co COL,DF,Wolves,eng Premier League,25.0,2001.0,24,21,1866,20.7,0,0,0,0,0,0,11,0,0.0,25,6,24.0,1.21,0.29,0.0,0.0,0,0,18,32,18,39,11,0,0,27,2,,,,,,,,,,,,,,,yerson mosquera,1.6606,0.58816863
1782,Mason Mount,eng ENG,MF,Manchester Utd,eng Premier League,27.0,1999.0,20,10,844,9.4,3,0,3,3,0,0,1,0,0.32,18,5,27.8,1.92,0.53,0.17,0.6,0,0,19,8,4,9,1,0,0,15,0,,,,,,,,,,,,,,,mason mount,1.4878,1.4076798
1783,Samir El Mourabet,ma MAR,MF,Strasbourg,fr Ligue 1,20.0,2005.0,31,23,1948,21.6,1,2,3,1,0,0,4,0,0.14,11,1,9.1,0.51,0.05,0.09,1.0,0,0,18,35,27,23,4,0,0,22,0,,,,,,,,,,,,,,,samir el mourabet,0.3054,2.25050044
1784,Santiago Mouriño,uy URU,DF,Villarreal,es La Liga,24.0,2002.0,25,24,2107,23.4,1,2,3,1,0,0,10,1,0.13,14,3,21.4,0.6,0.13,0.07,0.33,0,0,6,58,26,30,10,1,1,49,0,,,,,,,,,,,,,,,santiago mourino,1.0068,0.42113175
1785,Louis Mouton,fr FRA,MF,Angers,fr Ligue 1,23.0,2002.0,31,23,1831,20.3,2,1,3,2,0,0,2,1,0.15,35,8,22.9,1.72,0.39,0.06,0.25,0,0,31,25,12,16,2,1,0,20,0,,,,,,,,,,,,,,,louis mouton,2.8428,2.23732076
1787,Tarik Muharemovic,ba BIH,DF,Sassuolo,it Serie A,23.0,2003.0,31,31,2745,30.5,2,2,4,2,0,0,6,0,0.13,20,7,35.0,0.66,0.23,0.1,0.29,0,0,2,24,45,20,6,0,0,23,2,,,,,,,,,,,,,,,tarik muharemovic,1.4311,0.36270996
1788,Miro Muheim,ch SUI,"MF,DF",Hamburger SV,de Bundesliga,28.0,1998.0,28,27,2407,26.7,0,4,4,0,0,0,7,1,0.15,24,7,29.2,0.9,0.26,0.0,0.0,0,0,147,35,27,50,7,1,0,38,0,,,,,,,,,,,,,,,miro muheim,1.1884,4.24426152
1790,Ngal'Ayel Mukau,cd COD,MF,Lille,fr Ligue 1,21.0,2004.0,28,17,1428,15.9,1,0,1,1,0,0,3,0,0.06,20,5,25.0,1.26,0.32,0.05,0.2,0,0,2,17,10,22,3,0,0,25,0,,,,,,,,,,,,,,,ngal'ayel mukau,2.0584,0.55192999
1791,Nordan Mukiele,fr FRA,MF,Rennes,fr Ligue 1,20.0,2006.0,7,0,84,0.9,1,0,1,1,0,0,0,0,1.07,3,1,33.3,3.21,1.07,0.33,1.0,0,0,1,0,0,1,0,0,0,4,0,,,,,,,,,,,,,,,nordan mukiele,0.1062,0.01946919
1792,Nordi Mukiele,fr FRA,DF,Sunderland,eng Premier League,28.0,1997.0,29,29,2514,27.9,3,3,6,3,0,0,5,0,0.21,21,4,19.0,0.75,0.14,0.14,0.75,0,0,77,44,32,22,5,0,0,28,1,,,,,,,,,,,,,,,nordi mukiele,1.2643,1.93192833
1794,Romaine Mundle,eng ENG,MF,Sunderland,eng Premier League,23.0,2003.0,14,2,411,4.6,0,0,0,0,0,0,1,0,0.0,7,2,28.6,1.53,0.44,0.0,0.0,0,0,11,4,1,8,1,0,0,7,0,,,,,,,,,,,,,,,romaine mundle,0.8612,0.4741025
1795,Marshall Munetsi,zw ZIM,MF,Paris FC,fr Ligue 1,29.0,1996.0,14,10,909,10.1,4,1,5,4,0,0,0,0,0.5,16,8,50.0,1.58,0.79,0.25,0.5,0,0,0,7,3,8,0,0,0,11,0,,,,,,,,,,,,,,,marshall munetsi,3.4392,0.32338708
1796,Marshall Munetsi,zw ZIM,"MF,FW",Wolves,eng Premier League,29.0,1996.0,13,9,875,9.7,1,1,2,1,0,0,2,0,0.21,14,6,42.9,1.44,0.62,0.07,0.17,0,0,14,13,5,10,2,0,0,19,0,,,,,,,,,,,,,,,marshall munetsi,3.4392,0.32338708
1797,Rodrigo Muniz,br BRA,FW,Fulham,eng Premier League,25.0,2001.0,18,7,773,8.6,1,1,2,1,0,0,1,0,0.23,25,4,16.0,2.91,0.47,0.04,0.25,0,0,2,3,2,12,1,0,0,12,1,,,,,,,,,,,,,,,rodrigo muniz,2.2063,0.12196334
1798,Believe Munongo,fr FRA,MF,Metz,fr Ligue 1,16.0,2009.0,9,4,352,3.9,0,0,0,0,0,0,1,0,0.0,4,0,0.0,1.02,0.0,0.0,,0,0,2,4,5,2,1,0,0,13,0,,,,,,,,,,,,,,,believe munongo,0.2151,0.15197194
1799,Aihen Muñoz,es ESP,DF,Real Sociedad,es La Liga,28.0,1997.0,19,8,769,8.5,0,0,0,0,0,0,1,0,0.0,5,1,20.0,0.59,0.12,0.0,0.0,0,0,21,17,5,3,1,0,0,6,0,,,,,,,,,,,,,,,aihen munoz,0.4363,0.44047863
1800,Daniel Muñoz,co COL,MF,Crystal Palace,eng Premier League,29.0,1996.0,25,25,2093,23.3,4,2,6,4,0,0,7,0,0.26,23,10,43.5,0.99,0.43,0.17,0.4,0,0,57,41,22,17,7,0,0,33,0,,,,,,,,,,,,,,,daniel munoz,2.2518,3.40218195
1801,Iker Muñoz,es ESP,MF,Osasuna,es La Liga,23.0,2002.0,18,8,919,10.2,0,0,0,0,0,0,4,0,0.0,8,3,37.5,0.78,0.29,0.0,0.0,0,0,4,7,12,20,4,0,0,17,0,,,,,,,,,,,,,,,iker munoz,0.3281,0.25635554
1803,Víctor Muñoz,es ESP,"MF,FW",Osasuna,es La Liga,22.0,2003.0,33,30,2566,28.5,5,2,7,5,0,0,3,0,0.25,77,29,37.7,2.7,1.02,0.06,0.17,0,0,95,13,10,52,3,0,0,32,0,,,,,,,,,,,,,,,victor munoz,5.4204,2.37666936
1805,Murillo,br BRA,DF,Nottingham Forest,eng Premier League,23.0,2002.0,25,25,2130,23.7,1,0,1,1,0,0,5,0,0.04,11,4,36.4,0.46,0.17,0.09,0.25,0,0,2,23,29,7,5,0,0,23,2,,,,,,,,,,,,,,,murillo,0.7396,0.48197547
1806,Vedat Muriqi,xk KVX,FW,Mallorca,es La Liga,32.0,1994.0,33,32,2768,30.8,21,1,22,16,5,7,3,1,0.55,97,44,45.4,3.15,1.43,0.16,0.36,5,7,3,3,3,58,3,1,0,37,0,,,,,,,,,,,,,,,vedat muriqi,15.3688,0.85416217
1808,Jacob Murphy,eng ENG,"FW,MF",Newcastle United,eng Premier League,31.0,1995.0,30,17,1496,16.6,3,2,5,3,0,0,2,0,0.3,40,12,30.0,2.41,0.72,0.08,0.25,0,0,115,11,4,12,2,0,0,9,0,,,,,,,,,,,,,,,jacob murphy,3.1233,2.50735464
1809,Salim Musah,de GER,FW,Werder Bremen,de Bundesliga,20.0,2006.0,6,0,118,1.3,1,0,1,1,0,0,0,0,0.76,6,3,50.0,4.58,2.29,0.17,0.33,0,0,1,0,2,2,0,0,0,4,0,,,,,,,,,,,,,,,salim musah,0.7389,0.01740903
1810,Yunus Musah,us USA,MF,Atalanta,it Serie A,23.0,2002.0,17,3,456,5.1,1,0,1,1,0,0,1,0,0.2,6,1,16.7,1.18,0.2,0.17,1.0,0,0,9,4,4,15,1,0,0,6,0,,,,,,,,,,,,,,,yunus musah,0.5809,0.74535639
1811,Yunus Musah,us USA,MF,Milan,it Serie A,23.0,2002.0,1,1,90,1.0,0,0,0,0,0,0,0,0,0.0,0,0,,0.0,0.0,,,0,0,1,1,0,2,0,0,0,2,0,,,,,,,,,,,,,,,yunus musah,0.5809,0.74535639
1812,Jamal Musiala,de GER,"MF,FW",Bayern Munich,de Bundesliga,23.0,2003.0,13,5,539,6.0,3,4,7,2,1,1,1,0,1.0,25,6,24.0,4.17,1.0,0.08,0.33,1,1,4,2,3,17,1,0,0,5,0,,,,,,,,,,,,,,,jamal musiala,3.04,1.58137306
1817,Junior Mwanga,fr FRA,"DF,MF",Strasbourg,fr Ligue 1,22.0,2003.0,5,5,377,4.2,0,0,0,0,0,0,0,0,0.0,1,0,0.0,0.24,0.0,0.0,,0,0,4,8,1,2,0,0,0,9,0,,,,,,,,,,,,,,,junior mwanga,1.2026,1.1655734
1818,Junior Mwanga,fr FRA,MF,Nantes,fr Ligue 1,22.0,2003.0,15,15,1260,14.0,1,1,2,1,0,0,2,1,0.14,9,3,33.3,0.64,0.21,0.11,0.33,0,0,5,14,8,14,2,1,0,15,0,,,,,,,,,,,,,,,junior mwanga,1.2026,1.1655734
1819,Phillipp Mwene,at AUT,MF,Mainz 05,de Bundesliga,32.0,1994.0,27,22,1889,21.0,1,2,3,1,0,0,4,0,0.14,10,2,20.0,0.48,0.1,0.1,0.5,0,0,72,16,11,29,4,0,0,20,0,,,,,,,,,,,,,,,phillipp mwene,0.8596,2.45256009
1820,Vitaliy Mykolenko,ua UKR,DF,Everton,eng Premier League,26.0,1999.0,30,30,2688,29.9,0,1,1,0,0,0,5,0,0.03,9,2,22.2,0.3,0.07,0.0,0.0,0,0,85,24,27,26,5,0,0,27,1,,,,,,,,,,,,,,,vitaliy mykolenko,0.2937,2.3293905
1821,Joakim Mæhle,dk DEN,"MF,DF",Wolfsburg,de Bundesliga,28.0,1997.0,14,12,1042,11.6,1,2,3,1,0,0,1,0,0.26,13,3,23.1,1.12,0.26,0.08,0.33,0,0,17,19,17,6,1,0,0,7,0,,,,,,,,,,,,,,,joakim mhle,0.6025,1.34687984
1824,Konan N'dri,ci CIV,MF,Lecce,it Serie A,25.0,2000.0,24,1,497,5.5,2,0,2,2,0,0,3,0,0.36,17,5,29.4,3.08,0.91,0.12,0.4,0,0,19,4,1,17,3,0,0,9,0,,,,,,,,,,,,,,,konan n'dri,0.7104,0.415644
1825,Stanley N'Soki,fr FRA,"DF,MF",Union Berlin,de Bundesliga,27.0,1999.0,13,10,816,9.1,1,2,3,1,0,0,2,0,0.33,3,1,33.3,0.33,0.11,0.33,1.0,0,0,12,9,18,8,2,0,0,8,0,,,,,,,,,,,,,,,stanley n'soki,0.1614,0.28692825
1826,Bilal Nadir,ma MAR,MF,Marseille,fr Ligue 1,22.0,2003.0,20,5,598,6.6,0,4,4,0,0,0,6,1,0.6,7,1,14.3,1.05,0.15,0.0,0.0,0,0,10,9,6,4,6,1,1,24,0,,,,,,,,,,,,,,,bilal nadir,0.485,1.57326809
1827,Mahamadou Nagida,cm CMR,DF,Rennes,fr Ligue 1,20.0,2005.0,17,5,640,7.1,0,0,0,0,0,0,2,0,0.0,12,3,25.0,1.69,0.42,0.0,0.0,0,0,10,9,19,7,2,0,0,12,0,,,,,,,,,,,,,,,mahamadou nagida,0.5047,0.34234633
1828,Younes Namli,dk DEN,"FW,MF",Le Havre,fr Ligue 1,31.0,1994.0,12,3,327,3.6,0,1,1,0,0,0,2,0,0.28,4,0,0.0,1.1,0.0,0.0,,0,0,21,5,5,4,2,0,0,8,0,,,,,,,,,,,,,,,younes namli,2.2772,3.90429023
1829,Sebastian Nanasi,se SWE,MF,Strasbourg,fr Ligue 1,23.0,2002.0,17,9,871,9.7,4,1,5,4,0,0,0,0,0.52,15,8,53.3,1.55,0.83,0.27,0.5,0,0,24,4,3,3,0,0,0,8,0,,,,,,,,,,,,,,,sebastian nanasi,2.5948,0.7058276
1830,Nikolas Nartey,dk DEN,MF,Stuttgart,de Bundesliga,26.0,2000.0,26,12,1093,12.1,3,2,5,3,0,0,2,0,0.41,20,10,50.0,1.65,0.82,0.15,0.3,0,0,14,11,10,19,2,0,0,17,0,,,,,,,,,,,,,,,nikolas nartey,2.2589,2.23333803
1831,Noah Nartey,dk DEN,"MF,FW",Lyon,fr Ligue 1,20.0,2005.0,10,5,537,6.0,2,0,2,2,0,0,0,0,0.34,5,2,40.0,0.84,0.34,0.4,1.0,0,0,5,6,2,7,0,0,0,6,0,,,,,,,,,,,,,,,noah nartey,0.9171,0.29377718
1832,Natan,br BRA,DF,Real Betis,es La Liga,25.0,2001.0,30,30,2614,29.0,0,0,0,0,0,0,7,0,0.0,10,1,10.0,0.34,0.03,0.0,0.0,0,0,1,17,35,11,7,0,0,24,0,,,,,,,,,,,,,,,natan,0.3245,0.17342265
1833,Pau Navarro,es ESP,DF,Villarreal,es La Liga,21.0,2005.0,21,21,1741,19.3,0,0,0,0,0,0,4,0,0.0,1,1,100.0,0.05,0.05,0.0,0.0,0,0,2,35,18,10,4,0,0,31,1,,,,,,,,,,,,,,,pau navarro,0.0221,0.15248503
1835,Corrie Ndaba,ie IRL,DF,Lecce,it Serie A,26.0,1999.0,14,6,543,6.0,0,0,0,0,0,0,0,0,0.0,2,0,0.0,0.33,0.0,0.0,,0,0,4,4,3,0,0,0,0,2,0,,,,,,,,,,,,,,,corrie ndaba,0.1216,0.05228639
1839,Iliman Ndiaye,sn SEN,MF,Everton,eng Premier League,26.0,2000.0,29,29,2508,27.9,6,3,9,4,2,2,2,0,0.25,38,21,55.3,1.36,0.75,0.11,0.19,2,2,50,38,16,36,2,0,0,28,0,,,,,,,,,,,,,,,iliman ndiaye,5.2143,4.26264475
1840,Rassoul Ndiaye,sn SEN,MF,Le Havre,fr Ligue 1,24.0,2001.0,31,28,2386,26.5,4,4,8,4,0,0,2,0,0.3,33,9,27.3,1.24,0.34,0.12,0.44,0,0,92,28,15,36,2,0,0,20,0,,,,,,,,,,,,,,,rassoul ndiaye,2.9573,2.36826989
1842,Tanguy Ndombele,fr FRA,MF,Nice,fr Ligue 1,29.0,1996.0,8,3,275,3.1,0,1,1,0,0,0,0,0,0.33,5,1,20.0,1.64,0.33,0.0,0.0,0,0,1,1,1,7,0,0,0,1,0,,,,,,,,,,,,,,,tanguy ndombele,0.5445,0.23298481
1843,Cher Ndour,it ITA,MF,Fiorentina,it Serie A,21.0,2004.0,30,18,1690,18.8,2,0,2,2,0,0,2,0,0.11,21,7,33.3,1.12,0.37,0.1,0.29,0,0,19,13,13,22,2,0,0,23,0,,,,,,,,,,,,,,,cher ndour,2.1675,1.10541983
1844,Dan Ndoye,ch SUI,MF,Nottingham Forest,eng Premier League,25.0,2000.0,24,14,1173,13.0,1,1,2,1,0,0,1,0,0.15,15,4,26.7,1.15,0.31,0.07,0.25,0,0,41,11,10,22,1,0,0,16,0,,,,,,,,,,,,,,,dan ndoye,1.0617,1.53736363
1846,Paul Nebel,de GER,MF,Mainz 05,de Bundesliga,23.0,2002.0,28,22,1914,21.3,5,1,6,5,0,0,2,2,0.28,29,7,24.1,1.36,0.33,0.17,0.71,0,0,126,28,12,20,2,2,0,28,0,,,,,,,,,,,,,,,paul nebel,3.7763,3.47189144
1848,Loïc Nego,hu HUN,"DF,MF",Le Havre,fr Ligue 1,35.0,1991.0,29,26,2321,25.8,0,0,0,0,0,0,3,0,0.0,16,3,18.8,0.62,0.12,0.0,0.0,0,0,78,36,32,17,3,0,0,18,0,,,,,,,,,,,,,,,loic nego,0.7503,1.42360908
1850,Reiss Nelson,eng ENG,"FW,MF",Brentford,eng Premier League,26.0,1999.0,9,0,124,1.4,0,1,1,0,0,0,0,0,0.73,5,1,20.0,3.63,0.73,0.0,0.0,0,0,2,3,0,2,0,0,0,0,0,,,,,,,,,,,,,,,reiss nelson,0.7111,0.09427809
1851,Victor Nelsson,dk DEN,DF,Hellas Verona,it Serie A,27.0,1998.0,35,34,3045,33.8,0,0,0,0,0,0,4,0,0.0,6,0,0.0,0.18,0.0,0.0,,0,0,2,37,70,19,4,0,0,41,1,,,,,,,,,,,,,,,victor nelsson,0.3815,0.29706083
1852,David Neres,br BRA,"FW,MF",Napoli,it Serie A,29.0,1997.0,16,10,922,10.2,3,3,6,3,0,0,3,0,0.59,17,4,23.5,1.66,0.39,0.18,0.75,0,0,53,5,1,7,3,0,0,19,0,,,,,,,,,,,,,,,david neres,1.5387,3.20852168
1853,Martim Neto,pt POR,MF,Elche,es La Liga,23.0,2003.0,25,15,1347,15.0,2,5,7,2,0,0,2,0,0.47,12,4,33.3,0.8,0.27,0.17,0.5,0,0,33,12,2,11,2,0,0,19,0,,,,,,,,,,,,,,,martim neto,0.8371,2.41239175
1854,Pedro Neto,pt POR,MF,Chelsea,eng Premier League,26.0,2000.0,32,28,2479,27.5,5,4,9,5,0,0,4,1,0.33,44,12,27.3,1.6,0.44,0.11,0.42,0,0,178,10,6,23,4,1,1,16,0,,,,,,,,,,,,,,,pedro neto,4.5259,6.6670437
1858,Florian Neuhaus,de GER,"MF,FW",Gladbach,de Bundesliga,29.0,1997.0,17,11,930,10.3,0,1,1,0,0,0,0,0,0.1,22,6,27.3,2.13,0.58,0.0,0.0,0,0,9,7,9,9,0,0,0,9,0,,,,,,,,,,,,,,,florian neuhaus,1.062,1.525281
1860,João Neves,pt POR,MF,Paris Saint-Germain,fr Ligue 1,21.0,2004.0,18,12,1167,13.0,5,1,6,5,0,0,0,0,0.46,23,6,26.1,1.77,0.46,0.22,0.83,0,0,3,12,5,11,0,0,0,13,0,,,,,,,,,,,,,,,joao neves,2.4534,1.832511
1863,Oumar Ngom,mr MTN,MF,Lecce,it Serie A,22.0,2004.0,12,7,646,7.2,0,0,0,0,0,0,1,0,0.0,5,2,40.0,0.7,0.28,0.0,0.0,0,0,2,14,11,6,1,0,0,13,0,,,,,,,,,,,,,,,oumar ngom,0.1636,0.06452476
1864,Cyril Ngonge,be BEL,FW,Torino,it Serie A,25.0,2000.0,20,11,994,11.0,1,1,2,1,0,0,2,0,0.18,24,12,50.0,2.17,1.09,0.04,0.08,0,0,19,4,2,18,2,0,0,20,0,,,,,,,,,,,,,,,cyril ngonge,0.3721,0.57808227
1865,Cyril Ngonge,be BEL,MF,Espanyol,es La Liga,25.0,2000.0,9,6,424,4.7,0,2,2,0,0,0,4,0,0.42,11,4,36.4,2.33,0.85,0.0,0.0,0,0,26,3,4,12,4,0,0,9,0,,,,,,,,,,,,,,,cyril ngonge,0.3721,0.57808227
1868,Nathan Ngoy,be BEL,DF,Lille,fr Ligue 1,22.0,2003.0,27,25,2225,24.7,1,2,3,1,0,0,9,1,0.12,21,6,28.6,0.85,0.24,0.05,0.17,0,0,6,20,36,10,9,1,0,19,0,,,,,,,,,,,,,,,nathan ngoy,1.0582,0.85601762
1870,Rio Ngumoha,eng ENG,MF,Liverpool,eng Premier League,17.0,2008.0,16,2,332,3.7,2,0,2,2,0,0,0,0,0.54,11,6,54.5,2.98,1.63,0.18,0.33,0,0,15,1,2,6,0,0,0,3,0,,,,,,,,,,,,,,,rio ngumoha,1.0244,1.76584775
1871,Moussa Niakhate,sn SEN,DF,Lyon,fr Ligue 1,30.0,1996.0,30,28,2579,28.7,0,2,2,0,0,0,3,0,0.07,4,0,0.0,0.14,0.0,0.0,,0,0,6,21,30,29,3,0,0,35,0,,,,,,,,,,,,,,,moussa niakhate,0.3041,1.68900842
1873,Youssoupha Niang,de GER,MF,Köln,de Bundesliga,20.0,2006.0,8,2,182,2.0,0,0,0,0,0,0,0,0,0.0,5,1,20.0,2.47,0.49,0.0,0.0,0,0,2,1,0,3,0,0,0,6,0,,,,,,,,,,,,,,,youssoupha niang,0.3333,0.06773427
1874,Tanguy Nianzou,fr FRA,DF,Sevilla,es La Liga,23.0,2002.0,12,8,655,7.3,0,0,0,0,0,0,5,1,0.0,9,0,0.0,1.24,0.0,0.0,,0,0,0,10,4,6,5,1,0,15,0,,,,,,,,,,,,,,,tanguy nianzou,0.4826,0.03576385
1875,Cheikh Niasse,sn SEN,MF,Hellas Verona,it Serie A,26.0,2000.0,19,11,970,10.8,0,1,1,0,0,0,1,0,0.09,6,1,16.7,0.56,0.09,0.0,0.0,0,0,14,14,15,15,1,0,0,20,0,,,,,,,,,,,,,,,cheikh niasse,0.1728,0.77115609
1877,Rasmus Nicolaisen,dk DEN,DF,Toulouse,fr Ligue 1,29.0,1997.0,31,29,2474,27.5,1,0,1,1,0,0,4,0,0.04,15,5,33.3,0.55,0.18,0.07,0.2,0,0,2,14,39,20,4,0,0,28,0,,,,,,,,,,,,,,,rasmus nicolaisen,0.8467,0.48904635
1879,Hans Nicolussi Caviglia,it ITA,MF,Fiorentina,it Serie A,25.0,2000.0,11,7,585,6.5,0,1,1,0,0,0,4,0,0.15,4,1,25.0,0.62,0.15,0.0,0.0,0,0,30,7,3,15,4,0,0,15,0,,,,,,,,,,,,,,,hans nicolussi caviglia,0.5714,1.47698238
1880,Hans Nicolussi Caviglia,it ITA,MF,Parma,it Serie A,25.0,2000.0,12,7,631,7.0,0,2,2,0,0,0,0,0,0.29,11,1,9.1,1.57,0.14,0.0,0.0,0,0,16,3,2,6,0,0,0,3,0,,,,,,,,,,,,,,,hans nicolussi caviglia,0.5714,1.47698238
1881,Julian Niehues,de GER,MF,Heidenheim,de Bundesliga,25.0,2001.0,24,17,1383,15.4,3,0,3,3,0,0,1,0,0.2,18,5,27.8,1.17,0.33,0.17,0.6,0,0,3,10,23,9,1,0,0,10,0,,,,,,,,,,,,,,,julian niehues,1.2632,0.86495803
1883,Alieu Njie,se SWE,"MF,FW",Torino,it Serie A,20.0,2005.0,13,2,257,2.9,1,1,2,1,0,0,2,0,0.7,5,2,40.0,1.75,0.7,0.2,0.5,0,0,3,1,0,5,2,0,0,7,0,,,,,,,,,,,,,,,alieu njie,0.2099,0.05055006
1884,Justin Njinmah,de GER,"FW,MF",Werder Bremen,de Bundesliga,25.0,2000.0,31,20,1767,19.6,5,0,5,5,0,0,1,0,0.25,55,22,40.0,2.8,1.12,0.09,0.23,0,0,31,13,6,22,1,0,0,8,0,,,,,,,,,,,,,,,justin njinmah,5.3656,0.97796622
1887,Niels Nkounkou,fr FRA,"MF,DF",Torino,it Serie A,25.0,2000.0,10,3,327,3.6,0,1,1,0,0,0,3,0,0.28,4,1,25.0,1.1,0.28,0.0,0.0,0,0,16,9,8,3,3,0,0,3,0,,,,,,,,,,,,,,,niels nkounkou,0.1062,0.78363892
1888,Christopher Nkunku,fr FRA,FW,Milan,it Serie A,28.0,1997.0,29,13,1176,13.1,5,3,8,2,3,3,0,0,0.38,21,11,52.4,1.61,0.84,0.1,0.18,3,3,11,2,1,19,0,0,0,8,0,,,,,,,,,,,,,,,christopher nkunku,6.7861,1.08458554
1889,Felix Nmecha,de GER,MF,Dortmund,de Bundesliga,25.0,2000.0,28,24,2086,23.2,2,3,5,2,0,1,0,0,0.22,31,7,22.6,1.34,0.3,0.06,0.29,0,1,7,21,24,21,0,0,0,27,0,,,,,,,,,,,,,,,felix nmecha,3.3038,4.15535731
1890,Lukas Nmecha,de GER,FW,Leeds United,eng Premier League,27.0,1998.0,28,9,934,10.4,6,1,7,4,2,3,0,0,0.48,28,15,53.6,2.7,1.45,0.14,0.27,2,3,8,5,3,14,0,0,0,16,0,,,,,,,,,,,,,,,lukas nmecha,6.295,0.90753134
1893,Arnaud Nordin,fr FRA,"MF,FW",Mainz 05,de Bundesliga,27.0,1998.0,13,5,469,5.2,0,0,0,0,0,0,0,0,0.0,13,2,15.4,2.49,0.38,0.0,0.0,0,0,15,6,3,13,0,0,0,4,0,,,,,,,,,,,,,,,arnaud nordin,0.919,0.75090695
1894,Arnaud Nordin,fr FRA,"FW,MF",Rennes,fr Ligue 1,27.0,1998.0,8,7,521,5.8,1,1,2,1,0,0,1,0,0.35,18,4,22.2,3.11,0.69,0.06,0.25,0,0,14,6,0,16,1,0,0,7,0,,,,,,,,,,,,,,,arnaud nordin,0.919,0.75090695
1895,Brooke Norton-Cuffy,eng ENG,"MF,DF",Genoa,it Serie A,22.0,2004.0,26,25,2181,24.2,2,1,3,2,0,0,5,1,0.12,15,6,40.0,0.62,0.25,0.13,0.33,0,0,79,30,11,16,5,1,1,23,0,,,,,,,,,,,,,,,brooke norton-cuffy,1.6022,1.82510831
1896,Tijjani Noslin,nl NED,FW,Lazio,it Serie A,26.0,1999.0,26,6,890,9.9,4,1,5,4,0,0,4,1,0.51,29,10,34.5,2.93,1.01,0.14,0.4,0,0,8,5,2,20,4,1,1,13,0,,,,,,,,,,,,,,,tijjani noslin,3.4723,0.49254507
1899,Randy Nteka,ao ANG,FW,Rayo Vallecano,es La Liga,28.0,1997.0,11,1,225,2.5,2,0,2,2,0,0,2,0,0.8,9,3,33.3,3.6,1.2,0.22,0.67,0,0,0,3,0,4,2,0,0,7,0,,,,,,,,,,,,,,,randy nteka,0.881,0.07497567
1902,Matheus Nunes,pt POR,DF,Manchester City,eng Premier League,27.0,1998.0,31,29,2625,29.2,1,5,6,1,0,0,4,0,0.21,7,2,28.6,0.24,0.07,0.14,0.5,0,0,62,41,27,27,4,0,0,15,0,,,,,,,,,,,,,,,matheus nunes,0.3479,2.08642712
1903,Álvaro Núñez,es ESP,"DF,MF",Elche,es La Liga,25.0,2000.0,19,19,1647,18.3,0,2,2,0,0,0,2,0,0.11,4,0,0.0,0.22,0.0,0.0,,0,0,60,15,15,17,2,0,0,12,0,,,,,,,,,,,,,,,alvaro nunez,0.2865,2.76258297
1904,Álvaro Núñez,es ESP,"DF,MF",Celta Vigo,es La Liga,25.0,2000.0,5,4,261,2.9,0,0,0,0,0,0,0,0,0.0,2,1,50.0,0.69,0.34,0.0,0.0,0,0,1,1,1,5,0,0,0,2,0,,,,,,,,,,,,,,,alvaro nunez,0.2865,2.76258297
1905,Unai Núñez,es ESP,DF,Hellas Verona,it Serie A,29.0,1997.0,17,15,1265,14.1,0,0,0,0,0,0,6,0,0.0,7,1,14.3,0.5,0.07,0.0,0.0,0,0,11,18,23,10,6,0,0,27,1,,,,,,,,,,,,,,,unai nunez,0.213,0.36448009
1906,Unai Núñez,es ESP,DF,Valencia,es La Liga,29.0,1997.0,9,8,672,7.5,0,0,0,0,0,0,2,0,0.0,5,0,0.0,0.67,0.0,0.0,,0,0,3,9,7,7,2,0,0,8,0,,,,,,,,,,,,,,,unai nunez,0.213,0.36448009
1908,Antonio Nusa,no NOR,"FW,MF",RB Leipzig,de Bundesliga,21.0,2005.0,29,24,1987,22.1,4,3,7,4,0,0,0,0,0.32,58,18,31.0,2.63,0.82,0.07,0.22,0,0,67,14,7,63,0,0,0,9,0,,,,,,,,,,,,,,,antonio nusa,4.0685,4.88258787
1909,Ethan Nwaneri,eng ENG,MF,Arsenal,eng Premier League,19.0,2007.0,6,0,171,1.9,0,0,0,0,0,0,0,0,0.0,6,0,0.0,3.16,0.0,0.0,,0,0,2,0,0,0,0,0,0,2,0,,,,,,,,,,,,,,,ethan nwaneri,0.7146,0.92608549
1910,Ethan Nwaneri,eng ENG,MF,Marseille,fr Ligue 1,19.0,2007.0,9,3,324,3.6,2,1,3,2,0,0,1,0,0.83,9,3,33.3,2.5,0.83,0.22,0.67,0,0,9,1,3,1,1,0,0,4,0,,,,,,,,,,,,,,,ethan nwaneri,0.7146,0.92608549
1912,Allan Nyom,cm CMR,DF,Getafe,es La Liga,37.0,1988.0,12,4,300,3.3,0,0,0,0,0,0,6,1,0.0,3,1,33.3,0.9,0.3,0.0,0.0,0,0,6,5,1,3,6,1,0,11,0,,,,,,,,,,,,,,,allan nyom,0.1758,0.11346185
1913,Trey Nyoni,eng ENG,MF,Liverpool,eng Premier League,18.0,2007.0,5,0,16,0.2,0,0,0,0,0,0,0,0,0.0,1,0,0.0,5.63,0.0,0.0,,0,0,0,0,0,0,0,0,0,0,0,,,,,,,,,,,,,,,trey nyoni,0.3697,0.01412509
1915,M'Bala Nzola,ao ANG,FW,Pisa,it Serie A,29.0,1996.0,16,11,1052,11.7,3,0,3,1,2,3,1,1,0.09,28,7,25.0,2.4,0.6,0.04,0.14,2,3,7,2,1,17,1,1,0,18,0,,,,,,,,,,,,,,,m'bala nzola,6.429,0.56539458
1916,M'Bala Nzola,ao ANG,FW,Sassuolo,it Serie A,29.0,1996.0,12,3,386,4.3,1,1,2,1,0,0,1,0,0.47,9,4,44.4,2.1,0.93,0.11,0.25,0,0,0,2,1,9,1,0,0,10,0,,,,,,,,,,,,,,,m'bala nzola,6.429,0.56539458
1918,Jake O'Brien,ie IRL,DF,Everton,eng Premier League,24.0,2001.0,34,32,2882,32.0,1,1,2,1,0,0,4,1,0.06,11,5,45.5,0.34,0.16,0.09,0.2,0,0,45,30,13,15,4,1,0,19,0,,,,,,,,,,,,,,,jake o'brien,0.9704,0.90273436
1919,Luke O'Nien,eng ENG,DF,Sunderland,eng Premier League,31.0,1994.0,10,4,411,4.6,0,0,0,0,0,0,1,1,0.0,1,0,0.0,0.22,0.0,0.0,,0,0,7,4,5,6,1,1,0,5,0,,,,,,,,,,,,,,,luke o'nien,0.0209,0.12651656
1920,Matt O'Riley,dk DEN,MF,Marseille,fr Ligue 1,25.0,2000.0,15,6,741,8.2,1,2,3,1,0,0,2,0,0.36,7,3,42.9,0.85,0.36,0.14,0.33,0,0,7,8,6,1,2,0,0,15,0,,,,,,,,,,,,,,,matt o'riley,1.2045,0.17180038
1921,Matt O'Riley,dk DEN,MF,Brighton,eng Premier League,25.0,2000.0,6,2,204,2.3,1,0,1,0,1,1,0,0,0.0,4,2,50.0,1.76,0.88,0.0,0.0,1,1,6,2,0,1,0,0,0,2,0,,,,,,,,,,,,,,,matt o'riley,1.2045,0.17180038
1922,Adam Obert,sk SVK,"DF,MF",Cagliari,it Serie A,23.0,2002.0,32,30,2504,27.8,0,3,3,0,0,0,10,1,0.11,10,3,30.0,0.36,0.11,0.0,0.0,0,0,58,30,41,12,10,1,1,38,0,,,,,,,,,,,,,,,adam obert,1.4302,1.9160073
1924,Noam Obougou Jacquet,fr FRA,FW,Le Havre,fr Ligue 1,20.0,2006.0,5,0,104,1.2,1,0,1,1,0,0,0,0,0.87,4,3,75.0,3.46,2.6,0.25,0.33,0,0,2,0,1,3,0,0,0,5,0,,,,,,,,,,,,,,,noam obougou jacquet,0.1253,0.02239208
1928,Jens Odgaard,dk DEN,MF,Bologna,it Serie A,27.0,1999.0,25,16,1353,15.0,5,1,6,5,0,0,1,0,0.4,35,13,37.1,2.33,0.86,0.14,0.38,0,0,15,11,4,28,1,0,0,27,0,,,,,,,,,,,,,,,jens odgaard,2.3994,1.19199932
1929,Wilson Odobert,fr FRA,"MF,FW",Tottenham Hotspur,eng Premier League,21.0,2004.0,24,10,985,10.9,0,2,2,0,0,0,0,0,0.18,21,8,38.1,1.92,0.73,0.0,0.0,0,0,28,8,0,10,0,0,0,2,0,,,,,,,,,,,,,,,wilson odobert,1.9016,1.22273443
1931,Álvaro Odriozola,es ESP,DF,Real Sociedad,es La Liga,30.0,1995.0,5,2,201,2.2,1,0,1,1,0,0,0,0,0.45,1,1,100.0,0.45,0.45,1.0,1.0,0,0,3,1,1,3,0,0,0,1,0,,,,,,,,,,,,,,,alvaro odriozola,0.5154,0.3547884
1936,Noah Okafor,ch SUI,"FW,MF",Leeds United,eng Premier League,25.0,2000.0,28,19,1561,17.3,8,1,9,8,0,0,3,0,0.52,35,15,42.9,2.02,0.86,0.23,0.53,0,0,36,15,12,14,3,0,0,18,0,,,,,,,,,,,,,,,noah okafor,4.7422,1.18483865
1937,David Okereke,ng NGA,"FW,MF",Cremonese,it Serie A,28.0,1997.0,8,3,353,3.9,1,0,1,1,0,0,0,0,0.25,6,4,66.7,1.53,1.02,0.17,0.25,0,0,4,0,0,2,0,0,0,1,0,,,,,,,,,,,,,,,david okereke,0.5759,0.16372211
1938,Bryan Okoh,ch SUI,DF,Auxerre,fr Ligue 1,22.0,2003.0,12,11,993,11.0,3,0,3,3,0,0,2,0,0.27,8,3,37.5,0.73,0.27,0.38,1.0,0,0,0,9,25,8,2,0,0,13,0,,,,,,,,,,,,,,,bryan okoh,0.6174,0.124602
1941,Michael Olise,fr FRA,MF,Bayern Munich,de Bundesliga,24.0,2001.0,30,22,2196,24.4,14,19,33,14,0,0,8,0,1.35,98,48,49.0,4.02,1.97,0.14,0.29,0,0,144,11,14,55,8,0,0,30,0,,,,,,,,,,,,,,,michael olise,10.9828,15.1951803
1942,Mathías Olivera,uy URU,"DF,MF",Napoli,it Serie A,28.0,1997.0,23,14,1293,14.4,0,0,0,0,0,0,3,0,0.0,8,3,37.5,0.56,0.21,0.0,0.0,0,0,6,22,14,8,3,0,0,15,0,,,,,,,,,,,,,,,mathias olivera,1.3746,0.62873453
1943,Tuomas Ollila,fi FIN,DF,Paris FC,fr Ligue 1,26.0,2000.0,10,3,308,3.4,0,0,0,0,0,0,0,0,0.0,4,1,25.0,1.17,0.29,0.0,0.0,0,0,9,1,4,6,0,0,0,3,0,,,,,,,,,,,,,,,tuomas ollila,0.0721,0.78332853
1944,Dani Olmo,es ESP,MF,Barcelona,es La Liga,28.0,1998.0,29,21,1837,20.4,7,7,14,7,0,0,0,0,0.69,66,21,31.8,3.23,1.03,0.11,0.33,0,0,28,22,13,40,0,0,0,21,0,,,,,,,,,,,,,,,dani olmo,6.6845,4.82177732
1946,Tani Oluwaseyi,ca CAN,FW,Villarreal,es La Liga,25.0,2000.0,25,7,777,8.6,2,2,4,2,0,0,1,0,0.46,15,7,46.7,1.74,0.81,0.13,0.29,0,0,3,3,0,8,1,0,0,11,0,,,,,,,,,,,,,,,tani oluwaseyi,3.2393,0.45183424
1947,Warmed Omari,km COM,DF,Hamburger SV,de Bundesliga,26.0,2000.0,18,15,1439,16.0,0,1,1,0,0,0,0,0,0.06,3,1,33.3,0.19,0.06,0.0,0.0,0,0,4,16,24,11,0,0,0,15,0,,,,,,,,,,,,,,,warmed omari,0.121,0.19613626
1948,Andrew Omobamidele,ie IRL,DF,Strasbourg,fr Ligue 1,23.0,2002.0,23,11,1177,13.1,1,0,1,1,0,0,4,0,0.08,3,2,66.7,0.23,0.15,0.33,0.5,0,0,0,4,14,9,4,0,0,10,0,,,,,,,,,,,,,,,andrew omobamidele,0.2126,0.09293348
1949,Amadou Onana,be BEL,MF,Aston Villa,eng Premier League,24.0,2001.0,24,21,1740,19.3,2,0,2,2,0,0,3,0,0.1,19,7,36.8,0.98,0.36,0.11,0.29,0,0,0,29,19,25,3,0,0,20,0,,,,,,,,,,,,,,,amadou onana,1.7146,0.70305997
1950,Jean Onana,cm CMR,MF,Genoa,it Serie A,26.0,2000.0,3,0,45,0.5,0,0,0,0,0,0,0,0,0.0,1,0,0.0,2.0,0.0,0.0,,0,0,1,3,1,0,0,0,0,4,0,,,,,,,,,,,,,,,jean onana,0.0247,0.0048719
1951,Jacob Ondrejka,se SWE,"FW,MF",Parma,it Serie A,23.0,2002.0,16,9,773,8.6,0,0,0,0,0,0,2,0,0.0,21,7,33.3,2.45,0.82,0.0,0.0,0,0,12,2,2,14,2,0,0,8,0,,,,,,,,,,,,,,,jacob ondrejka,1.1642,0.47699499
1953,Loïs Openda,be BEL,FW,RB Leipzig,de Bundesliga,26.0,2000.0,2,1,51,0.6,0,0,0,0,0,0,0,0,0.0,3,0,0.0,5.29,0.0,0.0,,0,0,1,0,0,3,0,0,0,0,0,,,,,,,,,,,,,,,lois openda,3.5657,1.15895313
1954,Loïs Openda,be BEL,"FW,MF",Juventus,it Serie A,26.0,2000.0,24,6,666,7.4,1,0,1,1,0,0,0,0,0.14,26,6,23.1,3.51,0.81,0.04,0.17,0,0,7,4,1,21,0,0,0,8,0,,,,,,,,,,,,,,,lois openda,3.5657,1.15895313
1955,Fredrik Oppegard,no NOR,"MF,DF",Auxerre,fr Ligue 1,23.0,2002.0,23,15,1246,13.8,0,0,0,0,0,0,1,1,0.0,10,2,20.0,0.72,0.14,0.0,0.0,0,0,48,20,14,8,1,1,0,8,0,,,,,,,,,,,,,,,fredrik oppegard,0.4986,0.97168548
1956,Louis Oppie,de GER,MF,St Pauli,de Bundesliga,23.0,2002.0,21,15,1467,16.3,1,0,1,1,0,0,0,0,0.06,14,3,21.4,0.86,0.18,0.07,0.33,0,0,52,17,9,14,0,0,0,14,0,,,,,,,,,,,,,,,louis oppie,0.856,1.75000749
1957,Gift Orban,ng NGA,FW,Hellas Verona,it Serie A,23.0,2002.0,28,23,2027,22.5,7,2,9,5,2,2,4,1,0.31,85,28,32.9,3.77,1.24,0.06,0.18,2,2,14,3,3,20,4,1,0,22,0,,,,,,,,,,,,,,,gift orban,10.5476,1.43043363
1958,Willi Orban,hu HUN,DF,RB Leipzig,de Bundesliga,33.0,1992.0,31,31,2769,30.8,1,0,1,1,0,0,4,0,0.03,19,8,42.1,0.62,0.26,0.05,0.13,0,0,7,30,41,23,4,0,0,20,0,,,,,,,,,,,,,,,willi orban,2.3561,0.90390422
1959,Christian Ordoñez,ar ARG,MF,Parma,it Serie A,21.0,2004.0,25,9,842,9.4,1,0,1,1,0,0,5,1,0.11,7,2,28.6,0.75,0.21,0.14,0.5,0,0,10,9,6,8,5,1,1,16,0,,,,,,,,,,,,,,,christian ordonez,0.4124,0.15228081
1961,Gaetano Oristanio,it ITA,"FW,MF",Parma,it Serie A,23.0,2002.0,20,8,859,9.5,1,0,1,1,0,0,1,0,0.1,24,4,16.7,2.51,0.42,0.04,0.25,0,0,16,6,2,20,1,0,0,13,0,,,,,,,,,,,,,,,gaetano oristanio,2.0127,0.90445959
1962,Aimar Oroz,es ESP,"MF,FW",Osasuna,es La Liga,24.0,2001.0,28,24,1982,22.0,0,2,2,0,0,0,6,0,0.09,28,4,14.3,1.27,0.18,0.0,0.0,0,0,27,18,7,58,6,0,0,29,0,,,,,,,,,,,,,,,aimar oroz,1.6264,2.7316159
1963,Riccardo Orsolini,it ITA,"MF,FW",Bologna,it Serie A,29.0,1997.0,33,25,1999,22.2,8,1,9,5,3,5,2,0,0.27,79,29,36.7,3.56,1.31,0.06,0.17,3,5,40,13,6,41,2,0,0,21,0,,,,,,,,,,,,,,,riccardo orsolini,8.4122,0.98936488
1965,Ángel Ortíz,es ESP,DF,Real Betis,es La Liga,21.0,2004.0,13,7,584,6.5,0,0,0,0,0,0,1,0,0.0,1,0,0.0,0.15,0.0,0.0,,0,0,19,19,1,9,1,0,0,9,0,,,,,,,,,,,,,,,angel ortiz,0.0351,0.81075903
1966,Asier Osambela,es ESP,DF,Osasuna,es La Liga,22.0,2004.0,15,2,314,3.5,1,0,1,1,0,0,1,1,0.29,3,1,33.3,0.86,0.29,0.33,1.0,0,0,3,2,4,1,1,1,0,13,0,,,,,,,,,,,,,,,asier osambela,0.428,0.09708864
1970,Patrick Osterhage,de GER,MF,Freiburg,de Bundesliga,26.0,2000.0,20,13,1189,13.2,1,0,1,1,0,0,4,0,0.08,7,2,28.6,0.53,0.15,0.14,0.5,0,0,9,7,15,13,4,0,0,13,0,,,,,,,,,,,,,,,patrick osterhage,0.9536,0.77914296
1971,William Osula,dk DEN,FW,Newcastle United,eng Premier League,22.0,2003.0,21,5,600,6.7,5,0,5,5,0,0,0,0,0.75,16,9,56.3,2.4,1.35,0.31,0.56,0,0,3,2,1,10,0,0,0,21,0,,,,,,,,,,,,,,,william osula,2.0242,0.09248209
1972,Philip Otele,ng NGA,"MF,FW",Hamburger SV,de Bundesliga,27.0,1999.0,9,7,471,5.2,1,1,2,1,0,0,3,1,0.38,7,3,42.9,1.34,0.57,0.14,0.33,0,0,12,2,3,4,3,1,0,8,0,,,,,,,,,,,,,,,philip otele,1.1088,1.24988295
1973,Sebastian Otoa,dk DEN,DF,Genoa,it Serie A,21.0,2004.0,11,7,649,7.2,0,0,0,0,0,0,1,0,0.0,3,2,66.7,0.42,0.28,0.0,0.0,0,0,1,10,8,12,1,0,0,4,1,,,,,,,,,,,,,,,sebastian otoa,0.0685,0.01664283
1974,Abdoul Ouattara,fr FRA,"MF,DF",Strasbourg,fr Ligue 1,20.0,2005.0,25,16,1498,16.6,2,0,2,2,0,0,2,0,0.12,25,10,40.0,1.5,0.6,0.08,0.2,0,0,16,12,13,9,2,0,0,10,0,,,,,,,,,,,,,,,abdoul ouattara,2.1694,0.88326937
1975,Dango Ouattara,bf BFA,MF,Brentford,eng Premier League,24.0,2002.0,29,23,2073,23.0,5,3,8,5,0,0,5,0,0.35,48,17,35.4,2.08,0.74,0.1,0.29,0,0,100,13,23,35,5,0,0,26,0,,,,,,,,,,,,,,,dango ouattara,5.684,3.73862508
1976,Kassoum Ouattara,fr FRA,"MF,DF",Monaco,fr Ligue 1,21.0,2004.0,15,12,967,10.7,0,3,3,0,0,0,3,0,0.28,12,0,0.0,1.12,0.0,0.0,,0,0,50,19,19,10,3,0,0,22,0,,,,,,,,,,,,,,,kassoum ouattara,0.9245,2.17878931
1977,Assan Ouedraogo,de GER,MF,RB Leipzig,de Bundesliga,20.0,2006.0,17,11,790,8.8,3,3,6,3,0,0,0,0,0.68,24,11,45.8,2.73,1.25,0.13,0.27,0,0,3,6,3,19,0,0,0,4,0,,,,,,,,,,,,,,,assan ouedraogo,2.088,1.74487445
1978,Azzedine Ounahi,ma MAR,MF,Girona,es La Liga,26.0,2000.0,20,16,1431,15.9,5,2,7,4,1,1,6,0,0.38,40,14,35.0,2.52,0.88,0.1,0.29,1,1,26,12,16,51,6,0,0,14,0,,,,,,,,,,,,,,,azzedine ounahi,1.9045,2.7669033
1979,Elisha Owusu,gh GHA,MF,Auxerre,fr Ligue 1,28.0,1997.0,27,25,2164,24.0,0,0,0,0,0,0,7,0,0.0,6,0,0.0,0.25,0.0,0.0,,0,0,1,46,18,21,7,0,0,41,0,,,,,,,,,,,,,,,elisha owusu,0.0902,0.53061348
1980,Mikel Oyarzabal,es ESP,FW,Real Sociedad,es La Liga,29.0,1997.0,30,28,2482,27.6,14,3,17,8,6,6,2,0,0.4,74,34,45.9,2.68,1.23,0.11,0.24,6,6,18,16,4,38,2,0,0,22,0,,,,,,,,,,,,,,,mikel oyarzabal,12.8558,3.10399982
1982,Daniel Oyegoke,eng ENG,"MF,DF",Hellas Verona,it Serie A,23.0,2003.0,15,8,594,6.6,0,0,0,0,0,0,2,0,0.0,3,1,33.3,0.45,0.15,0.0,0.0,0,0,32,9,7,5,2,0,0,13,0,,,,,,,,,,,,,,,daniel oyegoke,0.0664,0.17791484
1983,Salih Özcan,tr TUR,MF,Dortmund,de Bundesliga,28.0,1998.0,11,0,81,0.9,0,0,0,0,0,0,0,0,0.0,1,0,0.0,1.11,0.0,0.0,,0,0,2,2,0,1,0,0,0,1,0,,,,,,,,,,,,,,,salih ozcan,0.1047,0.15028858
1985,Cenk Özkacar,tr TUR,DF,Köln,de Bundesliga,25.0,2000.0,23,18,1613,17.9,0,0,0,0,0,0,2,0,0.0,11,4,36.4,0.61,0.22,0.0,0.0,0,0,3,24,22,5,2,0,0,11,0,,,,,,,,,,,,,,,cenk ozkacar,0.7499,0.24941813
1987,Pablo,br BRA,"MF,FW",West Ham United,eng Premier League,22.0,2004.0,11,9,726,8.1,0,1,1,0,0,0,0,0,0.12,10,2,20.0,1.24,0.25,0.0,0.0,0,0,2,11,5,6,0,0,0,20,0,,,,,,,,,,,,,,,pablo,0.8687,1.27582298
1988,Jon Pacheco,es ESP,DF,Alavés,es La Liga,25.0,2001.0,22,20,1735,19.3,0,0,0,0,0,0,5,1,0.0,4,1,25.0,0.21,0.05,0.0,0.0,0,0,4,16,11,7,5,1,1,14,0,,,,,,,,,,,,,,,jon pacheco,0.2983,0.30440386
1989,Willian Pacho,ec ECU,DF,Paris Saint-Germain,fr Ligue 1,24.0,2001.0,23,21,1914,21.3,0,0,0,0,0,0,0,0,0.0,8,1,12.5,0.38,0.05,0.0,0.0,0,0,0,26,26,7,0,0,0,6,0,,,,,,,,,,,,,,,willian pacho,0.9957,0.42735413
1992,Pablo Pagis,fr FRA,"MF,FW",Lorient,fr Ligue 1,23.0,2002.0,26,21,1661,18.5,10,3,13,8,2,2,1,0,0.6,56,18,32.1,3.03,0.98,0.14,0.44,2,2,92,17,18,25,1,0,0,21,0,,,,,,,,,,,,,,,pablo pagis,6.4069,2.60882502
1993,Igor Paixão,br BRA,MF,Marseille,fr Ligue 1,25.0,2000.0,28,20,1814,20.2,6,5,11,6,0,0,3,0,0.55,50,20,40.0,2.48,0.99,0.12,0.3,0,0,56,8,16,30,3,0,0,18,0,,,,,,,,,,,,,,,igor paixao,5.8589,2.44007421
1994,César Palacios,es ESP,MF,Real Madrid,es La Liga,21.0,2004.0,3,0,60,0.7,0,0,0,0,0,0,0,0,0.0,1,0,0.0,1.5,0.0,0.0,,0,0,1,2,3,3,0,0,0,3,0,,,,,,,,,,,,,,,cesar palacios,0.1356,0.0585243
1995,Exequiel Palacios,ar ARG,MF,Leverkusen,de Bundesliga,27.0,1998.0,16,10,919,10.2,0,1,1,0,0,0,2,0,0.1,8,2,25.0,0.78,0.2,0.0,0.0,0,0,2,9,6,15,2,0,0,4,0,,,,,,,,,,,,,,,exequiel palacios,0.396,1.04605739
1998,Marco Palestra,it ITA,"MF,DF",Cagliari,it Serie A,21.0,2005.0,34,32,2902,32.2,1,4,5,1,0,0,3,0,0.16,23,5,21.7,0.71,0.16,0.04,0.2,0,0,100,33,18,107,3,0,0,40,0,,,,,,,,,,,,,,,marco palestra,1.3456,3.06873734
1999,João Palhinha,pt POR,"MF,DF",Tottenham Hotspur,eng Premier League,30.0,1995.0,30,20,1951,21.7,4,2,6,4,0,0,6,0,0.28,26,8,30.8,1.2,0.37,0.15,0.5,0,0,4,55,23,29,6,0,0,23,0,,,,,,,,,,,,,,,joao palhinha,1.4162,0.60638191
2001,Cole Palmer,eng ENG,MF,Chelsea,eng Premier League,24.0,2002.0,23,21,1687,18.7,9,1,10,4,5,6,4,0,0.27,58,22,37.9,3.09,1.17,0.07,0.18,5,6,33,11,13,28,4,0,0,13,0,,,,,,,,,,,,,,,cole palmer,9.2085,2.13757393
2003,Diego Pampín,es ESP,DF,Levante,es La Liga,26.0,2000.0,7,5,458,5.1,0,0,0,0,0,0,2,0,0.0,3,0,0.0,0.59,0.0,0.0,,0,0,11,5,5,6,2,0,0,7,0,,,,,,,,,,,,,,,diego pampin,0.2084,0.17413368
2005,Joaquín Panichelli,ar ARG,FW,Strasbourg,fr Ligue 1,23.0,2002.0,27,24,2193,24.4,16,1,17,11,5,6,3,0,0.49,58,31,53.4,2.38,1.27,0.19,0.35,5,6,0,10,13,44,3,0,0,43,0,,,,,,,,,,,,,,,joaquin panichelli,14.2071,1.47986044
2008,Victor Parada,es ESP,DF,Alavés,es La Liga,24.0,2002.0,26,21,1855,20.6,0,3,3,0,0,0,9,1,0.15,10,2,20.0,0.49,0.1,0.0,0.0,0,0,31,11,8,13,9,1,1,27,0,,,,,,,,,,,,,,,victor parada,0.67,1.37182315
2009,Aitor Paredes,es ESP,DF,Athletic Club,es La Liga,26.0,2000.0,18,17,1540,17.1,2,0,2,2,0,0,4,0,0.12,13,4,30.8,0.76,0.23,0.15,0.5,0,0,1,12,24,7,4,0,0,19,0,,,,,,,,,,,,,,,aitor paredes,1.0141,0.51088079
2010,Kevin Paredes,us USA,MF,Wolfsburg,de Bundesliga,23.0,2003.0,6,1,164,1.8,0,0,0,0,0,0,1,0,0.0,2,1,50.0,1.1,0.55,0.0,0.0,0,0,7,3,2,6,1,0,0,2,0,,,,,,,,,,,,,,,kevin paredes,0.0608,0.15155579
2012,Fabiano Parisi,it ITA,"MF,FW",Fiorentina,it Serie A,25.0,2000.0,21,16,1404,15.6,1,1,2,1,0,0,6,0,0.13,23,6,26.1,1.47,0.38,0.04,0.17,0,0,35,13,17,59,6,0,0,12,1,,,,,,,,,,,,,,,fabiano parisi,0.8651,1.52330911
2013,Thomas Partey,gh GHA,MF,Villarreal,es La Liga,32.0,1993.0,22,7,786,8.7,0,0,0,0,0,0,1,0,0.0,8,1,12.5,0.92,0.11,0.0,0.0,0,0,2,6,11,4,1,0,0,9,0,,,,,,,,,,,,,,,thomas partey,0.3585,0.34064186
2014,Mario Pašalić,hr CRO,MF,Atalanta,it Serie A,31.0,1995.0,30,20,1790,19.9,3,4,7,3,0,0,2,0,0.35,18,6,33.3,0.91,0.3,0.17,0.5,0,0,11,17,10,5,2,0,0,20,0,,,,,,,,,,,,,,,mario pasalic,1.9621,2.40872882
2015,Patric,es ESP,"MF,DF",Lazio,it Serie A,33.0,1993.0,13,6,632,7.0,0,0,0,0,0,0,2,0,0.0,5,0,0.0,0.71,0.0,0.0,,0,0,0,0,3,2,2,0,0,4,0,,,,,,,,,,,,,,,patric,0.2135,0.14654995
2016,Nathan Patterson,sct SCO,DF,Everton,eng Premier League,24.0,2001.0,7,3,241,2.7,0,0,0,0,0,0,0,0,0.0,1,1,100.0,0.37,0.37,0.0,0.0,0,0,6,4,2,2,0,0,0,2,0,,,,,,,,,,,,,,,nathan patterson,0.029,0.04110705
2017,Benjamin Pavard,fr FRA,DF,Marseille,fr Ligue 1,30.0,1996.0,25,21,1835,20.4,1,2,3,1,0,0,5,0,0.15,11,3,27.3,0.54,0.15,0.09,0.33,0,0,15,12,23,13,5,0,0,19,1,,,,,,,,,,,,,,,benjamin pavard,0.8196,0.78700627
2018,Benjamin Pavard,fr FRA,DF,Inter,it Serie A,30.0,1996.0,1,1,90,1.0,0,0,0,0,0,0,0,0,0.0,1,1,100.0,1.0,1.0,0.0,0.0,0,0,0,1,2,0,0,0,0,1,0,,,,,,,,,,,,,,,benjamin pavard,0.8196,0.78700627
2019,Aleksandar Pavlovic,de GER,MF,Bayern Munich,de Bundesliga,22.0,2004.0,24,16,1462,16.2,3,1,4,3,0,0,2,0,0.25,10,5,50.0,0.62,0.31,0.3,0.6,0,0,15,15,13,10,2,0,0,19,0,,,,,,,,,,,,,,,aleksandar pavlovic,1.5344,2.1672542
2020,Strahinja Pavlović,rs SRB,DF,Milan,it Serie A,24.0,2001.0,31,30,2599,28.9,4,1,5,4,0,0,3,0,0.17,23,5,21.7,0.8,0.17,0.17,0.8,0,0,15,22,20,27,3,0,0,24,0,,,,,,,,,,,,,,,strahinja pavlovic,3.1038,1.08713472
2021,Leonardo Pavoletti,it ITA,FW,Cagliari,it Serie A,37.0,1988.0,13,1,227,2.5,1,1,2,1,0,0,1,0,0.79,6,1,16.7,2.38,0.4,0.17,1.0,0,0,0,2,1,0,1,0,0,10,0,,,,,,,,,,,,,,,leonardo pavoletti,1.1948,0.03572886
2022,Martín Payero,ar ARG,MF,Cremonese,it Serie A,27.0,1998.0,25,16,1457,16.2,1,0,1,1,0,0,8,0,0.06,23,8,34.8,1.42,0.49,0.04,0.13,0,0,34,9,10,34,8,0,0,37,0,,,,,,,,,,,,,,,martin payero,1.7445,0.67782524
2025,Mads Pedersen,dk DEN,MF,Augsburg,de Bundesliga,29.0,1996.0,6,1,180,2.0,0,0,0,0,0,0,0,0,0.0,2,0,0.0,1.0,0.0,0.0,,0,0,9,2,1,3,0,0,0,5,0,,,,,,,,,,,,,,,mads pedersen,0.0928,0.32604219
2026,Marcus Pedersen,no NOR,"MF,DF",Torino,it Serie A,25.0,2000.0,27,21,1990,22.1,1,2,3,1,0,0,3,0,0.14,15,3,20.0,0.68,0.14,0.07,0.33,0,0,98,12,10,6,3,0,0,31,0,,,,,,,,,,,,,,,marcus pedersen,1.1378,1.80631497
2027,Alfonso Pedraza,es ESP,DF,Villarreal,es La Liga,30.0,1996.0,25,17,1533,17.0,1,3,4,1,0,0,8,0,0.23,11,3,27.3,0.65,0.18,0.09,0.33,0,0,76,30,25,23,8,0,0,25,0,,,,,,,,,,,,,,,alfonso pedraza,1.0871,2.23079071
2028,Pedri,es ESP,MF,Barcelona,es La Liga,23.0,2002.0,26,21,1895,21.1,2,8,10,2,0,0,2,1,0.47,21,10,47.6,1.0,0.47,0.1,0.2,0,0,11,32,22,41,2,1,1,8,0,,,,,,,,,,,,,,,pedri,1.5284,3.81049527
2029,Pedro,es ESP,"FW,MF",Lazio,it Serie A,38.0,1987.0,26,7,849,9.4,4,2,6,2,2,2,4,0,0.42,19,8,42.1,2.01,0.85,0.11,0.25,2,2,28,5,3,22,4,0,0,9,0,,,,,,,,,,,,,,,pedro,2.1596,1.16718625
2031,Adrià Pedrosa,es ESP,"DF,MF",Elche,es La Liga,27.0,1998.0,23,8,1039,11.5,1,1,2,1,0,0,4,0,0.17,11,3,27.3,0.95,0.26,0.09,0.33,0,0,50,18,16,8,4,0,0,18,0,,,,,,,,,,,,,,,adria pedrosa,0.5143,1.55845057
2032,Adrià Pedrosa,es ESP,"DF,MF",Sevilla,es La Liga,27.0,1998.0,1,0,6,0.1,0,0,0,0,0,0,0,0,0.0,0,0,,0.0,0.0,,,0,0,3,0,0,1,0,0,0,0,0,,,,,,,,,,,,,,,adria pedrosa,0.5143,1.55845057
2033,Dženan Pejčinović,de GER,FW,Wolfsburg,de Bundesliga,21.0,2005.0,28,14,1281,14.2,7,0,7,7,0,0,1,0,0.49,41,18,43.9,2.88,1.26,0.17,0.39,0,0,4,9,3,7,1,0,0,20,0,,,,,,,,,,,,,,,dzenan pejcinovic,5.4321,0.34703497
2034,Lorenzo Pellegrini,it ITA,MF,Roma,it Serie A,29.0,1996.0,24,20,1463,16.3,4,2,6,2,2,2,2,0,0.25,32,12,37.5,1.97,0.74,0.06,0.17,2,2,89,5,15,39,2,0,0,20,0,,,,,,,,,,,,,,,lorenzo pellegrini,5.3196,3.04111176
2035,Luca Pellegrini,it ITA,DF,Lazio,it Serie A,27.0,1999.0,22,15,1298,14.4,1,0,1,1,0,0,7,0,0.07,6,4,66.7,0.42,0.28,0.17,0.25,0,0,48,14,15,12,7,0,0,23,0,,,,,,,,,,,,,,,luca pellegrini,0.5082,1.26047297
2036,Mateo Pellegrino,ar ARG,FW,Parma,it Serie A,25.0,2001.0,34,32,2766,30.7,8,1,9,7,1,1,5,0,0.26,69,21,30.4,2.25,0.68,0.1,0.33,1,1,10,9,3,63,5,0,0,77,0,,,,,,,,,,,,,,,mateo pellegrino,7.9267,0.83574101
2037,Timothee Pembele,fr FRA,"MF,DF",Le Havre,fr Ligue 1,23.0,2002.0,12,2,317,3.5,0,0,0,0,0,0,1,0,0.0,4,2,50.0,1.14,0.57,0.0,0.0,0,0,5,4,2,4,1,0,0,2,0,,,,,,,,,,,,,,,timothee pembele,0.3883,0.07812003
2041,Nicolas Pépé,ci CIV,"MF,FW",Villarreal,es La Liga,30.0,1995.0,33,24,2216,24.6,8,6,14,7,1,1,4,0,0.53,59,24,40.7,2.4,0.97,0.12,0.29,1,1,70,21,14,40,4,0,0,22,0,,,,,,,,,,,,,,,nicolas pepe,6.5787,5.20688206
2042,Kojo Peprah Oppong,gh GHA,DF,Nice,fr Ligue 1,21.0,2004.0,27,26,2245,24.9,1,0,1,1,0,0,3,0,0.04,10,3,30.0,0.4,0.12,0.1,0.33,0,0,5,26,28,26,3,0,0,28,0,,,,,,,,,,,,,,,kojo peprah oppong,1.5942,0.33453516
2045,Mathias Pereira Lage,pt POR,"MF,FW",St Pauli,de Bundesliga,29.0,1996.0,28,25,2018,22.4,2,2,4,2,0,0,3,0,0.18,43,15,34.9,1.92,0.67,0.05,0.13,0,0,58,23,16,32,3,0,0,32,0,,,,,,,,,,,,,,,mathias pereira lage,4.3306,1.46783717
2046,Ángel Pérez,es ESP,"MF,DF",Alavés,es La Liga,23.0,2002.0,12,10,928,10.3,1,3,4,1,0,0,3,0,0.39,9,3,33.3,0.87,0.29,0.11,0.33,0,0,76,11,5,13,3,0,0,12,0,,,,,,,,,,,,,,,angel perez,0.6475,1.20328632
2047,Ayoze Pérez,es ESP,FW,Villarreal,es La Liga,32.0,1993.0,21,9,870,9.7,2,3,5,2,0,0,3,0,0.52,16,7,43.8,1.66,0.72,0.13,0.29,0,0,7,10,3,19,3,0,0,14,0,,,,,,,,,,,,,,,ayoze perez,3.2801,0.48907196
2054,Romain Perraud,fr FRA,DF,Lille,fr Ligue 1,28.0,1997.0,28,25,2107,23.4,3,4,7,3,0,0,4,1,0.3,32,12,37.5,1.37,0.51,0.09,0.25,0,0,122,29,23,41,4,1,0,20,0,,,,,,,,,,,,,,,romain perraud,1.873,3.24725212
2056,Gaëtan Perrin,fr FRA,"MF,FW",Lille,fr Ligue 1,29.0,1996.0,10,3,309,3.4,1,0,1,1,0,0,1,0,0.29,7,4,57.1,2.04,1.17,0.14,0.25,0,0,34,7,2,1,1,0,0,6,0,,,,,,,,,,,,,,,gaetan perrin,0.417,1.56491533
2057,Máximo Perrone,ar ARG,MF,Como,it Serie A,23.0,2003.0,33,30,2517,28.0,3,4,7,3,0,0,8,0,0.25,17,8,47.1,0.61,0.29,0.18,0.38,0,0,8,36,20,22,8,0,0,38,0,,,,,,,,,,,,,,,maximo perrone,2.1121,2.67442962
2059,Prosper Peter,ng NGA,FW,Angers,fr Ligue 1,18.0,2007.0,28,13,1228,13.6,5,0,5,5,0,0,0,0,0.37,23,14,60.9,1.69,1.03,0.22,0.36,0,0,0,3,4,29,0,0,0,29,0,,,,,,,,,,,,,,,prosper peter,4.9824,0.49186931
2060,Léo Pétrot,fr FRA,DF,Elche,es La Liga,29.0,1997.0,30,17,1523,16.9,0,0,0,0,0,0,2,0,0.0,8,0,0.0,0.47,0.0,0.0,,0,0,16,21,16,5,2,0,0,18,0,,,,,,,,,,,,,,,leo petrot,0.6371,0.27140833
2062,Giuseppe Pezzella,it ITA,"MF,DF",Cremonese,it Serie A,28.0,1997.0,28,27,2347,26.1,0,1,1,0,0,0,8,1,0.04,5,0,0.0,0.19,0.0,0.0,,0,0,119,30,11,29,8,1,0,43,0,,,,,,,,,,,,,,,giuseppe pezzella,0.1241,1.79107435
2065,Rayan Philippe,fr FRA,"FW,MF",Hamburger SV,de Bundesliga,25.0,2000.0,26,12,1197,13.3,5,0,5,5,0,1,2,0,0.38,35,14,40.0,2.63,1.05,0.14,0.36,0,1,30,13,3,9,2,0,0,23,0,,,,,,,,,,,,,,,rayan philippe,4.6283,1.38404923
2066,Gabriele Piccinini,it ITA,MF,Pisa,it Serie A,25.0,2001.0,22,5,796,8.8,0,0,0,0,0,0,2,0,0.0,18,7,38.9,2.04,0.79,0.0,0.0,0,0,19,13,1,12,2,0,0,9,0,,,,,,,,,,,,,,,gabriele piccinini,1.4149,0.8388864
2067,Roberto Piccoli,it ITA,FW,Fiorentina,it Serie A,25.0,2001.0,29,14,1462,16.2,3,1,4,3,0,0,1,0,0.25,42,14,33.3,2.59,0.86,0.07,0.21,0,0,4,0,3,36,1,0,0,28,0,,,,,,,,,,,,,,,roberto piccoli,5.2883,0.63259249
2068,Charles Pickel,cd COD,MF,Espanyol,es La Liga,28.0,1997.0,21,4,645,7.2,1,0,1,1,0,0,3,2,0.14,9,3,33.3,1.26,0.42,0.11,0.33,0,0,2,6,6,2,3,2,1,12,0,,,,,,,,,,,,,,,charles pickel,0.7811,0.08292357
2070,Amos Pieper,de GER,DF,Werder Bremen,de Bundesliga,28.0,1998.0,17,17,1367,15.2,0,0,0,0,0,0,4,0,0.0,8,2,25.0,0.53,0.13,0.0,0.0,0,0,8,24,24,14,4,0,0,9,0,,,,,,,,,,,,,,,amos pieper,0.4179,0.447127
2071,Marvin Pieringer,de GER,FW,Heidenheim,de Bundesliga,26.0,1999.0,25,18,1517,16.9,4,1,5,3,1,1,2,0,0.24,28,7,25.0,1.66,0.42,0.11,0.43,1,1,19,14,11,27,2,0,0,35,0,,,,,,,,,,,,,,,marvin pieringer,4.4716,1.19530584
2073,Santiago Pierotti,ar ARG,"MF,FW",Lecce,it Serie A,25.0,2001.0,34,28,2350,26.1,1,1,2,1,0,0,4,0,0.08,30,7,23.3,1.15,0.27,0.03,0.14,0,0,18,50,19,21,4,0,0,64,0,,,,,,,,,,,,,,,santiago pierotti,2.6367,1.19416299
2075,Andrea Pinamonti,it ITA,FW,Sassuolo,it Serie A,26.0,1999.0,34,31,2434,27.0,8,3,11,8,0,1,2,1,0.41,70,27,38.6,2.59,1.0,0.11,0.3,0,1,9,4,2,30,2,1,0,12,0,,,,,,,,,,,,,,,andrea pinamonti,6.9112,1.04280873
2078,Ethan Pinnock,jm JAM,DF,Brentford,eng Premier League,32.0,1993.0,4,4,318,3.5,0,0,0,0,0,0,1,0,0.0,1,1,100.0,0.28,0.28,0.0,0.0,0,0,0,5,5,2,1,0,0,0,1,,,,,,,,,,,,,,,ethan pinnock,0.0106,0.06031063
2081,Jakub Piotrowski,pl POL,MF,Udinese,it Serie A,28.0,1997.0,31,18,1590,17.7,1,1,2,1,0,0,2,0,0.11,34,8,23.5,1.92,0.45,0.03,0.13,0,0,25,23,15,29,2,0,0,27,0,,,,,,,,,,,,,,,jakub piotrowski,2.166,0.66149934
2082,Joël Piroe,sr SUR,FW,Leeds United,eng Premier League,26.0,1999.0,14,2,228,2.5,0,0,0,0,0,0,0,0,0.0,11,2,18.2,4.34,0.79,0.0,0.0,0,0,4,1,1,0,0,0,0,3,0,,,,,,,,,,,,,,,joel piroe,0.865,0.12653365
2083,Niccolò Pisilli,it ITA,MF,Roma,it Serie A,21.0,2004.0,22,11,1172,13.0,2,3,5,2,0,0,3,0,0.38,16,5,31.3,1.23,0.38,0.13,0.4,0,0,11,12,21,4,3,0,0,16,0,,,,,,,,,,,,,,,niccolo pisilli,0.9808,0.71275393
2085,Tommaso Pobega,it ITA,MF,Bologna,it Serie A,26.0,1999.0,23,14,1220,13.6,2,1,3,2,0,0,1,1,0.22,23,9,39.1,1.7,0.66,0.09,0.22,0,0,2,17,18,12,1,1,0,28,0,,,,,,,,,,,,,,,tommaso pobega,1.6197,0.65702707
2087,Ernest Poku,nl NED,MF,Leverkusen,de Bundesliga,22.0,2004.0,28,16,1469,16.3,5,5,10,5,0,0,0,0,0.61,27,9,33.3,1.65,0.55,0.19,0.56,0,0,12,9,8,17,0,0,0,4,0,,,,,,,,,,,,,,,ernest poku,3.0464,4.34282889
2088,Matteo Politano,it ITA,"MF,FW",Napoli,it Serie A,32.0,1993.0,32,24,2038,22.6,2,5,7,2,0,0,3,0,0.31,46,12,26.1,2.03,0.53,0.04,0.17,0,0,164,10,3,25,3,0,0,18,0,,,,,,,,,,,,,,,matteo politano,2.186,4.44689023
2090,Marin Pongračić,hr CRO,DF,Fiorentina,it Serie A,28.0,1997.0,32,31,2714,30.2,0,0,0,0,0,0,11,0,0.0,8,1,12.5,0.27,0.03,0.0,0.0,0,0,4,14,35,20,11,0,0,66,0,,,,,,,,,,,,,,,marin pongracic,0.6996,0.49047575
2091,Nick Pope,eng ENG,GK,Newcastle United,eng Premier League,34.0,1992.0,24,24,2146,23.8,0,0,0,0,0,0,2,0,0.0,1,1,100.0,0.04,0.04,0.0,0.0,0,0,0,1,0,2,2,0,0,1,0,34.0,1.43,105.0,73.0,69.5,9.0,4.0,11.0,7.0,29.2,2.0,2.0,0.0,0.0,nick pope,0.162,0.01719896
2092,Pedro Porro,es ESP,DF,Tottenham Hotspur,eng Premier League,26.0,1999.0,31,29,2526,28.1,1,2,3,1,0,0,8,0,0.11,28,7,25.0,1.0,0.25,0.04,0.14,0,0,208,43,26,24,8,0,0,28,0,,,,,,,,,,,,,,,pedro porro,0.8722,3.3554311
2093,Portu,es ESP,"FW,MF",Girona,es La Liga,33.0,1992.0,10,4,474,5.3,0,0,0,0,0,0,2,0,0.0,9,5,55.6,1.71,0.95,0.0,0.0,0,0,18,1,2,4,2,0,0,6,0,,,,,,,,,,,,,,,portu,1.3565,0.56702944
2094,Stefan Posch,at AUT,DF,Como,it Serie A,28.0,1997.0,14,3,393,4.4,1,0,1,1,0,0,1,0,0.23,8,3,37.5,1.83,0.69,0.13,0.33,0,0,10,3,4,6,1,0,0,9,0,,,,,,,,,,,,,,,stefan posch,0.2578,0.94856926
2095,Stefan Posch,at AUT,DF,Mainz 05,de Bundesliga,28.0,1997.0,14,14,1260,14.0,0,0,0,0,0,0,4,0,0.0,9,3,33.3,0.64,0.21,0.0,0.0,0,0,9,22,19,11,4,0,0,7,0,,,,,,,,,,,,,,,stefan posch,0.2578,0.94856926
2096,Freddie Potts,eng ENG,MF,West Ham United,eng Premier League,22.0,2003.0,22,12,1171,13.0,0,1,1,0,0,0,1,0,0.08,3,1,33.3,0.23,0.08,0.0,0.0,0,0,34,18,16,14,1,0,0,15,0,,,,,,,,,,,,,,,freddie potts,0.2121,1.06509938
2097,Kacper Potulski,pl POL,DF,Mainz 05,de Bundesliga,18.0,2007.0,13,8,900,10.0,1,0,1,1,0,0,3,0,0.1,9,2,22.2,0.9,0.2,0.11,0.5,0,0,2,12,17,3,3,0,0,12,0,,,,,,,,,,,,,,,kacper potulski,1.1534,0.10823157
2098,Yussuf Poulsen,dk DEN,FW,Hamburger SV,de Bundesliga,31.0,1994.0,13,1,309,3.4,1,0,1,1,0,0,4,0,0.29,7,3,42.9,2.04,0.87,0.14,0.33,0,0,2,2,1,3,4,0,0,12,0,,,,,,,,,,,,,,,yussuf poulsen,0.7568,0.32136929
2099,Beñat Prados,es ESP,MF,Athletic Club,es La Liga,25.0,2001.0,2,1,85,0.9,0,0,0,0,0,0,1,0,0.0,1,0,0.0,1.06,0.0,0.0,,0,0,0,2,2,0,1,0,0,5,0,,,,,,,,,,,,,,,benat prados,0.0269,0.01312705
2100,Alexander Prass,at AUT,MF,Hoffenheim,de Bundesliga,24.0,2001.0,30,12,1238,13.8,3,2,5,3,0,0,3,0,0.36,17,10,58.8,1.24,0.73,0.18,0.3,0,0,45,22,6,21,3,0,0,24,0,,,,,,,,,,,,,,,alexander prass,1.1649,3.16398513
2101,Matteo Prati,it ITA,MF,Torino,it Serie A,22.0,2003.0,11,6,534,5.9,0,0,0,0,0,0,2,0,0.0,11,0,0.0,1.85,0.0,0.0,,0,0,2,2,4,5,2,0,0,12,0,,,,,,,,,,,,,,,matteo prati,1.2375,0.6920188
2102,Matteo Prati,it ITA,MF,Cagliari,it Serie A,22.0,2003.0,20,15,1268,14.1,1,0,1,1,0,0,4,0,0.07,19,1,5.3,1.35,0.07,0.05,1.0,0,0,13,12,15,3,4,0,0,17,0,,,,,,,,,,,,,,,matteo prati,1.2375,0.6920188
2104,Grischa Prömel,de GER,MF,Hoffenheim,de Bundesliga,31.0,1995.0,31,16,1730,19.2,7,2,9,7,0,0,5,0,0.47,43,14,32.6,2.24,0.73,0.16,0.5,0,0,11,15,15,27,5,0,0,23,0,,,,,,,,,,,,,,,grischa promel,5.0285,2.9319805
2106,Javi Puado,es ESP,"MF,FW",Espanyol,es La Liga,27.0,1998.0,10,8,674,7.5,2,0,2,1,1,2,2,0,0.13,15,9,60.0,2.0,1.2,0.07,0.11,1,2,21,2,3,7,2,0,0,11,0,,,,,,,,,,,,,,,javi puado,3.4729,0.82551144
2107,Marc Pubill,es ESP,DF,Atlético Madrid,es La Liga,22.0,2003.0,15,11,1066,11.8,0,1,1,0,0,0,1,0,0.08,8,2,25.0,0.68,0.17,0.0,0.0,0,0,4,9,16,10,1,0,0,9,0,,,,,,,,,,,,,,,marc pubill,0.2306,0.54943889
2108,Cameron Puertas,ch SUI,MF,Werder Bremen,de Bundesliga,27.0,1998.0,26,20,1687,18.7,1,2,3,1,0,0,5,0,0.16,36,8,22.2,1.92,0.43,0.03,0.13,0,0,72,34,15,22,5,0,0,36,0,,,,,,,,,,,,,,,cameron puertas,1.7271,2.09127545
2109,Christian Pulisic,us USA,FW,Milan,it Serie A,27.0,1998.0,28,18,1549,17.2,8,3,11,8,0,1,0,0,0.64,50,24,48.0,2.91,1.39,0.16,0.33,0,1,32,8,3,23,0,0,0,11,0,,,,,,,,,,,,,,,christian pulisic,7.4672,4.054092
2111,Arkadiusz Pyrka,pl POL,MF,St Pauli,de Bundesliga,23.0,2002.0,29,28,2396,26.6,0,1,1,0,0,0,3,0,0.04,18,3,16.7,0.68,0.11,0.0,0.0,0,0,41,21,21,30,3,0,0,15,0,,,,,,,,,,,,,,,arkadiusz pyrka,0.9639,1.78119503
2112,Jarell Quansah,eng ENG,DF,Leverkusen,de Bundesliga,23.0,2003.0,26,23,2124,23.6,3,0,3,3,0,0,9,0,0.13,15,7,46.7,0.64,0.3,0.2,0.43,0,0,21,20,24,21,9,0,0,18,0,,,,,,,,,,,,,,,jarell quansah,2.2772,1.23009079
2113,Leopold Querfeld,at AUT,DF,Union Berlin,de Bundesliga,22.0,2003.0,30,30,2700,30.0,3,0,3,1,2,3,7,0,0.03,29,10,34.5,0.97,0.33,0.03,0.1,2,3,3,27,35,28,7,0,0,46,0,,,,,,,,,,,,,,,leopold querfeld,3.6884,1.76296416
2114,Kenny Quetant,fr FRA,FW,Le Havre,fr Ligue 1,19.0,2006.0,9,4,372,4.1,1,0,1,1,0,0,1,0,0.24,8,2,25.0,1.94,0.48,0.13,0.5,0,0,1,0,1,3,1,0,0,6,0,,,,,,,,,,,,,,,kenny quetant,0.7462,0.07167247
2116,Dani Raba,es ESP,FW,Valencia,es La Liga,30.0,1995.0,13,3,270,3.0,0,1,1,0,0,0,0,0,0.33,9,1,11.1,3.0,0.33,0.0,0.0,0,0,14,4,4,2,0,0,0,6,0,,,,,,,,,,,,,,,dani raba,0.2105,0.36788855
2117,Adrien Rabiot,fr FRA,MF,Marseille,fr Ligue 1,31.0,1995.0,1,1,90,1.0,0,0,0,0,0,0,1,0,0.0,1,0,0.0,1.0,0.0,0.0,,0,0,9,0,0,1,1,0,0,2,0,,,,,,,,,,,,,,,adrien rabiot,3.6875,2.54350559
2118,Adrien Rabiot,fr FRA,MF,Milan,it Serie A,31.0,1995.0,26,25,2280,25.3,6,4,10,6,0,0,6,1,0.39,37,11,29.7,1.46,0.43,0.16,0.55,0,0,50,29,15,49,6,1,1,32,0,,,,,,,,,,,,,,,adrien rabiot,3.6875,2.54350559
2121,Ugo Raghouber,fr FRA,MF,Levante,es La Liga,22.0,2003.0,13,8,663,7.4,0,0,0,0,0,0,1,0,0.0,3,0,0.0,0.41,0.0,0.0,,0,0,1,9,12,14,1,0,0,8,0,,,,,,,,,,,,,,,ugo raghouber,0.0341,0.06831324
2122,Ugo Raghouber,fr FRA,MF,Lille,fr Ligue 1,22.0,2003.0,1,0,3,0.0,0,0,0,0,0,0,0,0,0.0,0,0,,0.0,0.0,,,0,0,0,0,0,0,0,0,0,0,0,,,,,,,,,,,,,,,ugo raghouber,0.0341,0.06831324
2123,Antonio Raillo,es ESP,DF,Mallorca,es La Liga,34.0,1991.0,23,23,2032,22.6,0,1,1,0,0,0,4,0,0.04,12,1,8.3,0.53,0.04,0.0,0.0,0,0,4,13,12,15,4,0,0,23,0,,,,,,,,,,,,,,,antonio raillo,0.5448,0.57097538
2124,Ylber Ramadani,al ALB,MF,Lecce,it Serie A,30.0,1996.0,34,34,2941,32.7,1,0,1,1,0,0,8,0,0.03,32,5,15.6,0.98,0.15,0.03,0.2,0,0,16,45,42,55,8,0,0,40,0,,,,,,,,,,,,,,,ylber ramadani,0.9057,1.39444606
2126,Largie Ramazani,be BEL,"MF,FW",Valencia,es La Liga,25.0,2001.0,23,11,1127,12.5,6,1,7,3,3,3,4,0,0.32,45,18,40.0,3.59,1.44,0.07,0.17,3,3,26,11,13,19,4,0,0,17,0,,,,,,,,,,,,,,,largie ramazani,5.4421,1.61534897
2127,Jacobo Ramón,es ESP,DF,Como,it Serie A,21.0,2005.0,30,28,2562,28.5,2,0,2,2,0,0,10,1,0.07,34,7,20.6,1.19,0.25,0.06,0.29,0,0,11,31,34,8,10,1,0,30,0,,,,,,,,,,,,,,,jacobo ramon,4.1617,1.38844205
2128,Gonçalo Ramos,pt POR,FW,Paris Saint-Germain,fr Ligue 1,24.0,2001.0,27,12,1175,13.1,6,1,7,5,1,2,4,1,0.46,55,25,45.5,4.21,1.91,0.09,0.2,1,2,1,11,3,19,4,1,1,20,0,,,,,,,,,,,,,,,goncalo ramos,8.2313,1.33612447
2131,Jacob Ramsey,eng ENG,MF,Newcastle United,eng Premier League,24.0,2001.0,25,13,1240,13.8,2,1,3,2,0,0,5,1,0.22,15,4,26.7,1.09,0.29,0.13,0.5,0,0,8,11,9,13,5,1,1,15,0,,,,,,,,,,,,,,,jacob ramsey,1.1009,0.95595506
2132,Luca Ranieri,it ITA,DF,Fiorentina,it Serie A,27.0,1999.0,32,27,2305,25.6,1,0,1,1,0,0,8,0,0.04,16,3,18.8,0.62,0.12,0.06,0.33,0,0,27,24,21,26,8,0,0,22,0,,,,,,,,,,,,,,,luca ranieri,1.6861,1.09532877
2134,Lilian Raolisoa,fr FRA,"MF,DF",Angers,fr Ligue 1,25.0,2000.0,30,19,1791,19.9,2,4,6,2,0,0,3,0,0.3,15,4,26.7,0.75,0.2,0.13,0.5,0,0,86,26,13,16,3,0,0,26,0,,,,,,,,,,,,,,,lilian raolisoa,0.7881,2.54862564
2135,Raphinha,br BRA,"MF,FW",Barcelona,es La Liga,29.0,1996.0,20,17,1291,14.3,11,3,14,8,3,3,4,0,0.77,58,19,32.8,4.04,1.32,0.14,0.42,3,3,67,5,5,9,4,0,0,10,0,,,,,,,,,,,,,,,raphinha,9.7871,5.55328372
2136,Marcus Rashford,eng ENG,"MF,FW",Barcelona,es La Liga,28.0,1997.0,29,15,1520,16.9,7,7,14,7,0,0,2,0,0.83,71,27,38.0,4.2,1.6,0.1,0.26,0,0,98,8,2,22,2,0,0,9,0,,,,,,,,,,,,,,,marcus rashford,6.491,4.00397901
2137,Mathias Rasmussen,no NOR,MF,St Pauli,de Bundesliga,28.0,1997.0,11,8,691,7.7,0,0,0,0,0,0,0,0,0.0,6,2,33.3,0.78,0.26,0.0,0.0,0,0,6,6,8,7,0,0,0,6,0,,,,,,,,,,,,,,,mathias rasmussen,0.7643,0.5958608
2138,Giacomo Raspadori,it ITA,MF,Atalanta,it Serie A,26.0,2000.0,10,4,553,6.1,2,1,3,2,0,0,0,0,0.49,21,10,47.6,3.42,1.63,0.1,0.2,0,0,40,1,1,4,0,0,0,4,0,,,,,,,,,,,,,,,giacomo raspadori,1.9339,0.87105013
2139,Giacomo Raspadori,it ITA,FW,Atlético Madrid,es La Liga,26.0,2000.0,12,1,236,2.6,0,1,1,0,0,0,1,0,0.38,7,3,42.9,2.67,1.14,0.0,0.0,0,0,9,1,0,7,1,0,0,3,0,,,,,,,,,,,,,,,giacomo raspadori,1.9339,0.87105013
2141,Andrei Ratiu,ro ROU,DF,Rayo Vallecano,es La Liga,27.0,1998.0,31,29,2606,29.0,0,3,3,0,0,0,9,0,0.1,29,9,31.0,1.0,0.31,0.0,0.0,0,0,95,36,39,21,9,0,0,22,0,,,,,,,,,,,,,,,andrei ratiu,2.0208,3.88218469
2142,Petar Ratkov,rs SRB,FW,Lazio,it Serie A,22.0,2003.0,8,2,233,2.6,0,0,0,0,0,0,0,0,0.0,6,1,16.7,2.32,0.39,0.0,0.0,0,0,0,2,1,3,0,0,0,0,0,,,,,,,,,,,,,,,petar ratkov,0.5896,0.02491113
2144,David Raum,de GER,DF,RB Leipzig,de Bundesliga,28.0,1998.0,29,28,2485,27.6,3,6,9,2,1,1,6,0,0.29,24,8,33.3,0.87,0.29,0.08,0.25,1,1,244,35,33,17,6,0,0,29,0,,,,,,,,,,,,,,,david raum,2.203,12.15607329
2147,Rayan,br BRA,MF,Bournemouth,eng Premier League,19.0,2006.0,12,10,878,9.8,4,2,6,4,0,0,1,0,0.62,23,7,30.4,2.36,0.72,0.17,0.57,0,0,21,6,5,5,1,0,0,6,0,,,,,,,,,,,,,,,rayan,1.3282,1.5387004
2149,Federico Redondo,ar ARG,MF,Elche,es La Liga,23.0,2003.0,11,1,179,2.0,0,0,0,0,0,0,0,1,0.0,1,0,0.0,0.5,0.0,0.0,,0,0,0,2,5,5,0,1,0,8,0,,,,,,,,,,,,,,,federico redondo,0.068,0.04854422
2150,Harrison Reed,eng ENG,MF,Fulham,eng Premier League,31.0,1995.0,7,1,94,1.0,1,0,1,1,0,0,0,0,0.96,2,1,50.0,1.91,0.96,0.5,1.0,0,0,4,0,0,1,0,0,0,2,0,,,,,,,,,,,,,,,harrison reed,0.1259,0.37053992
2151,Luca Reggiani,it ITA,DF,Dortmund,de Bundesliga,18.0,2008.0,7,5,421,4.7,1,0,1,1,0,0,2,0,0.21,3,1,33.3,0.64,0.21,0.33,1.0,0,0,1,10,2,1,2,0,0,4,0,,,,,,,,,,,,,,,luca reggiani,0.1682,0.0538744
2152,Alejandro Rego,es ESP,MF,Athletic Club,es La Liga,22.0,2003.0,25,9,1068,11.9,1,1,2,1,0,0,5,0,0.17,11,3,27.3,0.93,0.25,0.09,0.33,0,0,5,17,20,4,5,0,0,34,0,,,,,,,,,,,,,,,alejandro rego,0.4078,0.48243675
2153,Tijjani Reijnders,nl NED,MF,Manchester City,eng Premier League,27.0,1998.0,26,17,1496,16.6,5,2,7,5,0,0,2,0,0.42,41,15,36.6,2.47,0.9,0.12,0.33,0,0,37,4,11,15,2,0,0,18,0,,,,,,,,,,,,,,,tijjani reijnders,3.7959,2.25920791
2154,Alberto Reina,es ESP,MF,Oviedo,es La Liga,28.0,1997.0,33,27,2102,23.4,4,1,5,4,0,0,6,1,0.21,20,11,55.0,0.86,0.47,0.2,0.36,0,0,45,13,13,37,6,1,1,33,0,,,,,,,,,,,,,,,alberto reina,2.7944,1.89218787
2155,Vitor Reis,br BRA,DF,Girona,es La Liga,20.0,2006.0,32,31,2778,30.9,1,1,2,1,0,0,8,1,0.06,16,3,18.8,0.52,0.1,0.06,0.33,0,0,0,29,30,22,8,1,0,33,1,,,,,,,,,,,,,,,vitor reis,1.0704,0.35887335
2156,Rocco Reitz,de GER,MF,Gladbach,de Bundesliga,23.0,2002.0,30,30,2537,28.2,0,3,3,0,0,0,8,1,0.11,46,13,28.3,1.63,0.46,0.0,0.0,0,0,85,38,49,54,8,1,0,34,0,,,,,,,,,,,,,,,rocco reitz,2.2485,3.4793482
2157,Nicolai Remberg,de GER,MF,Hamburger SV,de Bundesliga,25.0,2000.0,30,30,2700,30.0,0,1,1,0,0,0,11,0,0.03,16,8,50.0,0.53,0.27,0.0,0.0,0,0,5,25,42,48,11,0,0,41,0,,,,,,,,,,,,,,,nicolai remberg,0.9834,1.26812146
2159,Devyne Rensch,nl NED,MF,Roma,it Serie A,23.0,2003.0,21,11,1024,11.4,0,4,4,0,0,0,1,0,0.35,4,1,25.0,0.35,0.09,0.0,0.0,0,0,18,15,12,15,1,0,0,4,0,,,,,,,,,,,,,,,devyne rensch,0.2114,2.18822409
2161,Elvis Rexhbeçaj,xk KVX,MF,Augsburg,de Bundesliga,28.0,1997.0,26,10,1118,12.4,2,0,2,2,0,0,4,0,0.16,11,5,45.5,0.89,0.4,0.18,0.4,0,0,16,8,4,16,4,0,0,13,0,,,,,,,,,,,,,,,elvis rexhbecaj,0.5331,1.15758773
2162,Oriol Rey,es ESP,MF,Levante,es La Liga,28.0,1998.0,19,14,1274,14.2,0,1,1,0,0,0,4,0,0.07,8,1,12.5,0.57,0.07,0.0,0.0,0,0,8,12,11,14,4,0,0,23,0,,,,,,,,,,,,,,,oriol rey,0.3872,0.409332
2164,Chadi Riad,ma MAR,DF,Crystal Palace,eng Premier League,22.0,2003.0,7,4,389,4.3,0,1,1,0,0,0,2,0,0.23,2,1,50.0,0.46,0.23,0.0,0.0,0,0,6,3,1,3,2,0,0,4,0,,,,,,,,,,,,,,,chadi riad,0.1062,0.05554364
2165,Alexsandro Ribeiro,br BRA,DF,Lille,fr Ligue 1,26.0,1999.0,8,7,508,5.6,0,0,0,0,0,0,0,1,0.0,7,2,28.6,1.24,0.35,0.0,0.0,0,0,1,9,11,8,0,1,0,10,0,,,,,,,,,,,,,,,alexsandro ribeiro,0.3651,0.04426231
2166,Rodrigo Ribeiro,pt POR,FW,Augsburg,de Bundesliga,21.0,2005.0,12,6,588,6.5,2,0,2,2,0,0,1,0,0.31,25,7,28.0,3.83,1.07,0.08,0.29,0,0,2,1,3,3,1,0,0,9,0,,,,,,,,,,,,,,,rodrigo ribeiro,2.9074,0.10839236
2167,Samuele Ricci,it ITA,MF,Milan,it Serie A,24.0,2001.0,29,10,1199,13.3,1,3,4,1,0,0,2,0,0.3,18,6,33.3,1.35,0.45,0.06,0.17,0,0,28,8,8,30,2,0,0,14,0,,,,,,,,,,,,,,,samuele ricci,1.5289,1.6756945
2168,Declan Rice,eng ENG,MF,Arsenal,eng Premier League,27.0,1999.0,34,33,2914,32.4,4,5,9,4,0,0,3,0,0.28,40,13,32.5,1.24,0.4,0.1,0.31,0,0,165,31,31,9,3,0,0,26,0,,,,,,,,,,,,,,,declan rice,2.9698,6.4660936
2169,Chris Richards,us USA,DF,Crystal Palace,eng Premier League,26.0,2000.0,30,29,2617,29.1,1,0,1,1,0,0,3,0,0.03,11,1,9.1,0.38,0.03,0.09,1.0,0,0,13,32,42,4,3,0,0,15,0,,,,,,,,,,,,,,,chris richards,1.13,1.25676565
2171,Richarlison,br BRA,"FW,MF",Tottenham Hotspur,eng Premier League,28.0,1997.0,29,17,1712,19.0,10,4,14,10,0,0,5,0,0.74,52,23,44.2,2.73,1.21,0.19,0.43,0,0,16,15,7,30,5,0,0,21,0,,,,,,,,,,,,,,,richarlison,6.3907,1.25399125
2172,Diego Rico,es ESP,DF,Getafe,es La Liga,33.0,1993.0,28,18,1758,19.5,0,0,0,0,0,0,4,0,0.0,11,1,9.1,0.56,0.05,0.0,0.0,0,0,66,29,33,35,4,0,0,22,0,,,,,,,,,,,,,,,diego rico,0.3255,0.94081872
2173,Clemens Riedel,de GER,DF,Espanyol,es La Liga,22.0,2003.0,18,14,1216,13.5,0,1,1,0,0,0,5,0,0.07,3,1,33.3,0.22,0.07,0.0,0.0,0,0,3,13,10,7,5,0,0,22,0,,,,,,,,,,,,,,,clemens riedel,0.128,0.18744436
2174,Fabian Rieder,ch SUI,MF,Augsburg,de Bundesliga,24.0,2002.0,30,26,2163,24.0,6,3,9,4,2,2,4,0,0.29,38,13,34.2,1.58,0.54,0.11,0.31,2,2,98,18,12,37,4,0,0,43,0,,,,,,,,,,,,,,,fabian rieder,4.1628,3.80656377
2175,Fabian Rieder,ch SUI,MF,Rennes,fr Ligue 1,24.0,2002.0,3,2,133,1.5,0,0,0,0,0,0,0,0,0.0,1,0,0.0,0.68,0.0,0.0,,0,0,1,2,2,1,0,0,0,2,0,,,,,,,,,,,,,,,fabian rieder,4.1628,3.80656377
2177,Chris Rigg,eng ENG,MF,Sunderland,eng Premier League,18.0,2007.0,16,11,746,8.3,1,0,1,1,0,0,1,0,0.12,12,3,25.0,1.45,0.36,0.08,0.33,0,0,10,8,3,8,1,0,0,8,0,,,,,,,,,,,,,,,chris rigg,0.731,1.0759103
2179,Hugo Rincón,es ESP,DF,Girona,es La Liga,23.0,2003.0,31,16,1698,18.9,1,1,2,1,0,0,4,0,0.11,7,2,28.6,0.37,0.11,0.14,0.5,0,0,33,29,5,49,4,0,0,31,0,,,,,,,,,,,,,,,hugo rincon,0.8618,0.84830252
2180,Luis Rioja,es ESP,MF,Valencia,es La Liga,32.0,1993.0,33,27,2281,25.3,2,5,7,2,0,0,1,0,0.28,37,4,10.8,1.46,0.16,0.05,0.5,0,0,140,21,16,28,1,0,0,11,0,,,,,,,,,,,,,,,luis rioja,1.8828,4.0069515
2181,Rodrigo Riquelme,es ESP,MF,Real Betis,es La Liga,26.0,2000.0,22,7,769,8.5,1,1,2,1,0,0,2,0,0.23,21,6,28.6,2.46,0.7,0.05,0.17,0,0,22,10,5,11,2,0,0,8,0,,,,,,,,,,,,,,,rodrigo riquelme,1.8727,1.17761472
2183,Mihailo Ristić,rs SRB,"MF,DF",Celta Vigo,es La Liga,30.0,1995.0,4,4,251,2.8,0,0,0,0,0,0,0,0,0.0,1,0,0.0,0.36,0.0,0.0,,0,0,2,0,2,1,0,0,0,0,0,,,,,,,,,,,,,,,mihailo ristic,0.02,0.02481698
2184,Lars Ritzka,de GER,"MF,DF",St Pauli,de Bundesliga,28.0,1998.0,20,11,903,10.0,0,0,0,0,0,0,1,0,0.0,4,1,25.0,0.4,0.1,0.0,0.0,0,0,17,25,12,3,1,0,0,10,0,,,,,,,,,,,,,,,lars ritzka,0.3758,0.52096372
2185,Sergi Roberto,es ESP,MF,Como,it Serie A,34.0,1992.0,18,5,527,5.9,0,0,0,0,0,0,3,0,0.0,7,2,28.6,1.2,0.34,0.0,0.0,0,0,2,7,5,9,3,0,0,9,0,,,,,,,,,,,,,,,sergi roberto,0.9647,0.49886606
2188,Antonee Robinson,us USA,"DF,MF",Fulham,eng Premier League,28.0,1997.0,19,14,1222,13.6,0,0,0,0,0,0,3,0,0.0,3,0,0.0,0.22,0.0,0.0,,0,0,67,24,21,6,3,0,0,12,0,,,,,,,,,,,,,,,antonee robinson,0.217,1.3259128
2189,Joel Roca,es ESP,MF,Girona,es La Liga,20.0,2005.0,28,12,1165,12.9,3,1,4,3,0,0,3,1,0.31,37,13,35.1,2.86,1.0,0.08,0.23,0,0,28,9,2,34,3,1,0,10,0,,,,,,,,,,,,,,,joel roca,2.3928,1.0024437
2190,Marc Roca,es ESP,MF,Real Betis,es La Liga,29.0,1996.0,26,21,1835,20.4,1,1,2,1,0,0,1,0,0.1,14,5,35.7,0.69,0.25,0.07,0.2,0,0,10,29,21,22,1,0,0,38,0,,,,,,,,,,,,,,,marc roca,1.1407,1.0282887
2193,Joe Rodon,wls WAL,DF,Leeds United,eng Premier League,28.0,1997.0,32,30,2681,29.8,2,0,2,2,0,0,2,0,0.07,17,6,35.3,0.57,0.2,0.12,0.33,0,0,5,17,28,18,2,0,0,14,0,,,,,,,,,,,,,,,joe rodon,1.2123,0.4092226
2194,Rodri,es ESP,MF,Manchester City,eng Premier League,29.0,1996.0,20,16,1421,15.8,1,0,1,1,0,0,2,0,0.06,12,2,16.7,0.76,0.13,0.08,0.5,0,0,4,23,11,27,2,0,0,13,0,,,,,,,,,,,,,,,rodri,0.8052,2.45729392
2195,Álvaro Rodríguez,uy URU,FW,Elche,es La Liga,21.0,2004.0,30,21,1925,21.4,5,5,10,5,0,0,1,0,0.47,62,18,29.0,2.9,0.84,0.08,0.28,0,0,10,11,4,40,1,0,0,31,0,,,,,,,,,,,,,,,alvaro rodriguez,6.9798,2.31378857
2198,Guido Rodríguez,ar ARG,MF,West Ham United,eng Premier League,32.0,1994.0,6,2,180,2.0,0,0,0,0,0,0,1,0,0.0,1,0,0.0,0.5,0.0,0.0,,0,0,2,0,2,4,1,0,0,2,0,,,,,,,,,,,,,,,guido rodriguez,0.4635,0.3440793
2199,Guido Rodríguez,ar ARG,MF,Valencia,es La Liga,32.0,1994.0,12,10,949,10.5,2,0,2,2,0,0,4,0,0.19,12,3,25.0,1.14,0.28,0.17,0.67,0,0,2,19,5,20,4,0,0,14,0,,,,,,,,,,,,,,,guido rodriguez,0.4635,0.3440793
2200,Javi Rodríguez,es ESP,DF,Celta Vigo,es La Liga,22.0,2003.0,29,24,2198,24.4,0,1,1,0,0,0,5,0,0.04,11,1,9.1,0.45,0.04,0.0,0.0,0,0,1,21,25,28,5,0,0,30,0,,,,,,,,,,,,,,,javi rodriguez,0.5269,0.70994677
2201,Jesus Rodríguez,es ESP,MF,Como,it Serie A,20.0,2005.0,28,16,1585,17.6,1,7,8,1,0,0,2,1,0.45,42,10,23.8,2.38,0.57,0.02,0.1,0,0,53,16,4,29,2,1,0,21,0,,,,,,,,,,,,,,,jesus rodriguez,3.7896,3.49471089
2202,Juan Rodríguez,uy URU,DF,Cagliari,it Serie A,20.0,2005.0,14,14,1150,12.8,0,0,0,0,0,0,3,0,0.0,1,1,100.0,0.08,0.08,0.0,0.0,0,0,4,24,15,6,3,0,0,14,0,,,,,,,,,,,,,,,juan rodriguez,0.3645,0.54515078
2202,Juan Rodríguez,uy URU,DF,Cagliari,it Serie A,20.0,2005.0,14,14,1150,12.8,0,0,0,0,0,0,3,0,0.0,1,1,100.0,0.08,0.08,0.0,0.0,0,0,4,24,15,6,3,0,0,14,0,,,,,,,,,,,,,,,juan rodriguez,0.5181,0.64528269
2203,Ricardo Rodríguez,ch SUI,DF,Real Betis,es La Liga,33.0,1992.0,21,16,1389,15.4,0,1,1,0,0,0,0,0,0.06,3,0,0.0,0.19,0.0,0.0,,0,0,15,10,8,5,0,0,0,8,0,,,,,,,,,,,,,,,ricardo rodriguez,0.0991,0.2965323
2204,Rodrygo,br BRA,"MF,FW",Real Madrid,es La Liga,25.0,2001.0,19,6,684,7.6,1,3,4,1,0,0,3,0,0.53,27,11,40.7,3.55,1.45,0.04,0.09,0,0,42,8,3,23,3,0,0,5,0,,,,,,,,,,,,,,,rodrygo,2.5827,2.1332612
2206,Morgan Rogers,eng ENG,MF,Aston Villa,eng Premier League,23.0,2002.0,35,35,3100,34.4,9,5,14,9,0,0,7,0,0.41,81,31,38.3,2.35,0.9,0.11,0.29,0,0,47,21,13,47,7,0,0,44,0,,,,,,,,,,,,,,,morgan rogers,6.4157,3.99040179
2207,Merlin Röhl,de GER,MF,Freiburg,de Bundesliga,23.0,2002.0,2,0,66,0.7,0,0,0,0,0,0,0,0,0.0,0,0,,0.0,0.0,,,0,0,1,1,0,0,0,0,0,2,0,,,,,,,,,,,,,,,merlin rohl,0.6411,0.17880975
2208,Merlin Röhl,de GER,MF,Everton,eng Premier League,23.0,2002.0,13,3,455,5.1,0,0,0,0,0,0,0,0,0.0,8,0,0.0,1.58,0.0,0.0,,0,0,4,10,2,3,0,0,0,11,0,,,,,,,,,,,,,,,merlin rohl,0.6411,0.17880975
2209,Filippo Romagna,it ITA,DF,Sassuolo,it Serie A,28.0,1997.0,5,4,313,3.5,0,0,0,0,0,0,0,0,0.0,2,0,0.0,0.58,0.0,0.0,,0,0,1,1,5,1,0,0,0,0,0,,,,,,,,,,,,,,,filippo romagna,0.0391,0.02575332
2210,Alessio Romagnoli,it ITA,DF,Lazio,it Serie A,31.0,1995.0,30,29,2518,28.0,0,0,0,0,0,0,6,0,0.0,9,4,44.4,0.32,0.14,0.0,0.0,0,0,2,14,31,15,6,0,0,17,0,,,,,,,,,,,,,,,alessio romagnoli,1.2905,0.4084455
2212,Miguel Román,es ESP,MF,Celta Vigo,es La Liga,23.0,2002.0,19,14,1311,14.6,1,0,1,1,0,0,3,0,0.07,9,2,22.2,0.62,0.14,0.11,0.5,0,0,21,17,12,11,3,0,0,20,0,,,,,,,,,,,,,,,miguel roman,0.9097,1.38568832
2214,Carlos Romero,es ESP,DF,Espanyol,es La Liga,24.0,2001.0,32,32,2847,31.6,5,2,7,5,0,0,4,0,0.22,35,9,25.7,1.11,0.28,0.14,0.56,0,0,85,56,34,14,4,0,0,40,0,,,,,,,,,,,,,,,carlos romero,2.2804,2.8407699
2215,Cristian Romero,ar ARG,DF,Tottenham Hotspur,eng Premier League,28.0,1998.0,23,22,1868,20.8,4,1,5,4,0,0,11,2,0.24,17,6,35.3,0.82,0.29,0.24,0.67,0,0,1,30,31,16,11,2,1,32,0,,,,,,,,,,,,,,,cristian romero,1.3103,1.25647725
2216,Isaac Romero,es ESP,"FW,MF",Sevilla,es La Liga,25.0,2000.0,26,16,1363,15.1,4,0,4,4,0,1,6,1,0.26,38,13,34.2,2.51,0.86,0.11,0.31,0,1,9,9,5,23,6,1,0,24,0,,,,,,,,,,,,,,,isaac romero,5.0233,0.47040016
2217,Iván Romero,es ESP,"FW,MF",Levante,es La Liga,25.0,2001.0,29,26,2088,23.2,7,1,8,7,0,1,5,0,0.34,57,17,29.8,2.46,0.73,0.12,0.41,0,1,18,22,11,72,5,0,0,39,0,,,,,,,,,,,,,,,ivan romero,7.3797,1.83132407
2218,Zaid Romero,ar ARG,DF,Getafe,es La Liga,26.0,1999.0,11,11,989,11.0,0,0,0,0,0,0,5,1,0.0,6,0,0.0,0.55,0.0,0.0,,0,0,3,15,25,6,5,1,1,7,0,,,,,,,,,,,,,,,zaid romero,0.4812,0.05650923
2219,Rômulo,br BRA,FW,RB Leipzig,de Bundesliga,24.0,2002.0,28,26,2080,23.1,9,4,13,9,0,1,3,0,0.56,61,27,44.3,2.64,1.17,0.15,0.33,0,1,0,17,11,20,3,0,0,20,1,,,,,,,,,,,,,,,romulo,12.4071,2.79948451
2221,Valentin Rongier,fr FRA,MF,Rennes,fr Ligue 1,31.0,1994.0,29,29,2565,28.5,2,5,7,2,0,0,6,0,0.25,21,10,47.6,0.74,0.35,0.1,0.2,0,0,18,47,34,24,6,0,0,44,0,,,,,,,,,,,,,,,valentin rongier,0.9422,3.8565819
2222,Marten de Roon,nl NED,MF,Atalanta,it Serie A,35.0,1991.0,31,29,2459,27.3,1,2,3,1,0,0,8,1,0.11,14,4,28.6,0.51,0.15,0.07,0.25,0,0,13,41,20,11,8,1,1,31,0,,,,,,,,,,,,,,,marten de roon,0.7656,1.7627567
2223,Pablo Rosario,do DOM,"DF,MF",Nice,fr Ligue 1,29.0,1997.0,1,0,28,0.3,0,0,0,0,0,0,0,0,0.0,2,1,50.0,6.43,3.21,0.0,0.0,0,0,0,0,0,0,0,0,0,0,0,,,,,,,,,,,,,,,pablo rosario,1.6037,1.09718149
2224,Max Rosenfelder,de GER,DF,Freiburg,de Bundesliga,23.0,2003.0,12,5,492,5.5,0,0,0,0,0,0,0,0,0.0,1,0,0.0,0.18,0.0,0.0,,0,0,0,5,5,5,0,0,0,2,1,,,,,,,,,,,,,,,max rosenfelder,0.0154,0.03182365
2226,Valentin Rosier,fr FRA,"DF,MF",Osasuna,es La Liga,29.0,1996.0,28,27,2290,25.4,1,1,2,1,0,0,6,1,0.08,14,3,21.4,0.55,0.12,0.07,0.33,0,0,40,29,39,19,6,1,1,30,0,,,,,,,,,,,,,,,valentin rosier,0.4302,1.51049297
2227,Tom Rothe,de GER,"MF,DF",Union Berlin,de Bundesliga,21.0,2004.0,19,8,880,9.8,2,0,2,2,0,0,1,1,0.2,18,5,27.8,1.84,0.51,0.11,0.4,0,0,32,12,19,6,1,1,0,9,0,,,,,,,,,,,,,,,tom rothe,0.9169,0.85382714
2228,Anthony Rouault,fr FRA,DF,Rennes,fr Ligue 1,24.0,2001.0,19,17,1544,17.2,1,0,1,1,0,0,4,0,0.06,8,3,37.5,0.47,0.17,0.13,0.33,0,0,0,13,15,8,4,0,0,25,0,,,,,,,,,,,,,,,anthony rouault,1.206,0.34790324
2229,Nicolò Rovella,it ITA,MF,Lazio,it Serie A,24.0,2001.0,9,4,388,4.3,0,1,1,0,0,0,2,0,0.23,1,0,0.0,0.23,0.0,0.0,,0,0,11,9,7,9,2,0,0,3,0,,,,,,,,,,,,,,,nicolo rovella,0.0302,0.97839075
2230,Jonathan Rowe,eng ENG,"MF,FW",Bologna,it Serie A,23.0,2003.0,25,15,1410,15.7,2,1,3,2,0,0,2,0,0.19,42,14,33.3,2.68,0.89,0.05,0.14,0,0,47,12,7,44,2,0,0,22,0,,,,,,,,,,,,,,,jonathan rowe,3.3709,1.45411867
2231,Jonathan Rowe,eng ENG,FW,Marseille,fr Ligue 1,23.0,2003.0,1,1,62,0.7,0,0,0,0,0,0,0,0,0.0,5,0,0.0,7.26,0.0,0.0,,0,0,4,0,1,2,0,0,0,2,0,,,,,,,,,,,,,,,jonathan rowe,3.3709,1.45411867
2233,Amir Rrahmani,xk KVX,DF,Napoli,it Serie A,32.0,1994.0,18,18,1525,16.9,1,1,2,1,0,0,2,0,0.12,10,1,10.0,0.59,0.06,0.1,1.0,0,0,1,12,18,15,2,0,0,19,0,,,,,,,,,,,,,,,amir rrahmani,0.6763,0.2322382
2235,Antonio Rüdiger,de GER,DF,Real Madrid,es La Liga,33.0,1993.0,16,14,1310,14.6,1,0,1,1,0,0,0,0,0.07,12,1,8.3,0.82,0.07,0.08,1.0,0,0,2,4,4,1,0,0,0,10,0,,,,,,,,,,,,,,,antonio rudiger,0.879,0.31654225
2239,Matteo Ruggeri,it ITA,DF,Atlético Madrid,es La Liga,23.0,2002.0,22,17,1459,16.2,0,3,3,0,0,0,4,0,0.19,4,2,50.0,0.25,0.12,0.0,0.0,0,0,68,22,18,2,4,0,0,25,0,,,,,,,,,,,,,,,matteo ruggeri,0.1256,3.26539583
2240,Aitor Ruibal,es ESP,"DF,MF",Real Betis,es La Liga,30.0,1996.0,26,19,1719,19.1,4,2,6,4,0,0,4,0,0.31,31,12,38.7,1.62,0.63,0.13,0.33,0,0,30,28,18,25,4,0,0,30,0,,,,,,,,,,,,,,,aitor ruibal,3.8466,1.60722113
2241,Abel Ruiz,es ESP,FW,Girona,es La Liga,26.0,2000.0,9,0,187,2.1,0,0,0,0,0,0,0,0,0.0,5,1,20.0,2.41,0.48,0.0,0.0,0,0,2,1,1,1,0,0,0,2,0,,,,,,,,,,,,,,,abel ruiz,0.2531,0.29754856
2244,Jacen Russell-Rowe,ca CAN,FW,Toulouse,fr Ligue 1,23.0,2002.0,12,4,412,4.6,1,0,1,1,0,0,0,0,0.22,11,4,36.4,2.4,0.87,0.09,0.25,0,0,3,3,1,1,0,0,0,7,0,,,,,,,,,,,,,,,jacen russell-rowe,0.4394,0.18667636
2245,Georginio Rutter,fr FRA,"MF,FW",Brighton,eng Premier League,24.0,2002.0,29,20,1728,19.2,3,3,6,3,0,0,2,0,0.31,39,13,33.3,2.03,0.68,0.08,0.23,0,0,19,18,10,33,2,0,0,29,1,,,,,,,,,,,,,,,georginio rutter,2.4752,2.23354776
2246,Mathew Ryan,au AUS,GK,Levante,es La Liga,34.0,1992.0,33,33,2970,33.0,0,0,0,0,0,0,2,0,0.0,2,0,0.0,0.06,0.0,0.0,,0,0,0,1,1,1,2,0,0,0,0,52.0,1.58,159.0,111.0,69.2,9.0,9.0,15.0,8.0,24.2,4.0,3.0,1.0,0.0,mathew ryan,0.1622,0.06460939
2247,Julian Ryerson,no NOR,MF,Dortmund,de Bundesliga,28.0,1997.0,30,25,2179,24.2,0,14,14,0,0,0,8,0,0.58,12,1,8.3,0.5,0.04,0.0,0.0,0,0,235,21,12,21,8,0,0,26,0,,,,,,,,,,,,,,,julian ryerson,0.5824,8.68868754
2249,Alexander Røssing-Lelesiit,no NOR,"FW,MF",Hamburger SV,de Bundesliga,19.0,2007.0,11,5,321,3.6,0,1,1,0,0,0,3,1,0.28,2,2,100.0,0.56,0.56,0.0,0.0,0,0,4,2,1,7,3,1,1,13,0,,,,,,,,,,,,,,,alexander rssing-lelesiit,0.0763,0.44123279
2253,Stefano Sabelli,it ITA,"MF,DF",Genoa,it Serie A,33.0,1993.0,15,11,854,9.5,0,0,0,0,0,0,0,0,0.0,5,0,0.0,0.53,0.0,0.0,,0,0,25,14,3,19,0,0,0,6,1,,,,,,,,,,,,,,,stefano sabelli,0.447,0.40370728
2254,Abdelhamid Sabiri,ma MAR,MF,Fiorentina,it Serie A,29.0,1996.0,1,0,27,0.3,0,0,0,0,0,0,0,0,0.0,1,0,0.0,3.33,0.0,0.0,,0,0,4,2,0,1,0,0,0,1,0,,,,,,,,,,,,,,,abdelhamid sabiri,0.0124,0.217417
2255,Marcel Sabitzer,at AUT,MF,Dortmund,de Bundesliga,32.0,1994.0,26,21,1817,20.2,1,2,3,1,0,0,3,0,0.15,20,4,20.0,0.99,0.2,0.05,0.25,0,0,37,19,20,17,3,0,0,20,0,,,,,,,,,,,,,,,marcel sabitzer,1.0417,1.62898734
2256,Noah Sadiki,cd COD,MF,Sunderland,eng Premier League,21.0,2004.0,30,30,2633,29.3,0,1,1,0,0,0,8,0,0.03,17,4,23.5,0.58,0.14,0.0,0.0,0,0,17,25,32,35,8,0,0,28,0,,,,,,,,,,,,,,,noah sadiki,0.8917,1.06917672
2257,Umar Sadiq,ng NGA,FW,Valencia,es La Liga,29.0,1997.0,16,8,831,9.2,3,2,5,3,0,0,2,0,0.54,22,7,31.8,2.38,0.76,0.14,0.43,0,0,4,5,1,16,2,0,0,26,0,,,,,,,,,,,,,,,umar sadiq,1.8385,1.37750316
2258,Umar Sadiq,ng NGA,FW,Real Sociedad,es La Liga,29.0,1997.0,5,2,153,1.7,0,0,0,0,0,0,1,0,0.0,4,0,0.0,2.35,0.0,0.0,,0,0,1,0,0,2,1,0,0,2,0,,,,,,,,,,,,,,,umar sadiq,1.8385,1.37750316
2259,Alexis Saelemaekers,be BEL,MF,Milan,it Serie A,26.0,1999.0,33,31,2608,29.0,2,3,5,2,0,0,4,0,0.17,41,9,22.0,1.41,0.31,0.05,0.22,0,0,79,38,30,60,4,0,0,24,0,,,,,,,,,,,,,,,alexis saelemaekers,2.7649,4.40997773
2262,Osame Sahraoui,ma MAR,MF,Lille,fr Ligue 1,24.0,2001.0,17,4,476,5.3,1,2,3,1,0,0,0,0,0.57,11,4,36.4,2.08,0.76,0.09,0.25,0,0,3,3,4,24,0,0,0,3,0,,,,,,,,,,,,,,,osame sahraoui,0.8178,1.2925278
2263,Wesley Saïd,fr FRA,MF,Lens,fr Ligue 1,31.0,1995.0,27,24,1842,20.5,10,2,12,9,1,1,2,0,0.54,52,23,44.2,2.54,1.12,0.17,0.39,1,1,21,15,8,13,2,0,0,35,0,,,,,,,,,,,,,,,wesley said,8.5886,3.69956675
2264,Allan Saint-Maximin,fr FRA,MF,Lens,fr Ligue 1,29.0,1997.0,9,2,380,4.2,3,3,6,3,0,0,0,0,1.42,17,3,17.6,4.03,0.71,0.18,1.0,0,0,21,0,0,7,0,0,0,3,0,,,,,,,,,,,,,,,allan saint-maximin,0.2639,1.17513177
2265,Bukayo Saka,eng ENG,"FW,MF",Arsenal,eng Premier League,24.0,2001.0,29,23,2053,22.8,7,4,11,6,1,1,1,0,0.44,66,27,40.9,2.89,1.18,0.09,0.22,1,1,115,15,15,51,1,0,0,29,0,,,,,,,,,,,,,,,bukayo saka,6.9941,5.76195133
2267,Álex Sala,es ESP,MF,Lecce,it Serie A,25.0,2001.0,9,2,167,1.9,0,1,1,0,0,0,0,0,0.54,4,2,50.0,2.16,1.08,0.0,0.0,0,0,11,2,3,5,0,0,0,6,0,,,,,,,,,,,,,,,alex sala,0.254,0.34753294
2269,Mohamed Salah,eg EGY,MF,Liverpool,eng Premier League,33.0,1992.0,25,22,2056,22.8,7,6,13,6,1,1,1,0,0.53,64,17,26.6,2.8,0.74,0.09,0.35,1,1,107,12,3,16,1,0,0,10,0,,,,,,,,,,,,,,,mohamed salah,7.8155,4.7645823
2271,Kike Salas,es ESP,DF,Sevilla,es La Liga,24.0,2002.0,22,20,1843,20.5,1,0,1,1,0,0,1,0,0.05,12,6,50.0,0.59,0.29,0.08,0.17,0,0,9,27,34,17,1,0,0,28,0,,,,,,,,,,,,,,,kike salas,0.8739,0.33103145
2272,Manolis Saliakas,gr GRE,MF,St Pauli,de Bundesliga,29.0,1996.0,17,12,1106,12.3,1,3,4,1,0,0,3,0,0.33,16,3,18.8,1.3,0.24,0.06,0.33,0,0,44,20,13,7,3,0,0,4,0,,,,,,,,,,,,,,,manolis saliakas,0.5961,1.34599434
2273,William Saliba,fr FRA,DF,Arsenal,eng Premier League,25.0,2001.0,29,28,2434,27.0,1,0,1,1,0,0,1,0,0.04,5,1,20.0,0.18,0.04,0.2,1.0,0,0,9,21,15,15,1,0,0,21,0,,,,,,,,,,,,,,,william saliba,0.8575,0.92414381
2275,Mohammed Salisu,gh GHA,DF,Monaco,fr Ligue 1,27.0,1999.0,12,12,1080,12.0,1,0,1,1,0,0,3,0,0.08,8,2,25.0,0.67,0.17,0.13,0.5,0,0,0,11,19,3,3,0,0,17,1,,,,,,,,,,,,,,,mohammed salisu,0.7704,0.20025447
2276,Lazar Samardzic,rs SRB,MF,Atalanta,it Serie A,24.0,2002.0,25,10,969,10.8,2,1,3,2,0,0,1,0,0.28,22,7,31.8,2.04,0.65,0.09,0.29,0,0,68,8,9,9,1,0,0,17,0,,,,,,,,,,,,,,,lazar samardzic,2.817,2.43669781
2280,Albert Sambi Lokonga,be BEL,MF,Hamburger SV,de Bundesliga,26.0,1999.0,24,18,1541,17.1,5,0,5,5,0,0,3,0,0.29,16,10,62.5,0.93,0.58,0.31,0.5,0,0,12,11,13,25,3,0,0,19,0,,,,,,,,,,,,,,,albert sambi lokonga,1.8542,1.31100623
2281,Antonio Sanabria,py PAR,FW,Cremonese,it Serie A,30.0,1996.0,24,10,926,10.3,1,1,2,1,0,0,2,0,0.19,12,4,33.3,1.17,0.39,0.08,0.25,0,0,1,2,1,15,2,0,0,15,0,,,,,,,,,,,,,,,antonio sanabria,2.831,0.21996602
2282,Oihan Sancet,es ESP,MF,Athletic Club,es La Liga,26.0,2000.0,27,21,1724,19.2,4,0,4,2,2,2,4,1,0.1,45,15,33.3,2.35,0.78,0.04,0.13,2,2,23,11,2,26,4,1,0,28,0,,,,,,,,,,,,,,,oihan sancet,6.1532,1.36090598
2284,Alexis Sánchez,cl CHI,"FW,MF",Sevilla,es La Liga,37.0,1988.0,24,10,1142,12.7,4,1,5,3,1,1,2,0,0.32,23,8,34.8,1.81,0.63,0.13,0.38,1,1,21,10,6,23,2,0,0,14,0,,,,,,,,,,,,,,,alexis sanchez,2.6459,1.47560209
2285,Antonio Sánchez,es ESP,"MF,DF",Mallorca,es La Liga,29.0,1997.0,28,9,1019,11.3,0,0,0,0,0,0,4,1,0.0,6,3,50.0,0.53,0.26,0.0,0.0,0,0,27,11,15,10,4,1,1,14,0,,,,,,,,,,,,,,,antonio sanchez,0.4017,0.80980791
2286,Juanlu Sánchez,es ESP,"MF,DF",Sevilla,es La Liga,22.0,2003.0,29,23,1918,21.3,0,3,3,0,0,0,5,1,0.14,13,1,7.7,0.61,0.05,0.0,0.0,0,0,55,40,11,39,5,1,1,22,0,,,,,,,,,,,,,,,juanlu sanchez,0.7679,2.76726857
2290,Selton Sánchez,es ESP,MF,Athletic Club,es La Liga,19.0,2007.0,7,2,196,2.2,0,1,1,0,0,0,0,0,0.46,4,1,25.0,1.84,0.46,0.0,0.0,0,0,0,2,1,5,0,0,0,5,0,,,,,,,,,,,,,,,selton sanchez,0.2664,0.16925573
2291,Jadon Sancho,eng ENG,MF,Aston Villa,eng Premier League,26.0,2000.0,22,9,875,9.7,0,2,2,0,0,0,0,0,0.21,10,3,30.0,1.03,0.31,0.0,0.0,0,0,23,2,2,2,0,0,0,3,0,,,,,,,,,,,,,,,jadon sancho,0.5778,1.88669528
2292,Álex Sancris,es ESP,"MF,FW",Getafe,es La Liga,29.0,1997.0,17,5,690,7.7,0,1,1,0,0,0,3,1,0.13,12,4,33.3,1.57,0.52,0.0,0.0,0,0,55,5,2,12,3,1,1,15,0,,,,,,,,,,,,,,,alex sancris,0.3336,0.95098725
2293,Philipp Sander,de GER,"DF,MF",Gladbach,de Bundesliga,28.0,1998.0,28,27,2270,25.2,2,0,2,2,0,0,2,0,0.08,23,7,30.4,0.91,0.28,0.09,0.29,0,0,26,39,45,12,2,0,0,27,1,,,,,,,,,,,,,,,philipp sander,1.4711,2.34792735
2294,James Sands,us USA,MF,St Pauli,de Bundesliga,25.0,2000.0,24,23,1934,21.5,1,0,1,1,0,0,4,0,0.05,16,4,25.0,0.74,0.19,0.06,0.25,0,0,9,23,41,38,4,0,0,26,0,,,,,,,,,,,,,,,james sands,1.0012,0.73109695
2295,Ibou Sané,sn SEN,"FW,MF",Metz,fr Ligue 1,21.0,2005.0,16,5,541,6.0,1,1,2,1,0,0,2,0,0.33,6,3,50.0,1.0,0.5,0.17,0.33,0,0,14,3,1,15,2,0,0,9,0,,,,,,,,,,,,,,,ibou sane,0.3589,0.72127195
2296,Sadibou Sané,sn SEN,DF,Metz,fr Ligue 1,21.0,2004.0,21,20,1760,19.6,2,1,3,2,0,0,4,2,0.15,5,2,40.0,0.26,0.1,0.4,1.0,0,0,1,32,37,14,4,2,0,20,1,,,,,,,,,,,,,,,sadibou sane,0.2828,0.41531846
2297,Arouna Sangante,sn SEN,DF,Le Havre,fr Ligue 1,24.0,2002.0,26,26,2145,23.8,1,1,2,1,0,0,4,2,0.08,9,5,55.6,0.38,0.21,0.11,0.2,0,0,6,24,34,37,4,2,0,39,0,,,,,,,,,,,,,,,arouna sangante,0.4342,0.80089103
2298,Buba Sangaré,es ESP,"DF,MF",Elche,es La Liga,18.0,2007.0,8,6,401,4.5,0,0,0,0,0,0,2,0,0.0,2,0,0.0,0.45,0.0,0.0,,0,0,9,10,5,6,2,0,0,16,0,,,,,,,,,,,,,,,buba sangare,0.0964,0.02936347
2299,Ibrahim Sangaré,ci CIV,MF,Nottingham Forest,eng Premier League,28.0,1997.0,26,24,1990,22.1,2,2,4,2,0,0,5,0,0.18,16,5,31.3,0.72,0.23,0.13,0.4,0,0,8,30,18,18,5,0,0,39,0,,,,,,,,,,,,,,,ibrahim sangare,1.1464,1.73386114
2300,Mamadou Sangare,ml MLI,MF,Lens,fr Ligue 1,23.0,2002.0,28,26,2233,24.8,3,4,7,3,0,0,5,0,0.28,51,12,23.5,2.06,0.48,0.06,0.25,0,0,7,50,39,42,5,0,0,33,0,,,,,,,,,,,,,,,mamadou sangare,2.7345,1.79778439
2301,Nhoa Sangui,fr FRA,DF,Paris FC,fr Ligue 1,20.0,2006.0,25,17,1647,18.3,0,0,0,0,0,0,0,0,0.0,4,1,25.0,0.22,0.05,0.0,0.0,0,0,37,13,20,16,0,0,0,5,0,,,,,,,,,,,,,,,nhoa sangui,0.2633,1.07393033
2302,Maroan Sannadi,ma MAR,FW,Athletic Club,es La Liga,25.0,2001.0,9,2,279,3.1,1,0,1,1,0,0,2,0,0.32,8,4,50.0,2.58,1.29,0.13,0.25,0,0,2,1,1,5,2,0,0,8,0,,,,,,,,,,,,,,,maroan sannadi,1.0977,0.11892559
2303,Kaishu Sano,jp JPN,MF,Mainz 05,de Bundesliga,25.0,2000.0,32,32,2879,32.0,1,2,3,1,0,0,1,0,0.09,20,4,20.0,0.63,0.13,0.05,0.25,0,0,16,31,66,29,1,0,0,13,0,,,,,,,,,,,,,,,kaishu sano,1.0299,2.81390581
2304,Morgan Sanson,fr FRA,MF,Nice,fr Ligue 1,31.0,1994.0,29,18,1611,17.9,0,2,2,0,0,0,4,0,0.11,16,4,25.0,0.89,0.22,0.0,0.0,0,0,37,19,24,17,4,0,0,32,0,,,,,,,,,,,,,,,morgan sanson,2.3341,1.28164025
2305,Baptiste Santamaria,fr FRA,MF,Valencia,es La Liga,31.0,1995.0,19,7,754,8.4,1,1,2,1,0,0,2,0,0.24,6,2,33.3,0.72,0.24,0.17,0.5,0,0,3,5,8,10,2,0,0,13,0,,,,,,,,,,,,,,,baptiste santamaria,0.365,0.80632761
2306,Yago Santiago,es ESP,MF,Elche,es La Liga,23.0,2003.0,9,3,281,3.1,0,0,0,0,0,0,1,0,0.0,2,0,0.0,0.64,0.0,0.0,,0,0,6,1,1,2,1,0,0,3,0,,,,,,,,,,,,,,,yago santiago,0.117,0.20712071
2308,Alisson Santos,br BRA,MF,Napoli,it Serie A,23.0,2002.0,11,6,656,7.3,3,0,3,3,0,0,0,0,0.41,23,13,56.5,3.16,1.78,0.13,0.23,0,0,32,8,2,7,0,0,0,2,0,,,,,,,,,,,,,,,alisson santos,0.7987,0.42204135
2309,Andrey Santos,br BRA,MF,Chelsea,eng Premier League,22.0,2004.0,25,11,1108,12.3,0,0,0,0,0,0,4,0,0.0,10,1,10.0,0.81,0.08,0.0,0.0,0,0,2,15,18,21,4,0,0,12,0,,,,,,,,,,,,,,,andrey santos,1.754,0.83031243
2311,Tiago Santos,pt POR,DF,Lille,fr Ligue 1,23.0,2002.0,15,8,709,7.9,0,0,0,0,0,0,0,0,0.0,9,0,0.0,1.14,0.0,0.0,,0,0,32,8,5,21,0,0,0,13,0,,,,,,,,,,,,,,,tiago santos,0.3892,0.52948142
2313,Alejo Sarco,ar ARG,FW,Gladbach,de Bundesliga,20.0,2006.0,2,0,49,0.5,0,0,0,0,0,0,0,0,0.0,1,0,0.0,1.84,0.0,0.0,,0,0,0,0,0,0,0,0,0,0,0,,,,,,,,,,,,,,,alejo sarco,0.2195,0.0682339
2314,Alejo Sarco,ar ARG,FW,Leverkusen,de Bundesliga,20.0,2006.0,3,0,74,0.8,0,0,0,0,0,0,0,0,0.0,2,0,0.0,2.43,0.0,0.0,,0,0,0,0,0,2,0,0,0,2,0,,,,,,,,,,,,,,,alejo sarco,0.2195,0.0682339
2316,Amin Sarr,se SWE,"FW,MF",Hellas Verona,it Serie A,25.0,2001.0,32,9,1051,11.7,0,1,1,0,0,0,2,1,0.09,17,5,29.4,1.46,0.43,0.0,0.0,0,0,10,9,4,21,2,1,1,25,0,,,,,,,,,,,,,,,amin sarr,1.2136,0.82904431
2317,Bouna Sarr,sn SEN,"MF,DF",Metz,fr Ligue 1,34.0,1992.0,10,8,715,7.9,0,0,0,0,0,0,1,0,0.0,12,3,25.0,1.51,0.38,0.0,0.0,0,0,25,9,8,17,1,0,0,9,0,,,,,,,,,,,,,,,bouna sarr,1.1034,0.6990021
2318,Ismaila Sarr,sn SEN,MF,Crystal Palace,eng Premier League,28.0,1998.0,24,21,1919,21.3,7,1,8,5,2,2,2,0,0.28,39,16,41.0,1.83,0.75,0.13,0.31,2,2,19,9,7,38,2,0,0,12,0,,,,,,,,,,,,,,,ismaila sarr,8.032,0.73597471
2319,Malang Sarr,fr FRA,DF,Lens,fr Ligue 1,27.0,1999.0,31,31,2790,31.0,0,1,1,0,0,0,3,0,0.03,22,5,22.7,0.71,0.16,0.0,0.0,0,0,10,42,73,21,3,0,0,20,0,,,,,,,,,,,,,,,malang sarr,1.2021,0.6126165
2320,Mamadou Sarr,sn SEN,DF,Strasbourg,fr Ligue 1,20.0,2005.0,15,15,1305,14.5,0,0,0,0,0,0,3,0,0.0,1,0,0.0,0.07,0.0,0.0,,0,0,0,13,5,11,3,0,0,16,0,,,,,,,,,,,,,,,mamadou sarr,0.4359,0.00197374
2321,Mamadou Sarr,sn SEN,DF,Chelsea,eng Premier League,20.0,2005.0,2,1,92,1.0,0,0,0,0,0,0,0,0,0.0,1,0,0.0,0.98,0.0,0.0,,0,0,0,0,1,0,0,0,0,0,0,,,,,,,,,,,,,,,mamadou sarr,0.4359,0.00197374
2322,Martin Satriano,uy URU,"FW,MF",Getafe,es La Liga,25.0,2001.0,15,15,1333,14.8,4,1,5,4,0,0,4,0,0.34,28,11,39.3,1.89,0.74,0.14,0.36,0,0,15,12,9,22,4,0,0,18,0,,,,,,,,,,,,,,,martin satriano,2.5496,0.46753722
2323,Martin Satriano,uy URU,FW,Lyon,fr Ligue 1,25.0,2001.0,11,8,692,7.7,2,1,3,2,0,0,1,0,0.39,16,7,43.8,2.08,0.91,0.13,0.29,0,0,5,3,5,13,1,0,0,11,0,,,,,,,,,,,,,,,martin satriano,2.5496,0.46753722
2324,Mario Sauer,sk SVK,MF,Toulouse,fr Ligue 1,21.0,2004.0,25,6,651,7.2,1,0,1,1,0,0,4,0,0.14,14,3,21.4,1.94,0.41,0.07,0.33,0,0,7,6,10,3,4,0,0,12,0,,,,,,,,,,,,,,,mario sauer,1.733,0.54907311
2327,Nicolò Savona,it ITA,DF,Nottingham Forest,eng Premier League,23.0,2003.0,14,11,1028,11.4,2,0,2,2,0,0,2,0,0.18,5,3,60.0,0.44,0.26,0.4,0.67,0,0,27,12,5,5,2,0,0,12,0,,,,,,,,,,,,,,,nicolo savona,1.3398,0.43882839
2329,Giorgio Scalvini,it ITA,DF,Atalanta,it Serie A,22.0,2003.0,21,20,1605,17.8,3,1,4,3,0,0,2,0,0.22,20,6,30.0,1.12,0.34,0.15,0.5,0,0,5,20,36,7,2,0,0,28,0,,,,,,,,,,,,,,,giorgio scalvini,2.5158,1.32368102
2330,Gianluca Scamacca,it ITA,FW,Atalanta,it Serie A,27.0,1999.0,23,16,1305,14.5,10,1,11,8,2,2,2,0,0.62,57,22,38.6,3.93,1.52,0.14,0.36,2,2,0,5,3,19,2,0,0,26,0,,,,,,,,,,,,,,,gianluca scamacca,6.5246,0.70376583
2331,Oliver Scarles,eng ENG,"DF,MF",West Ham United,eng Premier League,20.0,2005.0,13,9,659,7.3,0,0,0,0,0,0,2,0,0.0,3,0,0.0,0.41,0.0,0.0,,0,0,35,19,13,7,2,0,0,7,0,,,,,,,,,,,,,,,oliver scarles,0.177,0.30986934
2333,Kevin Schade,de GER,"MF,FW",Brentford,eng Premier League,24.0,2001.0,32,30,2537,28.2,7,3,10,7,0,1,6,1,0.35,51,22,43.1,1.81,0.78,0.14,0.32,0,1,22,26,19,42,6,1,0,43,0,,,,,,,,,,,,,,,kevin schade,11.0558,2.05964632
2334,András Schäfer,hu HUN,MF,Union Berlin,de Bundesliga,27.0,1999.0,26,15,1300,14.4,1,0,1,1,0,0,2,1,0.07,24,8,33.3,1.66,0.55,0.04,0.13,0,0,17,20,19,21,2,1,0,31,0,,,,,,,,,,,,,,,andras schafer,1.8224,0.68966443
2335,Fabian Schär,ch SUI,DF,Newcastle United,eng Premier League,34.0,1991.0,16,11,1091,12.1,0,0,0,0,0,0,1,0,0.0,17,4,23.5,1.4,0.33,0.0,0.0,0,0,4,9,16,7,1,0,0,15,0,,,,,,,,,,,,,,,fabian schar,0.9829,0.61340373
2336,Fynn Schenten,de GER,FW,Köln,de Bundesliga,18.0,2007.0,7,1,100,1.1,0,0,0,0,0,0,0,0,0.0,1,0,0.0,0.9,0.0,0.0,,0,0,3,0,0,0,0,0,0,2,0,,,,,,,,,,,,,,,fynn schenten,0.0273,0.19758809
2337,Derry Scherhant,de GER,MF,Freiburg,de Bundesliga,23.0,2002.0,29,11,1188,13.2,4,1,5,4,0,0,2,0,0.38,33,12,36.4,2.5,0.91,0.12,0.33,0,0,70,8,7,33,2,0,0,17,0,,,,,,,,,,,,,,,derry scherhant,2.2518,2.40057728
2338,Patrik Schick,cz CZE,FW,Leverkusen,de Bundesliga,30.0,1996.0,26,21,1808,20.1,16,3,19,12,4,4,2,0,0.75,68,31,45.6,3.38,1.54,0.18,0.39,4,4,0,2,3,17,2,0,0,20,0,,,,,,,,,,,,,,,patrik schick,12.2407,2.60881649
2339,Stefan Schimmer,de GER,FW,Heidenheim,de Bundesliga,32.0,1994.0,25,3,792,8.8,5,1,6,5,0,0,1,0,0.68,31,11,35.5,3.52,1.25,0.16,0.45,0,0,10,3,4,5,1,0,0,13,0,,,,,,,,,,,,,,,stefan schimmer,5.066,0.61797655
2340,Xaver Schlager,at AUT,MF,RB Leipzig,de Bundesliga,28.0,1997.0,25,20,1747,19.4,2,1,3,2,0,0,6,0,0.15,20,6,30.0,1.03,0.31,0.1,0.33,0,0,10,24,7,14,6,0,0,24,0,,,,,,,,,,,,,,,xaver schlager,1.9676,2.30352033
2341,Keven Schlotterbeck,de GER,DF,Augsburg,de Bundesliga,29.0,1997.0,24,22,2031,22.6,0,1,1,0,0,1,7,1,0.04,12,3,25.0,0.53,0.13,0.0,0.0,0,1,6,25,33,20,7,1,1,25,0,,,,,,,,,,,,,,,keven schlotterbeck,1.3706,1.08525654
2342,Nico Schlotterbeck,de GER,DF,Dortmund,de Bundesliga,26.0,1999.0,27,27,2430,27.0,5,1,6,5,0,0,8,0,0.22,32,9,28.1,1.19,0.33,0.16,0.56,0,0,30,35,23,26,8,0,0,30,0,,,,,,,,,,,,,,,nico schlotterbeck,3.2859,2.18280256
2344,Romano Schmid,at AUT,"MF,FW",Werder Bremen,de Bundesliga,26.0,2000.0,32,32,2823,31.4,4,8,12,1,3,4,4,0,0.29,55,21,38.2,1.75,0.67,0.02,0.05,3,4,151,27,13,31,4,0,0,18,0,,,,,,,,,,,,,,,romano schmid,7.5681,9.1089206
2345,Isaac Schmidt,ch SUI,MF,Werder Bremen,de Bundesliga,26.0,1999.0,17,5,562,6.2,1,0,1,1,0,0,2,0,0.16,4,2,50.0,0.64,0.32,0.25,0.5,0,0,8,7,8,3,2,0,0,7,0,,,,,,,,,,,,,,,isaac schmidt,0.9949,0.76819038
2346,Joël Schmied,ch SUI,DF,Köln,de Bundesliga,27.0,1998.0,14,11,963,10.7,0,0,0,0,0,0,4,0,0.0,4,0,0.0,0.37,0.0,0.0,,0,0,5,9,10,5,4,0,0,14,0,,,,,,,,,,,,,,,joel schmied,0.2177,0.19768528
2348,Jan Schöppner,de GER,MF,Heidenheim,de Bundesliga,26.0,1999.0,29,27,2072,23.0,1,3,4,1,0,0,5,0,0.17,21,5,23.8,0.91,0.22,0.05,0.2,0,0,13,11,29,15,5,0,0,20,0,,,,,,,,,,,,,,,jan schoppner,1.3301,1.22850298
2351,Alex Scott,eng ENG,MF,Bournemouth,eng Premier League,22.0,2003.0,35,32,2670,29.7,3,1,4,3,0,0,4,0,0.13,44,13,29.5,1.48,0.44,0.07,0.23,0,0,83,36,35,57,4,0,0,40,0,,,,,,,,,,,,,,,alex scott,3.7042,2.39176875
2353,Sebastian Sebulonsen,no NOR,"DF,MF",Köln,de Bundesliga,26.0,2000.0,29,26,2318,25.8,0,0,0,0,0,0,5,0,0.0,28,4,14.3,1.09,0.16,0.0,0.0,0,0,61,25,17,9,5,0,0,11,0,,,,,,,,,,,,,,,sebastian sebulonsen,1.2691,2.72611446
2354,Jenson Seelt,nl NED,DF,Wolfsburg,de Bundesliga,22.0,2003.0,9,8,681,7.6,0,0,0,0,0,0,0,0,0.0,2,0,0.0,0.26,0.0,0.0,,0,0,0,9,5,6,0,0,0,5,1,,,,,,,,,,,,,,,jenson seelt,0.2048,0.05525575
2355,Jenson Seelt,nl NED,DF,Sunderland,eng Premier League,22.0,2003.0,2,1,134,1.5,0,0,0,0,0,0,0,0,0.0,0,0,,0.0,0.0,,,0,0,1,0,0,1,0,0,0,1,0,,,,,,,,,,,,,,,jenson seelt,0.2048,0.05525575
2356,Alidu Seidu,gh GHA,DF,Rennes,fr Ligue 1,25.0,2000.0,20,13,1171,13.0,0,1,1,0,0,0,1,0,0.08,5,1,20.0,0.38,0.08,0.0,0.0,0,0,11,22,17,30,1,0,0,15,0,,,,,,,,,,,,,,,alidu seidu,0.1353,0.84781362
2358,Nicolas Seiwald,at AUT,MF,RB Leipzig,de Bundesliga,25.0,2001.0,31,30,2600,28.9,0,2,2,0,0,0,2,0,0.07,20,7,35.0,0.69,0.24,0.0,0.0,0,0,5,43,60,6,2,0,0,17,0,,,,,,,,,,,,,,,nicolas seiwald,1.7493,1.64234698
2359,Ayumu Seko,jp JPN,"MF,DF",Le Havre,fr Ligue 1,25.0,2000.0,29,28,2535,28.2,0,0,0,0,0,0,5,0,0.0,17,6,35.3,0.6,0.21,0.0,0.0,0,0,5,24,34,18,5,0,0,27,1,,,,,,,,,,,,,,,ayumu seko,1.0371,1.12993697
2361,Antoine Semenyo,gh GHA,MF,Bournemouth,eng Premier League,26.0,2000.0,20,20,1798,20.0,10,3,13,9,1,2,6,0,0.6,49,27,55.1,2.45,1.35,0.18,0.33,1,2,28,20,6,14,6,0,0,37,0,,,,,,,,,,,,,,,antoine semenyo,10.1916,2.4113195
2362,Antoine Semenyo,gh GHA,"MF,FW",Manchester City,eng Premier League,26.0,2000.0,13,13,1105,12.3,5,1,6,5,0,0,1,0,0.49,29,11,37.9,2.36,0.9,0.17,0.45,0,0,14,11,4,7,1,0,0,13,0,,,,,,,,,,,,,,,antoine semenyo,10.1916,2.4113195
2364,Marvin Senaya,gh GHA,"DF,MF",Auxerre,fr Ligue 1,25.0,2001.0,23,20,1751,19.5,1,0,1,1,0,0,5,0,0.05,15,5,33.3,0.77,0.26,0.07,0.2,0,0,40,31,34,32,5,0,0,24,0,,,,,,,,,,,,,,,marvin senaya,1.3793,0.48336153
2365,Marcos Senesi,ar ARG,DF,Bournemouth,eng Premier League,28.0,1997.0,34,34,3018,33.5,0,5,5,0,0,0,8,0,0.15,17,5,29.4,0.51,0.15,0.0,0.0,0,0,27,31,48,34,8,0,0,32,0,,,,,,,,,,,,,,,marcos senesi,1.3903,4.22077769
2366,Suat Serdar,de GER,MF,Hellas Verona,it Serie A,29.0,1997.0,20,12,1108,12.3,2,0,2,2,0,0,3,0,0.16,19,7,36.8,1.54,0.57,0.11,0.29,0,0,7,20,10,12,3,0,0,19,0,,,,,,,,,,,,,,,suat serdar,2.1485,0.82911292
2368,Benjamin Šeško,si SVN,FW,Manchester Utd,eng Premier League,22.0,2003.0,30,17,1643,18.3,11,1,12,11,0,0,2,0,0.66,61,34,55.7,3.34,1.86,0.18,0.32,0,0,2,3,3,6,2,0,0,17,0,,,,,,,,,,,,,,,benjamin sesko,7.5122,0.24984883
2369,Ryan Sessegnon,eng ENG,"DF,MF",Fulham,eng Premier League,25.0,2000.0,27,20,1823,20.3,3,1,4,3,0,0,0,0,0.2,16,4,25.0,0.79,0.2,0.19,0.75,0,0,55,29,23,3,0,0,0,33,0,,,,,,,,,,,,,,,ryan sessegnon,1.3426,1.80428292
2370,Stephan El Shaarawy,it ITA,"MF,FW",Roma,it Serie A,33.0,1992.0,18,5,602,6.7,0,2,2,0,0,0,3,0,0.3,15,6,40.0,2.24,0.9,0.0,0.0,0,0,16,7,5,6,3,0,0,9,0,,,,,,,,,,,,,,,stephan el shaarawy,1.0056,1.2233998
2371,Luke Shaw,eng ENG,DF,Manchester Utd,eng Premier League,30.0,1995.0,35,35,2958,32.9,0,1,1,0,0,0,8,0,0.03,8,2,25.0,0.24,0.06,0.0,0.0,0,0,51,42,40,17,8,0,0,42,0,,,,,,,,,,,,,,,luke shaw,0.529,1.53926441
2372,Kento Shiogai,jp JPN,MF,Wolfsburg,de Bundesliga,21.0,2005.0,10,2,298,3.3,1,0,1,1,0,0,1,0,0.3,9,6,66.7,2.72,1.81,0.11,0.17,0,0,1,4,2,2,1,0,0,7,0,,,,,,,,,,,,,,,kento shiogai,1.5158,0.15694525
2373,Kwasi Sibo,gh GHA,MF,Oviedo,es La Liga,27.0,1998.0,25,20,1604,17.8,0,0,0,0,0,0,3,0,0.0,9,2,22.2,0.5,0.11,0.0,0.0,0,0,2,20,14,4,3,0,0,29,0,,,,,,,,,,,,,,,kwasi sibo,0.3251,0.19685209
2374,Djibril Sidibé,fr FRA,"MF,DF",Toulouse,fr Ligue 1,33.0,1992.0,31,25,2132,23.7,3,4,7,2,1,2,1,0,0.25,8,5,62.5,0.34,0.21,0.25,0.4,1,2,57,32,18,14,1,0,0,29,0,,,,,,,,,,,,,,,djibril sidibe,2.8251,1.83075813
2375,Armindo Sieb,de GER,FW,Mainz 05,de Bundesliga,23.0,2003.0,21,3,538,6.0,2,0,2,2,0,0,1,0,0.33,17,6,35.3,2.84,1.0,0.12,0.33,0,0,13,4,0,2,1,0,0,16,0,,,,,,,,,,,,,,,armindo sieb,2.1048,0.59028432
2376,Jamil Siebert,de GER,DF,Lecce,it Serie A,24.0,2002.0,18,15,1431,15.9,1,0,1,1,0,0,3,0,0.06,6,2,33.3,0.38,0.13,0.17,0.5,0,0,4,13,14,7,3,0,0,19,0,,,,,,,,,,,,,,,jamil siebert,0.4105,0.17132617
2377,Francisco Sierralta,cl CHI,DF,Auxerre,fr Ligue 1,29.0,1997.0,10,9,861,9.6,1,0,1,1,0,0,2,0,0.1,7,2,28.6,0.73,0.21,0.14,0.5,0,0,0,6,9,5,2,0,0,8,0,,,,,,,,,,,,,,,francisco sierralta,1.033,0.16725997
2378,Tim Siersleben,de GER,DF,Heidenheim,de Bundesliga,26.0,2000.0,15,12,1081,12.0,0,0,0,0,0,0,2,0,0.0,5,3,60.0,0.42,0.25,0.0,0.0,0,0,13,16,21,13,2,0,0,13,0,,,,,,,,,,,,,,,tim siersleben,0.4709,0.37228389
2380,André Silva,pt POR,FW,Elche,es La Liga,30.0,1995.0,27,19,1615,17.9,10,0,10,7,3,3,2,0,0.39,48,26,54.2,2.67,1.45,0.15,0.27,3,3,2,5,4,33,2,0,0,20,0,,,,,,,,,,,,,,,andre silva,7.3591,1.02813117
2381,Bernardo Silva,pt POR,MF,Manchester City,eng Premier League,31.0,1994.0,34,30,2591,28.8,2,4,6,2,0,0,9,0,0.21,24,6,25.0,0.83,0.21,0.08,0.33,0,0,65,21,17,21,9,0,0,35,0,,,,,,,,,,,,,,,bernardo silva,1.8483,3.47607813
2383,Fábio Silva,pt POR,"FW,MF",Dortmund,de Bundesliga,23.0,2002.0,27,7,809,9.0,2,6,8,2,0,0,3,0,0.89,22,7,31.8,2.45,0.78,0.09,0.29,0,0,12,2,2,10,3,0,0,19,0,,,,,,,,,,,,,,,fabio silva,2.1558,2.46740655
2384,Jota Silva,pt POR,FW,Nottingham Forest,eng Premier League,26.0,1999.0,1,0,12,0.1,0,0,0,0,0,0,0,0,0.0,0,0,,0.0,0.0,,,0,0,1,1,0,1,0,0,0,0,0,,,,,,,,,,,,,,,jota silva,2.0278,1.31083404
2386,Abdallah Sima,sn SEN,"MF,FW",Lens,fr Ligue 1,24.0,2001.0,19,5,604,6.7,2,2,4,2,0,0,3,0,0.6,22,6,27.3,3.28,0.89,0.09,0.33,0,0,14,5,1,12,3,0,0,13,0,,,,,,,,,,,,,,,abdallah sima,0.7485,1.02029135
2387,Giovanni Simeone,ar ARG,FW,Torino,it Serie A,30.0,1995.0,30,25,2050,22.8,11,0,11,11,0,0,1,0,0.48,73,28,38.4,3.2,1.23,0.15,0.39,0,0,7,8,5,38,1,0,0,25,0,,,,,,,,,,,,,,,giovanni simeone,6.981,0.68042456
2388,Giuliano Simeone,ar ARG,MF,Atlético Madrid,es La Liga,23.0,2002.0,29,23,2009,22.3,4,6,10,4,0,0,1,0,0.45,34,13,38.2,1.52,0.58,0.12,0.31,0,0,45,23,19,40,1,0,0,20,0,,,,,,,,,,,,,,,giuliano simeone,4.8357,4.754345
2389,Moses Simon,ng NGA,"MF,FW",Paris FC,fr Ligue 1,30.0,1995.0,28,24,1935,21.5,3,3,6,3,0,0,1,0,0.28,33,10,30.3,1.53,0.47,0.09,0.3,0,0,137,10,8,18,1,0,0,15,0,,,,,,,,,,,,,,,moses simon,2.5239,3.61445354
2391,Xavi Simons,nl NED,"MF,FW",Tottenham Hotspur,eng Premier League,23.0,2003.0,28,19,1755,19.5,2,5,7,2,0,0,5,1,0.36,42,10,23.8,2.15,0.51,0.05,0.2,0,0,51,20,15,44,5,1,0,21,0,,,,,,,,,,,,,,,xavi simons,2.9595,3.83135602
2392,Xavi Simons,nl NED,MF,RB Leipzig,de Bundesliga,23.0,2003.0,1,1,90,1.0,0,0,0,0,0,0,0,0,0.0,0,0,,0.0,0.0,,,0,0,2,0,1,3,0,0,0,1,0,,,,,,,,,,,,,,,xavi simons,2.9595,3.83135602
2393,Jahmai Simpson-Pusey,eng ENG,DF,Köln,de Bundesliga,20.0,2005.0,10,9,773,8.6,0,0,0,0,0,0,2,1,0.0,5,3,60.0,0.58,0.35,0.0,0.0,0,0,2,7,12,4,2,1,0,4,0,,,,,,,,,,,,,,,jahmai simpson-pusey,0.3137,0.11757412
2394,Danel Sinani,lu LUX,"MF,FW",St Pauli,de Bundesliga,29.0,1997.0,29,23,2067,23.0,5,3,8,2,3,3,4,0,0.22,49,18,36.7,2.13,0.78,0.04,0.11,3,3,135,16,5,27,4,0,0,39,0,,,,,,,,,,,,,,,danel sinani,4.7556,4.15971103
2395,Dan Sinaté,fr FRA,DF,Angers,fr Ligue 1,19.0,2006.0,3,0,33,0.4,0,0,0,0,0,0,0,0,0.0,1,0,0.0,2.73,0.0,0.0,,0,0,1,0,0,0,0,0,0,0,0,,,,,,,,,,,,,,,dan sinate,0.1218,0.00878273
2396,Lassine Sinayoko,ml MLI,"FW,MF",Auxerre,fr Ligue 1,26.0,1999.0,30,30,2590,28.8,9,4,13,6,3,4,8,0,0.35,86,35,40.7,2.99,1.22,0.07,0.17,3,4,26,25,22,51,8,0,0,29,0,,,,,,,,,,,,,,,lassine sinayoko,10.6003,2.7536015
2397,Ibrahima Sissoko,ml MLI,"MF,DF",Nantes,fr Ligue 1,28.0,1997.0,13,9,803,8.9,0,0,0,0,0,0,4,0,0.0,6,0,0.0,0.67,0.0,0.0,,0,0,6,7,16,8,4,0,0,25,0,,,,,,,,,,,,,,,ibrahima sissoko,0.0744,0.18759619
2399,Telli Siwe,fr FRA,DF,Auxerre,fr Ligue 1,21.0,2004.0,3,3,225,2.5,0,0,0,0,0,0,0,0,0.0,1,0,0.0,0.4,0.0,0.0,,0,0,0,3,4,0,0,0,0,2,0,,,,,,,,,,,,,,,telli siwe,0.0205,0.01817427
2400,Tim Skarke,de GER,"MF,FW",Union Berlin,de Bundesliga,29.0,1996.0,20,4,600,6.7,1,0,1,1,0,0,0,0,0.15,13,5,38.5,1.95,0.75,0.08,0.2,0,0,13,4,1,9,0,0,0,8,0,,,,,,,,,,,,,,,tim skarke,0.8556,0.65956414
2401,Ellyes Skhiri,tn TUN,"MF,DF",Eintracht Frankfurt,de Bundesliga,30.0,1995.0,24,15,1354,15.0,0,0,0,0,0,0,3,1,0.0,7,0,0.0,0.47,0.0,0.0,,0,0,2,7,24,13,3,1,1,10,0,,,,,,,,,,,,,,,ellyes skhiri,0.5393,0.4729851
2406,Robert Skov,dk DEN,"DF,MF",Union Berlin,de Bundesliga,29.0,1996.0,3,3,220,2.4,0,0,0,0,0,0,0,0,0.0,1,0,0.0,0.41,0.0,0.0,,0,0,12,5,2,3,0,0,0,5,0,,,,,,,,,,,,,,,robert skov,0.0197,0.1074563
2407,Tobias Slotsager,dk DEN,DF,Hellas Verona,it Serie A,20.0,2006.0,8,4,446,5.0,0,0,0,0,0,0,0,0,0.0,3,1,33.3,0.61,0.2,0.0,0.0,0,0,2,7,3,5,0,0,0,3,0,,,,,,,,,,,,,,,tobias slotsager,0.1357,0.08830127
2409,Eric Smith,se SWE,"DF,MF",St Pauli,de Bundesliga,29.0,1997.0,26,25,2223,24.7,2,2,4,2,0,0,4,1,0.16,11,5,45.5,0.45,0.2,0.18,0.4,0,0,59,22,21,29,4,1,0,15,0,,,,,,,,,,,,,,,eric smith,0.5098,1.02540791
2410,Emile Smith Rowe,eng ENG,MF,Fulham,eng Premier League,25.0,2000.0,34,19,1729,19.2,3,0,3,3,0,0,1,0,0.16,33,9,27.3,1.72,0.47,0.09,0.33,0,0,11,17,22,12,1,0,0,8,0,,,,,,,,,,,,,,,emile smith rowe,4.4845,1.04117333
2411,Ivan Smolčić,hr CRO,DF,Como,it Serie A,25.0,2000.0,25,18,1507,16.7,0,1,1,0,0,0,8,0,0.06,12,4,33.3,0.72,0.24,0.0,0.0,0,0,28,24,22,17,8,0,0,25,0,,,,,,,,,,,,,,,ivan smolcic,0.7787,0.49371365
2412,Simon Sohm,ch SUI,MF,Bologna,it Serie A,25.0,2001.0,11,9,707,7.9,0,0,0,0,0,0,1,0,0.0,4,1,25.0,0.51,0.13,0.0,0.0,0,0,2,5,3,3,1,0,0,9,0,,,,,,,,,,,,,,,simon sohm,0.6769,1.50642461
2413,Simon Sohm,ch SUI,MF,Fiorentina,it Serie A,25.0,2001.0,16,9,708,7.9,0,1,1,0,0,0,2,0,0.13,5,0,0.0,0.64,0.0,0.0,,0,0,5,7,6,11,2,0,0,15,0,,,,,,,,,,,,,,,simon sohm,0.6769,1.50642461
2414,Alex Sola,es ESP,"DF,FW",Getafe,es La Liga,26.0,1999.0,1,0,13,0.1,0,0,0,0,0,0,0,0,0.0,0,0,,0.0,0.0,,,0,0,0,0,0,2,0,0,0,0,0,,,,,,,,,,,,,,,alex sola,0.1713,0.04715074
2415,Dominic Solanke,eng ENG,FW,Tottenham Hotspur,eng Premier League,28.0,1997.0,15,11,1001,11.1,3,0,3,3,0,0,1,0,0.27,20,11,55.0,1.8,0.99,0.15,0.27,0,0,2,16,3,9,1,0,0,12,0,,,,,,,,,,,,,,,dominic solanke,2.4299,0.26086106
2416,Carlos Soler,es ESP,MF,Real Sociedad,es La Liga,29.0,1997.0,29,23,2051,22.8,4,3,7,4,0,0,3,1,0.31,34,19,55.9,1.49,0.83,0.12,0.21,0,0,68,19,15,18,3,1,0,26,0,,,,,,,,,,,,,,,carlos soler,2.0891,2.86110087
2418,Oumar Solet,fr FRA,DF,Udinese,it Serie A,26.0,2000.0,32,31,2689,29.9,3,1,4,2,1,1,1,0,0.1,29,5,17.2,0.97,0.17,0.07,0.4,1,1,15,52,41,28,1,0,0,27,1,,,,,,,,,,,,,,,oumar solet,2.4547,2.23173638
2420,Manor Solomon,il ISR,MF,Villarreal,es La Liga,26.0,1999.0,6,1,150,1.7,1,1,2,1,0,0,0,0,1.2,2,1,50.0,1.2,0.6,0.5,1.0,0,0,10,1,0,2,0,0,0,0,0,,,,,,,,,,,,,,,manor solomon,0.4471,0.96489111
2421,Manor Solomon,il ISR,"FW,MF",Fiorentina,it Serie A,26.0,1999.0,13,7,695,7.7,2,0,2,2,0,0,1,0,0.26,7,3,42.9,0.91,0.39,0.29,0.67,0,0,36,8,0,13,1,0,0,2,0,,,,,,,,,,,,,,,manor solomon,0.4471,0.96489111
2428,Hugo Sotelo,es ESP,MF,Celta Vigo,es La Liga,22.0,2003.0,19,15,1263,14.0,0,2,2,0,0,0,3,0,0.14,2,1,50.0,0.14,0.07,0.0,0.0,0,0,43,16,12,13,3,0,0,26,0,,,,,,,,,,,,,,,hugo sotelo,0.0914,2.11090896
2429,Florian Sotoca,fr FRA,MF,Lens,fr Ligue 1,35.0,1990.0,24,3,411,4.6,0,0,0,0,0,0,1,0,0.0,12,0,0.0,2.63,0.0,0.0,,0,0,11,4,7,8,1,0,0,9,0,,,,,,,,,,,,,,,florian sotoca,0.6001,0.56159875
2430,Riccardo Sottil,it ITA,"FW,MF",Lecce,it Serie A,26.0,1999.0,21,13,1066,11.8,1,2,3,1,0,0,1,0,0.25,20,3,15.0,1.69,0.25,0.05,0.33,0,0,100,2,2,27,1,0,0,10,0,,,,,,,,,,,,,,,riccardo sottil,0.6665,2.72226621
2431,Tomáš Souček,cz CZE,MF,West Ham United,eng Premier League,31.0,1995.0,32,21,1958,21.8,5,0,5,5,0,0,2,1,0.23,23,12,52.2,1.06,0.55,0.22,0.42,0,0,12,21,16,18,2,1,0,34,0,,,,,,,,,,,,,,,tomas soucek,4.4179,0.40703061
2432,Matìas Soulé,ar ARG,"MF,FW",Roma,it Serie A,23.0,2003.0,30,26,2003,22.3,6,5,11,6,0,0,1,0,0.49,46,15,32.6,2.07,0.67,0.13,0.4,0,0,70,14,9,38,1,0,0,6,0,,,,,,,,,,,,,,,matias soule,3.3868,3.48440525
2434,Sambou Soumano,sn SEN,FW,Lorient,fr Ligue 1,25.0,2001.0,30,8,931,10.3,4,2,6,4,0,1,2,0,0.58,28,10,35.7,2.71,0.97,0.14,0.4,0,1,0,4,4,18,2,0,0,16,0,,,,,,,,,,,,,,,sambou soumano,5.367,0.78512063
2435,Issa Soumaré,sn SEN,"FW,MF",Le Havre,fr Ligue 1,25.0,2000.0,32,31,2768,30.8,7,5,12,6,1,3,3,0,0.36,73,25,34.2,2.37,0.81,0.08,0.24,1,3,58,18,12,67,3,0,0,52,0,,,,,,,,,,,,,,,issa soumare,12.9371,3.03247785
2436,Souza,br BRA,MF,Tottenham Hotspur,eng Premier League,19.0,2006.0,4,2,144,1.6,0,0,0,0,0,0,1,0,0.0,1,1,100.0,0.62,0.62,0.0,0.0,0,0,3,0,2,2,1,0,0,3,0,,,,,,,,,,,,,,,souza,0.0164,0.03736284
2437,Vinicius Souza,br BRA,MF,Wolfsburg,de Bundesliga,26.0,1999.0,22,20,1601,17.8,0,0,0,0,0,0,4,0,0.0,6,1,16.7,0.34,0.06,0.0,0.0,0,0,3,29,22,22,4,0,0,38,0,,,,,,,,,,,,,,,vinicius souza,0.0693,0.4828119
2438,Djibril Sow,ch SUI,MF,Sevilla,es La Liga,29.0,1997.0,29,24,1889,21.0,5,2,7,5,0,0,5,0,0.33,17,8,47.1,0.81,0.38,0.29,0.63,0,0,22,21,19,25,5,0,0,35,0,,,,,,,,,,,,,,,djibril sow,1.7045,1.22305638
2439,Djed Spence,eng ENG,"DF,MF",Tottenham Hotspur,eng Premier League,25.0,2000.0,27,22,1937,21.5,0,0,0,0,0,0,4,0,0.0,12,7,58.3,0.56,0.33,0.0,0.0,0,0,45,24,15,18,4,0,0,25,0,,,,,,,,,,,,,,,djed spence,0.8645,1.74799191
2440,Leonardo Spinazzola,it ITA,"MF,DF",Napoli,it Serie A,33.0,1993.0,30,21,1816,20.2,3,3,6,3,0,0,2,0,0.3,21,7,33.3,1.04,0.35,0.14,0.43,0,0,70,9,4,9,2,0,0,9,0,,,,,,,,,,,,,,,leonardo spinazzola,1.1165,3.18382453
2441,Anton Stach,de GER,MF,Leeds United,eng Premier League,27.0,1998.0,27,26,2207,24.5,5,3,8,5,0,0,3,0,0.33,53,14,26.4,2.16,0.57,0.09,0.36,0,0,140,33,19,22,3,0,0,32,0,,,,,,,,,,,,,,,anton stach,2.5477,4.32518977
2442,Jens Stage,dk DEN,MF,Werder Bremen,de Bundesliga,29.0,1996.0,27,27,2300,25.6,10,2,12,10,0,0,5,0,0.47,54,21,38.9,2.11,0.82,0.19,0.48,0,0,14,29,18,29,5,0,0,33,0,,,,,,,,,,,,,,,jens stage,5.364,2.8184212
2443,Benjamin Stambouli,fr FRA,MF,Metz,fr Ligue 1,35.0,1990.0,17,9,870,9.7,0,0,0,0,0,0,0,0,0.0,6,1,16.7,0.62,0.1,0.0,0.0,0,0,7,15,9,9,0,0,0,14,0,,,,,,,,,,,,,,,benjamin stambouli,0.2121,0.73834834
2445,Otto Stange,de GER,DF,Hamburger SV,de Bundesliga,19.0,2007.0,8,0,153,1.7,0,0,0,0,0,0,0,0,0.0,6,1,16.7,3.53,0.59,0.0,0.0,0,0,2,2,0,4,0,0,0,1,0,,,,,,,,,,,,,,,otto stange,0.3962,0.00413586
2446,Josip Stanišić,hr CRO,DF,Bayern Munich,de Bundesliga,26.0,2000.0,24,18,1722,19.1,2,3,5,2,0,0,1,0,0.26,7,4,57.1,0.37,0.21,0.29,0.5,0,0,32,20,17,11,1,0,0,7,0,,,,,,,,,,,,,,,josip stanisic,1.3638,4.4874356
2447,Carl Starfelt,se SWE,DF,Celta Vigo,es La Liga,30.0,1995.0,19,17,1491,16.6,0,0,0,0,0,0,3,1,0.0,4,1,25.0,0.24,0.06,0.0,0.0,0,0,0,16,16,8,3,1,1,19,1,,,,,,,,,,,,,,,carl starfelt,0.5515,0.11377528
2448,Niklas Stark,de GER,DF,Werder Bremen,de Bundesliga,31.0,1995.0,14,9,697,7.7,0,0,0,0,0,0,8,2,0.0,3,1,33.3,0.39,0.13,0.0,0.0,0,0,1,12,13,7,8,2,2,11,0,,,,,,,,,,,,,,,niklas stark,0.4063,0.24486911
2449,Orri Steinn Óskarsson,is ISL,FW,Real Sociedad,es La Liga,21.0,2004.0,17,5,591,6.6,6,0,6,6,0,0,4,0,0.91,15,11,73.3,2.28,1.68,0.4,0.55,0,0,3,4,1,4,4,0,0,13,0,,,,,,,,,,,,,,,orri steinn oskarsson,2.6893,0.15646904
2450,Calvin Stengs,nl NED,"FW,MF",Pisa,it Serie A,27.0,1998.0,4,0,46,0.5,0,0,0,0,0,0,0,0,0.0,2,1,50.0,3.91,1.96,0.0,0.0,0,0,3,0,0,2,0,0,0,0,0,,,,,,,,,,,,,,,calvin stengs,0.0779,0.0364929
2451,Pascal Stenzel,de GER,MF,Stuttgart,de Bundesliga,30.0,1996.0,2,2,106,1.2,0,0,0,0,0,0,2,0,0.0,3,1,33.3,2.55,0.85,0.0,0.0,0,0,5,0,2,2,2,0,0,2,0,,,,,,,,,,,,,,,pascal stenzel,0.3101,0.0350152
2452,Leonidas Stergiou,ch SUI,DF,Heidenheim,de Bundesliga,24.0,2002.0,4,1,191,2.1,0,0,0,0,0,0,0,0,0.0,1,0,0.0,0.47,0.0,0.0,,0,0,1,2,1,1,0,0,0,2,0,,,,,,,,,,,,,,,leonidas stergiou,0.0929,0.01412342
2453,Leonidas Stergiou,ch SUI,DF,Stuttgart,de Bundesliga,24.0,2002.0,1,0,1,0.0,0,0,0,0,0,0,0,0,0.0,0,0,,0.0,0.0,,,0,0,0,0,0,0,0,0,0,0,0,,,,,,,,,,,,,,,leonidas stergiou,0.0929,0.01412342
2454,Angelo Stiller,de GER,MF,Stuttgart,de Bundesliga,25.0,2001.0,32,28,2563,28.5,2,5,7,2,0,1,1,0,0.25,16,7,43.8,0.56,0.25,0.13,0.29,0,1,102,17,25,40,1,0,0,14,0,,,,,,,,,,,,,,,angelo stiller,2.7721,6.7189408
2455,Kevin Stöger,at AUT,MF,Gladbach,de Bundesliga,32.0,1993.0,27,13,1201,13.3,1,1,2,1,0,1,3,0,0.15,20,7,35.0,1.5,0.52,0.05,0.14,0,1,57,19,13,24,3,0,0,22,0,,,,,,,,,,,,,,,kevin stoger,2.1065,2.49915611
2456,Filip Stojilković,ch SUI,"FW,MF",Pisa,it Serie A,26.0,2000.0,10,5,474,5.3,0,0,0,0,0,0,0,0,0.0,8,3,37.5,1.52,0.57,0.0,0.0,0,0,2,1,0,0,0,0,0,6,0,,,,,,,,,,,,,,,filip stojilkovic,0.6353,0.44557444
2458,Jørgen Strand Larsen,no NOR,FW,Crystal Palace,eng Premier League,26.0,2000.0,10,9,672,7.5,3,0,3,3,0,0,2,0,0.4,17,6,35.3,2.28,0.8,0.18,0.5,0,0,0,0,1,7,2,0,0,17,0,,,,,,,,,,,,,,,jrgen strand larsen,4.1776,0.68989093
2459,Jørgen Strand Larsen,no NOR,FW,Wolves,eng Premier League,26.0,2000.0,22,14,1404,15.6,1,1,2,0,1,2,2,0,0.06,21,7,33.3,1.35,0.45,0.0,0.0,1,2,3,2,3,11,2,0,0,30,0,,,,,,,,,,,,,,,jrgen strand larsen,4.1776,0.68989093
2460,Gabriel Strefezza,br BRA,FW,Parma,it Serie A,29.0,1997.0,12,11,897,10.0,1,2,3,1,0,0,2,0,0.3,19,5,26.3,1.91,0.5,0.05,0.2,0,0,40,12,5,25,2,0,0,20,0,,,,,,,,,,,,,,,gabriel strefezza,0.5678,0.9249534
2461,Pascal Struijk,nl NED,DF,Leeds United,eng Premier League,26.0,1999.0,32,31,2791,31.0,0,1,1,0,0,0,5,0,0.03,30,5,16.7,0.97,0.16,0.0,0.0,0,0,2,22,29,21,5,0,0,24,0,,,,,,,,,,,,,,,pascal struijk,2.9308,0.75040421
2462,Cristhian Stuani,uy URU,FW,Girona,es La Liga,39.0,1986.0,17,1,293,3.3,3,0,3,0,3,4,3,0,0.0,12,8,66.7,3.69,2.46,0.0,0.0,3,4,0,4,1,8,3,0,0,8,0,,,,,,,,,,,,,,,cristhian stuani,3.7092,0.0137498
2463,Nikola Štulić,rs SRB,FW,Lecce,it Serie A,24.0,2001.0,32,20,1692,18.8,3,0,3,2,1,1,1,0,0.11,32,8,25.0,1.7,0.43,0.06,0.25,1,1,1,7,2,26,1,0,0,37,0,,,,,,,,,,,,,,,nikola stulic,3.6649,1.29269436
2464,Denis Suárez,es ESP,MF,Alavés,es La Liga,32.0,1994.0,26,13,1213,13.5,1,2,3,1,0,0,6,0,0.22,7,3,42.9,0.52,0.22,0.14,0.33,0,0,27,10,7,21,6,0,0,18,0,,,,,,,,,,,,,,,denis suarez,0.8313,1.33741316
2465,Gabriel Suazo,cl CHI,"DF,MF",Sevilla,es La Liga,28.0,1997.0,25,21,1763,19.6,0,2,2,0,0,0,7,0,0.1,5,2,40.0,0.26,0.1,0.0,0.0,0,0,90,60,21,13,7,0,0,27,0,,,,,,,,,,,,,,,gabriel suazo,0.4185,2.86222063
2466,Luka Sučić,hr CRO,"MF,FW",Real Sociedad,es La Liga,23.0,2002.0,18,8,771,8.6,3,1,4,3,0,0,1,0,0.47,19,6,31.6,2.22,0.7,0.16,0.5,0,0,5,5,3,5,1,0,0,8,0,,,,,,,,,,,,,,,luka sucic,1.4545,0.38608199
2467,Petar Sucic,hr CRO,MF,Inter,it Serie A,22.0,2003.0,31,18,1523,16.9,1,2,3,1,0,0,5,0,0.18,19,4,21.1,1.12,0.24,0.05,0.25,0,0,27,17,7,22,5,0,0,27,0,,,,,,,,,,,,,,,petar sucic,1.3949,1.99454761
2468,Yukinari Sugawara,jp JPN,"DF,MF",Werder Bremen,de Bundesliga,25.0,2000.0,30,28,2424,26.9,0,6,6,0,0,0,2,0,0.22,30,11,36.7,1.11,0.41,0.0,0.0,0,0,74,22,15,11,2,0,0,21,0,,,,,,,,,,,,,,,yukinari sugawara,1.8197,2.8723065
2469,Pavel Šulc,cz CZE,"FW,MF",Lyon,fr Ligue 1,25.0,2000.0,25,16,1452,16.1,11,3,14,11,0,0,2,0,0.87,42,17,40.5,2.6,1.05,0.26,0.65,0,0,13,13,6,14,2,0,0,28,0,,,,,,,,,,,,,,,pavel sulc,8.1149,1.66026509
2470,Niklas Süle,de GER,DF,Dortmund,de Bundesliga,30.0,1995.0,11,7,486,5.4,0,1,1,0,0,0,3,0,0.19,2,1,50.0,0.37,0.19,0.0,0.0,0,0,6,5,6,1,3,0,0,8,0,,,,,,,,,,,,,,,niklas sule,0.0337,0.2035221
2473,Kamaldeen Sulemana,gh GHA,MF,Atalanta,it Serie A,24.0,2002.0,23,8,904,10.0,2,1,3,2,0,0,3,0,0.3,21,9,42.9,2.09,0.9,0.1,0.22,0,0,19,5,2,14,3,0,0,11,0,,,,,,,,,,,,,,,kamaldeen sulemana,2.0629,1.77278569
2474,Crysencio Summerville,nl NED,"MF,FW",West Ham United,eng Premier League,24.0,2001.0,28,26,2200,24.4,5,1,6,5,0,0,5,0,0.25,51,15,29.4,2.09,0.61,0.1,0.33,0,0,52,22,14,59,5,0,0,47,0,,,,,,,,,,,,,,,crysencio summerville,4.6821,2.02271853
2475,Tomáš Suslov,sk SVK,FW,Hellas Verona,it Serie A,23.0,2002.0,8,2,239,2.7,0,0,0,0,0,0,1,1,0.0,9,2,22.2,3.39,0.75,0.0,0.0,0,0,8,4,1,5,1,1,0,5,0,,,,,,,,,,,,,,,tomas suslov,0.1204,0.01939385
2476,Yuito Suzuki,jp JPN,MF,Freiburg,de Bundesliga,24.0,2001.0,25,18,1632,18.1,4,2,6,4,0,0,3,0,0.33,38,14,36.8,2.1,0.77,0.11,0.29,0,0,21,12,10,10,3,0,0,20,0,,,,,,,,,,,,,,,yuito suzuki,3.8056,2.51563987
2478,Mattias Svanberg,se SWE,MF,Wolfsburg,de Bundesliga,27.0,1999.0,22,7,771,8.6,3,1,4,3,0,0,6,1,0.47,17,7,41.2,1.98,0.82,0.18,0.43,0,0,8,7,9,18,6,1,1,18,0,,,,,,,,,,,,,,,mattias svanberg,2.0226,0.63731685
2479,Daniel Svensson,se SWE,MF,Dortmund,de Bundesliga,24.0,2002.0,32,26,2364,26.3,2,2,4,2,0,0,0,0,0.15,12,4,33.3,0.46,0.15,0.17,0.5,0,0,127,25,20,21,0,0,0,27,0,,,,,,,,,,,,,,,daniel svensson,1.7902,5.15384961
2481,Williot Swedberg,se SWE,"FW,MF",Celta Vigo,es La Liga,22.0,2004.0,25,10,1032,11.5,4,4,8,4,0,0,2,0,0.7,20,11,55.0,1.74,0.96,0.2,0.36,0,0,7,14,3,31,2,0,0,25,0,,,,,,,,,,,,,,,williot swedberg,3.459,1.03784836
2482,Lamine Sy,mr MTN,DF,Auxerre,fr Ligue 1,23.0,2002.0,22,15,1376,15.3,0,0,0,0,0,0,1,0,0.0,12,2,16.7,0.78,0.13,0.0,0.0,0,0,41,28,17,13,1,0,0,19,0,,,,,,,,,,,,,,,lamine sy,0.9174,0.75831103
2483,Abakar Sylla,ci CIV,DF,Strasbourg,fr Ligue 1,23.0,2002.0,1,0,2,0.0,0,0,0,0,0,0,0,0,0.0,0,0,,0.0,0.0,,,0,0,0,0,0,0,0,0,0,0,0,,,,,,,,,,,,,,,abakar sylla,0.2769,0.00921386
2484,Abakar Sylla,ci CIV,DF,Nantes,fr Ligue 1,23.0,2002.0,2,1,65,0.7,0,0,0,0,0,0,0,0,0.0,2,0,0.0,2.77,0.0,0.0,,0,0,0,0,0,0,0,0,0,2,0,,,,,,,,,,,,,,,abakar sylla,0.2769,0.00921386
2487,Dominik Szoboszlai,hu HUN,"MF,DF",Liverpool,eng Premier League,25.0,2000.0,33,33,2961,32.9,6,5,11,6,0,1,8,1,0.33,65,20,30.8,1.98,0.61,0.09,0.3,0,1,179,32,27,29,8,1,0,36,0,,,,,,,,,,,,,,,dominik szoboszlai,3.9879,5.4296582
2488,Sebastian Szymański,pl POL,MF,Rennes,fr Ligue 1,26.0,1999.0,14,8,665,7.4,1,3,4,1,0,0,2,0,0.54,11,4,36.4,1.49,0.54,0.09,0.25,0,0,43,9,2,8,2,0,0,13,0,,,,,,,,,,,,,,,sebastian szymanski,0.5975,1.24461783
2492,Haris Tabakovic,ba BIH,FW,Gladbach,de Bundesliga,31.0,1994.0,31,27,2309,25.7,12,3,15,12,0,2,4,0,0.58,65,25,38.5,2.53,0.97,0.18,0.48,0,2,2,6,0,20,4,0,0,45,0,,,,,,,,,,,,,,,haris tabakovic,11.2865,0.82408348
2493,Nicolás Tagliafico,ar ARG,DF,Lyon,fr Ligue 1,33.0,1992.0,20,14,1310,14.6,0,3,3,0,0,0,5,2,0.21,15,1,6.7,1.03,0.07,0.0,0.0,0,0,20,14,17,33,5,2,1,36,0,,,,,,,,,,,,,,,nicolas tagliafico,1.514,1.05179244
2494,Jonathan Tah,de GER,DF,Bayern Munich,de Bundesliga,30.0,1996.0,26,22,1921,21.3,2,1,3,2,0,0,7,0,0.14,8,5,62.5,0.37,0.23,0.25,0.4,0,0,1,17,25,6,7,0,0,26,0,,,,,,,,,,,,,,,jonathan tah,0.7083,1.6579636
2495,Kōta Takai,jp JPN,DF,Gladbach,de Bundesliga,21.0,2004.0,8,3,342,3.8,0,0,0,0,0,0,1,0,0.0,3,2,66.7,0.79,0.53,0.0,0.0,0,0,0,4,4,3,1,0,0,3,0,,,,,,,,,,,,,,,kota takai,0.1637,0.09222513
2496,Chemsdine Talbi,ma MAR,"MF,FW",Sunderland,eng Premier League,21.0,2005.0,26,15,1452,16.1,4,1,5,4,0,0,0,0,0.31,24,10,41.7,1.49,0.62,0.17,0.4,0,0,47,6,3,1,0,0,0,5,0,,,,,,,,,,,,,,,chemsdine talbi,1.9986,0.98057385
2497,Montassar Talbi,tn TUN,DF,Lorient,fr Ligue 1,27.0,1998.0,27,27,2430,27.0,0,1,1,0,0,0,3,0,0.04,13,2,15.4,0.48,0.07,0.0,0.0,0,0,5,18,27,13,3,0,0,7,0,,,,,,,,,,,,,,,montassar talbi,0.5447,0.45929803
2498,Adrien Tameze,cm CMR,DF,Torino,it Serie A,32.0,1994.0,24,12,1120,12.4,0,0,0,0,0,0,3,0,0.0,5,0,0.0,0.4,0.0,0.0,,0,0,14,12,19,7,3,0,0,16,0,,,,,,,,,,,,,,,adrien tameze,0.2584,0.28145573
2499,Ao Tanaka,jp JPN,MF,Leeds United,eng Premier League,27.0,1998.0,25,11,1090,12.1,2,0,2,2,0,0,1,0,0.17,16,5,31.3,1.32,0.41,0.13,0.4,0,0,32,11,17,9,1,0,0,13,0,,,,,,,,,,,,,,,ao tanaka,1.4625,1.35677238
2500,Axel Tapé,fr FRA,"MF,DF",Leverkusen,de Bundesliga,18.0,2007.0,6,2,222,2.5,0,0,0,0,0,0,1,0,0.0,3,1,33.3,1.22,0.41,0.0,0.0,0,0,0,1,1,7,1,0,0,7,0,,,,,,,,,,,,,,,axel tape,0.2243,0.02539143
2501,Edmond Tapsoba,bf BFA,DF,Leverkusen,de Bundesliga,27.0,1999.0,27,27,2395,26.6,5,3,8,5,0,0,7,0,0.3,28,10,35.7,1.05,0.38,0.18,0.5,0,0,11,14,20,1,7,0,0,27,0,,,,,,,,,,,,,,,edmond tapsoba,2.2745,1.18803654
2502,James Tarkowski,eng ENG,DF,Everton,eng Premier League,33.0,1992.0,34,34,3060,34.0,1,2,3,1,0,0,7,0,0.09,16,8,50.0,0.47,0.24,0.06,0.13,0,0,7,27,26,34,7,0,0,27,0,,,,,,,,,,,,,,,james tarkowski,2.429,1.28253294
2504,César Tárrega,es ESP,DF,Valencia,es La Liga,24.0,2002.0,28,25,2238,24.9,0,0,0,0,0,0,6,0,0.0,9,1,11.1,0.36,0.04,0.0,0.0,0,0,0,21,21,10,6,0,0,36,1,,,,,,,,,,,,,,,cesar tarrega,0.3081,0.10563775
2505,Tylel Tati,fr FRA,DF,Nantes,fr Ligue 1,18.0,2008.0,20,20,1721,19.1,0,0,0,0,0,0,5,1,0.0,3,0,0.0,0.16,0.0,0.0,,0,0,1,13,14,15,5,1,0,25,0,,,,,,,,,,,,,,,tylel tati,0.2698,0.17045031
2506,Nuno Tavares,pt POR,DF,Lazio,it Serie A,26.0,2000.0,22,16,1383,15.4,0,0,0,0,0,0,4,0,0.0,15,1,6.7,0.98,0.07,0.0,0.0,0,0,94,20,17,22,4,0,0,18,0,,,,,,,,,,,,,,,nuno tavares,0.617,1.79759537
2507,Marcus Tavernier,eng ENG,MF,Bournemouth,eng Premier League,27.0,1999.0,31,28,2474,27.5,6,4,10,4,2,2,5,0,0.29,64,21,32.8,2.33,0.76,0.06,0.19,2,2,100,19,14,33,5,0,0,30,0,,,,,,,,,,,,,,,marcus tavernier,8.374,3.74592292
2508,Kenneth Taylor,nl NED,MF,Lazio,it Serie A,23.0,2002.0,16,16,1333,14.8,3,2,5,3,0,0,4,0,0.34,16,6,37.5,1.08,0.41,0.19,0.5,0,0,9,11,9,12,4,0,0,15,0,,,,,,,,,,,,,,,kenneth taylor,2.037,0.85402036
2509,Loum Tchaouna,fr FRA,"MF,FW",Burnley,eng Premier League,22.0,2003.0,26,11,1027,11.4,2,0,2,2,0,0,2,0,0.18,18,8,44.4,1.58,0.7,0.11,0.25,0,0,22,7,2,13,2,0,0,8,0,,,,,,,,,,,,,,,loum tchaouna,0.9393,0.69529258
2510,Jackson Tchatchoua,cm CMR,"MF,DF",Wolves,eng Premier League,24.0,2001.0,31,19,1845,20.5,0,1,1,0,0,0,3,0,0.05,3,1,33.3,0.15,0.05,0.0,0.0,0,0,90,15,14,9,3,0,0,8,0,,,,,,,,,,,,,,,jackson tchatchoua,0.3312,1.67926419
2511,Aurélien Tchouaméni,fr FRA,MF,Real Madrid,es La Liga,26.0,2000.0,30,28,2393,26.6,1,0,1,1,0,0,8,0,0.04,39,7,17.9,1.47,0.26,0.03,0.14,0,0,8,39,39,24,8,0,0,27,0,,,,,,,,,,,,,,,aurelien tchouameni,2.1947,2.80484438
2512,Mathys Tel,fr FRA,"MF,FW",Tottenham Hotspur,eng Premier League,21.0,2005.0,28,10,1103,12.3,3,1,4,3,0,0,1,0,0.33,29,7,24.1,2.37,0.57,0.1,0.43,0,0,75,11,3,19,1,0,0,15,0,,,,,,,,,,,,,,,mathys tel,2.0027,1.43074254
2513,Nathan Tella,ng NGA,MF,Leverkusen,de Bundesliga,26.0,1999.0,17,10,868,9.6,1,4,5,1,0,0,2,0,0.52,24,8,33.3,2.49,0.83,0.04,0.13,0,0,31,6,4,19,2,0,0,15,0,,,,,,,,,,,,,,,nathan tella,2.0076,1.61515618
2514,Nahuel Tenaglia,ar ARG,DF,Alavés,es La Liga,30.0,1996.0,32,32,2879,32.0,2,0,2,2,0,0,2,0,0.06,19,6,31.6,0.59,0.19,0.11,0.33,0,0,17,39,40,35,2,0,0,25,0,,,,,,,,,,,,,,,nahuel tenaglia,0.9519,0.39094313
2517,Filippo Terracciano,it ITA,DF,Cremonese,it Serie A,23.0,2003.0,33,30,2749,30.5,2,0,2,2,0,0,6,0,0.07,14,4,28.6,0.46,0.13,0.14,0.5,0,0,26,22,53,25,6,0,0,16,2,,,,,,,,,,,,,,,filippo terracciano,1.8626,0.67685966
2519,Ramón Terrats,es ESP,MF,Espanyol,es La Liga,25.0,2000.0,26,10,904,10.0,1,1,2,1,0,0,0,0,0.2,14,3,21.4,1.39,0.3,0.07,0.33,0,0,28,13,10,17,0,0,0,13,0,,,,,,,,,,,,,,,ramon terrats,0.957,0.97857112
2520,Martin Terrier,fr FRA,"MF,FW",Leverkusen,de Bundesliga,29.0,1997.0,18,7,675,7.5,4,1,5,4,0,0,1,0,0.67,17,6,35.3,2.27,0.8,0.24,0.67,0,0,5,4,1,13,1,0,0,1,0,,,,,,,,,,,,,,,martin terrier,2.5543,0.9859637
2521,Tanner Tessmann,us USA,MF,Lyon,fr Ligue 1,24.0,2001.0,29,22,1953,21.7,1,0,1,1,0,0,2,0,0.05,26,8,30.8,1.2,0.37,0.04,0.13,0,0,17,21,13,19,2,0,0,21,0,,,,,,,,,,,,,,,tanner tessmann,2.2623,1.246272
2522,Kenny Tete,nl NED,DF,Fulham,eng Premier League,30.0,1995.0,22,21,1791,19.9,1,0,1,1,0,0,2,0,0.05,16,3,18.8,0.8,0.15,0.06,0.33,0,0,34,38,26,31,2,0,0,27,0,,,,,,,,,,,,,,,kenny tete,0.9581,1.42077464
2523,Jordan Teze,nl NED,"MF,DF",Monaco,fr Ligue 1,26.0,1999.0,31,26,2344,26.0,1,2,3,1,0,0,8,0,0.12,13,4,30.8,0.5,0.15,0.08,0.25,0,0,62,44,28,24,8,0,0,30,0,,,,,,,,,,,,,,,jordan teze,0.4842,4.91309683
2524,Florian Thauvin,fr FRA,MF,Lens,fr Ligue 1,33.0,1993.0,31,28,2352,26.1,10,5,15,8,2,3,6,0,0.5,71,26,36.6,2.72,0.99,0.11,0.31,2,3,193,17,11,34,6,0,0,18,0,,,,,,,,,,,,,,,florian thauvin,10.4773,8.55029644
2525,Arthur Theate,be BEL,DF,Eintracht Frankfurt,de Bundesliga,25.0,2000.0,24,24,2141,23.8,1,0,1,1,0,0,8,0,0.04,15,7,46.7,0.63,0.29,0.07,0.14,0,0,13,21,34,13,8,0,0,15,0,,,,,,,,,,,,,,,arthur theate,1.0955,1.26503346
2526,Igor Thiago,br BRA,FW,Brentford,eng Premier League,24.0,2001.0,35,34,3012,33.5,22,1,23,14,8,9,7,0,0.45,79,41,51.9,2.36,1.23,0.18,0.34,8,9,15,19,11,24,7,0,0,65,0,,,,,,,,,,,,,,,igor thiago,19.1002,1.77335729
2527,Malick Thiaw,de GER,DF,Newcastle United,eng Premier League,24.0,2001.0,32,30,2695,29.9,4,0,4,4,0,0,4,0,0.13,28,14,50.0,0.94,0.47,0.14,0.29,0,0,9,30,26,10,4,0,0,22,0,,,,,,,,,,,,,,,malick thiaw,3.9049,0.91799878
2528,Jan Thielmann,de GER,"MF,FW",Köln,de Bundesliga,23.0,2002.0,25,20,1529,17.0,3,1,4,3,0,0,4,0,0.24,27,10,37.0,1.59,0.59,0.11,0.3,0,0,36,12,13,23,4,0,0,11,0,,,,,,,,,,,,,,,jan thielmann,2.1396,1.06342744
2529,Adrien Thomasson,fr FRA,MF,Lens,fr Ligue 1,32.0,1993.0,30,30,2563,28.5,3,9,12,3,0,0,11,0,0.42,41,12,29.3,1.44,0.42,0.07,0.25,0,0,117,50,20,43,11,0,0,52,0,,,,,,,,,,,,,,,adrien thomasson,6.2806,6.06648718
2530,Morten Thorsby,no NOR,MF,Genoa,it Serie A,30.0,1996.0,13,8,731,8.1,2,1,3,2,0,0,2,0,0.37,10,4,40.0,1.23,0.49,0.2,0.5,0,0,5,1,3,5,2,0,0,15,0,,,,,,,,,,,,,,,morten thorsby,2.2543,0.42791831
2531,Morten Thorsby,no NOR,MF,Cremonese,it Serie A,30.0,1996.0,8,6,485,5.4,1,0,1,1,0,0,1,0,0.19,11,4,36.4,2.04,0.74,0.09,0.25,0,0,0,5,2,5,1,0,0,9,0,,,,,,,,,,,,,,,morten thorsby,2.2543,0.42791831
2532,Kristian Thorstvedt,no NOR,MF,Sassuolo,it Serie A,27.0,1999.0,30,25,2280,25.3,4,4,8,4,0,0,8,0,0.32,42,13,31.0,1.66,0.51,0.1,0.31,0,0,12,19,29,54,8,0,0,31,0,,,,,,,,,,,,,,,kristian thorstvedt,4.2813,1.62076299
2533,Khéphren Thuram,fr FRA,MF,Juventus,it Serie A,25.0,2001.0,33,29,2351,26.1,3,2,5,3,0,0,2,0,0.19,48,15,31.3,1.84,0.57,0.06,0.2,0,0,15,31,12,12,2,0,0,37,0,,,,,,,,,,,,,,,khephren thuram,2.7937,3.33595507
2534,Marcus Thuram,fr FRA,FW,Inter,it Serie A,28.0,1997.0,28,23,1855,20.6,13,5,18,13,0,0,2,0,0.87,72,29,40.3,3.49,1.41,0.18,0.45,0,0,20,13,1,40,2,0,0,42,0,,,,,,,,,,,,,,,marcus thuram,7.9936,2.23044041
2536,Youri Tielemans,be BEL,MF,Aston Villa,eng Premier League,29.0,1997.0,22,19,1665,18.5,0,4,4,0,0,0,0,0,0.22,19,4,21.1,1.03,0.22,0.0,0.0,0,0,41,34,16,34,0,0,0,25,0,,,,,,,,,,,,,,,youri tielemans,1.0135,2.9169333
2537,Phillip Tietz,de GER,FW,Augsburg,de Bundesliga,28.0,1997.0,10,0,198,2.2,1,0,1,1,0,0,2,0,0.45,6,3,50.0,2.73,1.36,0.17,0.33,0,0,0,1,0,4,2,0,0,6,0,,,,,,,,,,,,,,,phillip tietz,7.0874,1.50082803
2538,Phillip Tietz,de GER,FW,Mainz 05,de Bundesliga,28.0,1997.0,17,17,1447,16.1,4,1,5,4,0,1,2,0,0.31,44,20,45.5,2.74,1.24,0.09,0.2,0,1,4,3,7,17,2,0,0,26,0,,,,,,,,,,,,,,,phillip tietz,7.0874,1.50082803
2539,Malik Tillman,us USA,MF,Leverkusen,de Bundesliga,23.0,2002.0,27,17,1587,17.6,6,1,7,6,0,0,2,0,0.4,32,11,34.4,1.81,0.62,0.19,0.55,0,0,16,29,17,27,2,0,0,16,0,,,,,,,,,,,,,,,malik tillman,4.3767,2.43649094
2540,Jurriën Timber,nl NED,DF,Arsenal,eng Premier League,24.0,2001.0,30,28,2454,27.3,3,5,8,3,0,0,5,0,0.29,25,7,28.0,0.92,0.26,0.12,0.43,0,0,46,35,24,29,5,0,0,38,0,,,,,,,,,,,,,,,jurrien timber,4.7029,1.60875528
2541,Quinten Timber,nl NED,MF,Marseille,fr Ligue 1,24.0,2001.0,13,13,1010,11.2,0,0,0,0,0,0,3,0,0.0,10,2,20.0,0.89,0.18,0.0,0.0,0,0,7,16,8,18,3,0,0,12,0,,,,,,,,,,,,,,,quinten timber,0.9971,0.6113787
2542,Jean-Clair Todibo,fr FRA,DF,West Ham United,eng Premier League,26.0,1999.0,21,20,1699,18.9,0,1,1,0,0,0,4,1,0.05,2,0,0.0,0.11,0.0,0.0,,0,0,1,24,16,3,4,1,0,8,0,,,,,,,,,,,,,,,jean-clair todibo,0.2442,0.32636473
2544,Corentin Tolisso,fr FRA,MF,Lyon,fr Ligue 1,31.0,1994.0,28,24,2122,23.6,10,4,14,8,2,3,4,0,0.51,47,25,53.2,1.99,1.06,0.17,0.32,2,3,44,18,16,51,4,0,0,41,0,,,,,,,,,,,,,,,corentin tolisso,8.4437,3.11623544
2545,Jeremy Toljan,de GER,DF,Levante,es La Liga,31.0,1994.0,34,34,2962,32.9,1,3,4,1,0,0,7,0,0.12,9,1,11.1,0.27,0.03,0.11,1.0,0,0,73,38,30,19,7,0,0,30,1,,,,,,,,,,,,,,,jeremy toljan,0.9674,3.85637211
2546,Tiago Tomás,pt POR,"MF,FW",Stuttgart,de Bundesliga,23.0,2002.0,25,10,992,11.0,5,3,8,5,0,0,3,0,0.73,35,10,28.6,3.18,0.91,0.14,0.5,0,0,12,8,4,28,3,0,0,12,0,,,,,,,,,,,,,,,tiago tomas,4.5463,1.06437884
2547,Fikayo Tomori,eng ENG,DF,Milan,it Serie A,28.0,1997.0,31,29,2419,26.9,0,2,2,0,0,0,7,1,0.07,9,2,22.2,0.33,0.07,0.0,0.0,0,0,16,39,26,7,7,1,1,33,0,,,,,,,,,,,,,,,fikayo tomori,0.588,0.91305474
2548,Sandro Tonali,it ITA,MF,Newcastle United,eng Premier League,26.0,2000.0,33,29,2392,26.6,0,2,2,0,0,0,4,0,0.08,34,8,23.5,1.28,0.3,0.0,0.0,0,0,92,23,27,41,4,0,0,23,0,,,,,,,,,,,,,,,sandro tonali,1.622,2.49631143
2549,Keke Topp,de GER,FW,Werder Bremen,de Bundesliga,22.0,2004.0,20,7,638,7.1,1,1,2,1,0,0,4,0,0.28,25,3,12.0,3.53,0.42,0.04,0.33,0,0,5,5,1,7,4,0,0,16,0,,,,,,,,,,,,,,,keke topp,2.0356,0.7176305
2550,Pablo Torre,es ESP,"MF,FW",Mallorca,es La Liga,23.0,2003.0,31,16,1335,14.8,3,3,6,3,0,0,3,0,0.4,18,9,50.0,1.21,0.61,0.17,0.33,0,0,71,12,8,32,3,0,0,25,0,,,,,,,,,,,,,,,pablo torre,1.1212,2.20872061
2552,Ferrán Torres,es ESP,FW,Barcelona,es La Liga,26.0,2000.0,30,21,1778,19.8,15,1,16,15,0,0,2,0,0.81,65,34,52.3,3.29,1.72,0.23,0.44,0,0,2,6,4,15,2,0,0,11,0,,,,,,,,,,,,,,,ferran torres,12.3644,1.41770056
2553,Pau Torres,es ESP,DF,Aston Villa,eng Premier League,29.0,1997.0,19,17,1568,17.4,0,0,0,0,0,0,1,0,0.0,7,0,0.0,0.4,0.0,0.0,,0,0,4,13,11,5,1,0,0,7,1,,,,,,,,,,,,,,,pau torres,0.5686,0.35382028
2554,Lucas Torró,es ESP,MF,Osasuna,es La Liga,31.0,1994.0,31,28,2098,23.3,0,1,1,0,0,0,6,0,0.04,21,5,23.8,0.9,0.21,0.0,0.0,0,0,2,15,28,25,6,0,0,34,0,,,,,,,,,,,,,,,lucas torro,1.1543,0.67375391
2555,Jordan Torunarigha,de GER,DF,Hamburger SV,de Bundesliga,28.0,1997.0,23,20,1874,20.8,0,0,0,0,0,0,2,0,0.0,5,1,20.0,0.24,0.05,0.0,0.0,0,0,3,21,28,12,2,0,0,18,0,,,,,,,,,,,,,,,jordan torunarigha,0.3683,0.69856191
2556,Alex Tóth,hu HUN,MF,Bournemouth,eng Premier League,20.0,2005.0,7,1,83,0.9,0,0,0,0,0,0,1,0,0.0,1,0,0.0,1.08,0.0,0.0,,0,0,3,0,2,2,1,0,0,1,0,,,,,,,,,,,,,,,alex toth,0.0565,0.24892578
2557,Abdoulaye Touré,gn GUI,MF,Le Havre,fr Ligue 1,32.0,1994.0,11,8,740,8.2,2,0,2,2,0,1,2,0,0.24,13,4,30.8,1.58,0.49,0.15,0.5,0,1,13,6,10,17,2,0,0,13,0,,,,,,,,,,,,,,,abdoulaye toure,1.5,0.92113871
2558,Alpha Touré,sn SEN,MF,Metz,fr Ligue 1,20.0,2006.0,29,15,1522,16.9,0,1,1,0,0,0,5,0,0.06,16,1,6.3,0.95,0.06,0.0,0.0,0,0,12,21,10,24,5,0,0,27,0,,,,,,,,,,,,,,,alpha toure,1.0627,0.38790666
2559,Bazoumana Touré,ci CIV,"MF,FW",Hoffenheim,de Bundesliga,20.0,2006.0,28,27,2177,24.2,4,9,13,4,0,0,2,0,0.54,45,12,26.7,1.86,0.5,0.09,0.33,0,0,109,20,6,27,2,0,0,44,0,,,,,,,,,,,,,,,bazoumana toure,3.553,4.5419205
2560,Idrissa Touré,de GER,MF,Pisa,it Serie A,28.0,1998.0,30,25,2168,24.1,1,0,1,1,0,0,4,1,0.04,29,8,27.6,1.2,0.33,0.03,0.13,0,0,67,27,23,16,4,1,0,22,0,,,,,,,,,,,,,,,idrissa toure,1.943,2.89104111
2562,Lucas Tousart,fr FRA,MF,Brest,fr Ligue 1,29.0,1997.0,21,7,666,7.4,1,0,1,1,0,0,0,0,0.14,8,3,37.5,1.08,0.41,0.13,0.33,0,0,3,11,8,5,0,0,0,20,0,,,,,,,,,,,,,,,lucas tousart,0.3708,0.35174969
2564,Mattéo Tramoni,fr FRA,"MF,FW",Pisa,it Serie A,26.0,2000.0,27,21,1600,17.8,2,2,4,1,1,1,3,0,0.17,28,9,32.1,1.58,0.51,0.04,0.11,1,1,68,21,15,15,3,0,0,16,0,,,,,,,,,,,,,,,matteo tramoni,3.253,2.3461476
2565,Adama Traoré,es ESP,"FW,MF",West Ham United,eng Premier League,30.0,1996.0,9,0,121,1.3,0,0,0,0,0,0,1,0,0.0,2,0,0.0,1.49,0.0,0.0,,0,0,12,1,0,0,1,0,0,1,0,,,,,,,,,,,,,,,adama traore,0.6937,0.57012317
2566,Adama Traoré,es ESP,MF,Fulham,eng Premier League,30.0,1996.0,15,1,274,3.0,0,0,0,0,0,0,0,0,0.0,5,1,20.0,1.64,0.33,0.0,0.0,0,0,15,1,0,8,0,0,0,6,0,,,,,,,,,,,,,,,adama traore,0.6937,0.57012317
2567,Bertrand Traoré,bf BFA,"MF,FW",Sunderland,eng Premier League,30.0,1995.0,12,9,632,7.0,1,0,1,1,0,0,1,0,0.14,12,6,50.0,1.71,0.85,0.08,0.17,0,0,13,4,2,12,1,0,0,11,0,,,,,,,,,,,,,,,bertrand traore,0.5182,0.24192858
2568,Boubacar Traoré,ml MLI,MF,Metz,fr Ligue 1,24.0,2001.0,19,16,1361,15.1,1,0,1,1,0,0,3,0,0.07,18,3,16.7,1.19,0.2,0.06,0.33,0,0,2,26,15,5,3,0,0,29,0,,,,,,,,,,,,,,,boubacar traore,0.9322,0.34044857
2569,Hamari Traoré,ml MLI,DF,Paris FC,fr Ligue 1,34.0,1992.0,16,13,1068,11.9,0,1,1,0,0,0,4,0,0.08,4,0,0.0,0.34,0.0,0.0,,0,0,26,21,18,5,4,0,0,21,0,,,,,,,,,,,,,,,hamari traore,0.1752,0.56258558
2572,Óscar Trejo,ar ARG,"FW,MF",Rayo Vallecano,es La Liga,38.0,1988.0,6,0,79,0.9,0,0,0,0,0,0,2,0,0.0,1,1,100.0,1.14,1.14,0.0,0.0,0,0,7,0,0,3,2,0,0,2,0,,,,,,,,,,,,,,,oscar trejo,0.1663,0.32275288
2573,Yael Trepy,,FW,Cagliari,it Serie A,,,7,0,88,1.0,1,0,1,1,0,0,0,0,1.02,5,1,20.0,5.11,1.02,0.2,1.0,0,0,6,0,0,2,0,0,0,1,0,,,,,,,,,,,,,,,yael trepy,0.4764,0.16057854
2575,Philipp Treu,de GER,"DF,MF",Freiburg,de Bundesliga,25.0,2000.0,26,22,2006,22.3,1,2,3,1,0,0,2,0,0.13,16,4,25.0,0.72,0.18,0.06,0.25,0,0,28,23,6,33,2,0,0,18,0,,,,,,,,,,,,,,,philipp treu,1.054,1.40891472
2576,Christopher Trimmel,at AUT,"MF,DF",Union Berlin,de Bundesliga,39.0,1987.0,27,20,1717,19.1,0,3,3,0,0,0,7,0,0.16,4,0,0.0,0.21,0.0,0.0,,0,0,161,22,8,8,7,0,0,26,0,,,,,,,,,,,,,,,christopher trimmel,0.0494,4.67088624
2577,Kieran Trippier,eng ENG,DF,Newcastle United,eng Premier League,35.0,1990.0,19,17,1501,16.7,0,1,1,0,0,0,3,0,0.06,2,0,0.0,0.12,0.0,0.0,,0,0,92,11,7,18,3,0,0,22,0,,,,,,,,,,,,,,,kieran trippier,0.0823,1.95296189
2578,Mariano Troilo,ar ARG,DF,Parma,it Serie A,22.0,2003.0,18,15,1355,15.1,1,0,1,1,0,0,7,2,0.07,9,2,22.2,0.6,0.13,0.11,0.5,0,0,1,15,12,19,7,2,1,23,0,,,,,,,,,,,,,,,mariano troilo,0.6464,0.6539566
2579,Leandro Trossard,be BEL,"FW,MF",Arsenal,eng Premier League,31.0,1994.0,29,19,1821,20.2,5,6,11,5,0,0,1,0,0.54,48,13,27.1,2.37,0.64,0.1,0.38,0,0,55,15,9,36,1,0,0,13,0,,,,,,,,,,,,,,,leandro trossard,4.8222,2.7756985
2580,Adrien Truffert,fr FRA,DF,Bournemouth,eng Premier League,24.0,2001.0,35,35,3109,34.5,1,3,4,1,0,0,4,0,0.12,14,4,28.6,0.41,0.12,0.07,0.25,0,0,137,47,42,30,4,0,0,37,0,,,,,,,,,,,,,,,adrien truffert,0.9317,2.4621204
2584,Axel Tuanzebe,cd COD,DF,Burnley,eng Premier League,28.0,1997.0,11,11,931,10.3,1,0,1,1,0,0,1,0,0.1,2,1,50.0,0.19,0.1,0.5,1.0,0,0,1,6,9,2,1,0,0,10,1,,,,,,,,,,,,,,,axel tuanzebe,0.606,0.13002825
2585,Kareem Tunde,es ESP,MF,Levante,es La Liga,20.0,2005.0,18,15,1042,11.6,0,1,1,0,0,0,3,0,0.09,17,2,11.8,1.47,0.17,0.0,0.0,0,0,10,11,14,22,3,0,0,16,0,,,,,,,,,,,,,,,kareem tunde,0.9474,0.30184895
2587,Beñat Turrientes,es ESP,MF,Real Sociedad,es La Liga,24.0,2002.0,24,14,1164,12.9,0,3,3,0,0,0,5,0,0.23,19,6,31.6,1.47,0.46,0.0,0.0,0,0,8,23,7,21,5,0,0,23,0,,,,,,,,,,,,,,,benat turrientes,0.6837,0.51606261
2588,Stefanos Tzimas,gr GRE,FW,Brighton,eng Premier League,20.0,2006.0,9,1,139,1.5,1,1,2,1,0,0,0,0,1.29,4,1,25.0,2.59,0.65,0.25,1.0,0,0,1,1,0,1,0,0,0,4,0,,,,,,,,,,,,,,,stefanos tzimas,0.4624,0.11832743
2589,Christantus Uche,ng NGA,FW,Crystal Palace,eng Premier League,22.0,2003.0,14,0,173,1.9,0,0,0,0,0,0,0,0,0.0,6,2,33.3,3.12,1.04,0.0,0.0,0,0,6,1,0,7,0,0,0,4,0,,,,,,,,,,,,,,,christantus uche,0.492,0.02545913
2590,Christantus Uche,ng NGA,FW,Getafe,es La Liga,22.0,2003.0,3,3,270,3.0,1,1,2,1,0,0,1,0,0.67,6,1,16.7,2.0,0.33,0.17,1.0,0,0,1,2,0,8,1,0,0,10,0,,,,,,,,,,,,,,,christantus uche,0.492,0.02545913
2591,Destiny Udogie,it ITA,"DF,MF",Tottenham Hotspur,eng Premier League,23.0,2002.0,17,11,1098,12.2,0,1,1,0,0,0,3,0,0.08,3,1,33.3,0.25,0.08,0.0,0.0,0,0,22,15,6,19,3,0,0,14,0,,,,,,,,,,,,,,,destiny udogie,0.167,0.7043001
2592,Matthieu Udol,fr FRA,"MF,DF",Lens,fr Ligue 1,30.0,1996.0,32,32,2867,31.9,1,7,8,1,0,0,2,0,0.25,45,16,35.6,1.41,0.5,0.02,0.06,0,0,111,20,48,27,2,0,0,30,0,,,,,,,,,,,,,,,matthieu udol,4.2682,8.57545469
2593,Manuel Ugarte,uy URU,MF,Manchester Utd,eng Premier League,25.0,2001.0,22,8,887,9.9,0,0,0,0,0,0,1,0,0.0,13,1,7.7,1.32,0.1,0.0,0.0,0,0,1,30,20,15,1,0,0,24,0,,,,,,,,,,,,,,,manuel ugarte,0.7116,0.20449789
2594,Lesley Ugochukwu,fr FRA,MF,Burnley,eng Premier League,22.0,2004.0,32,24,2114,23.5,3,1,4,3,0,0,3,1,0.17,21,7,33.3,0.89,0.3,0.14,0.43,0,0,6,25,15,26,3,1,1,26,0,,,,,,,,,,,,,,,lesley ugochukwu,2.2975,0.30200057
2595,Filip Ugrinic,ch SUI,MF,Valencia,es La Liga,27.0,1999.0,23,15,1291,14.3,0,3,3,0,0,0,3,0,0.21,18,2,11.1,1.25,0.14,0.0,0.0,0,0,49,16,8,13,3,0,0,16,0,,,,,,,,,,,,,,,filip ugrinic,0.8212,1.78316615
2596,Lukas Ullrich,de GER,"DF,MF",Gladbach,de Bundesliga,22.0,2004.0,21,13,1170,13.0,0,0,0,0,0,0,2,0,0.0,10,2,20.0,0.77,0.15,0.0,0.0,0,0,35,14,20,10,2,0,0,16,0,,,,,,,,,,,,,,,lukas ullrich,0.5754,1.33856986
2598,Enes Ünal,tr TUR,FW,Bournemouth,eng Premier League,28.0,1997.0,20,0,200,2.2,1,0,1,1,0,0,1,0,0.45,13,2,15.4,5.85,0.9,0.08,0.5,0,0,2,1,0,6,1,0,0,6,0,,,,,,,,,,,,,,,enes unal,1.8547,0.06175353
2599,Deniz Undav,de GER,"FW,MF",Stuttgart,de Bundesliga,29.0,1996.0,27,23,2084,23.2,18,6,24,18,0,1,5,0,1.04,116,43,37.1,5.01,1.86,0.16,0.42,0,1,16,13,4,22,5,0,0,31,0,,,,,,,,,,,,,,,deniz undav,15.3005,3.19247884
2600,Dayot Upamecano,fr FRA,DF,Bayern Munich,de Bundesliga,27.0,1998.0,22,20,1659,18.4,1,1,2,1,0,0,4,0,0.11,8,2,25.0,0.43,0.11,0.13,0.5,0,0,6,24,20,5,4,0,0,15,0,,,,,,,,,,,,,,,dayot upamecano,1.0277,1.49955331
2603,Can Uzun,tr TUR,MF,Eintracht Frankfurt,de Bundesliga,20.0,2005.0,20,14,1097,12.2,8,4,12,7,1,1,3,0,0.9,40,18,45.0,3.28,1.48,0.18,0.39,1,1,22,9,3,23,3,0,0,15,0,,,,,,,,,,,,,,,can uzun,2.584,2.38919153
2604,Josha Vagnoman,de GER,"DF,MF",Stuttgart,de Bundesliga,25.0,2000.0,25,18,1565,17.4,1,3,4,1,0,0,3,0,0.23,19,11,57.9,1.09,0.63,0.05,0.09,0,0,33,19,3,16,3,0,0,17,0,,,,,,,,,,,,,,,josha vagnoman,2.8863,1.878177
2607,Lautaro Valenti,ar ARG,DF,Parma,it Serie A,27.0,1999.0,24,22,2012,22.4,0,0,0,0,0,0,6,0,0.0,16,4,25.0,0.72,0.18,0.0,0.0,0,0,19,26,25,16,6,0,0,21,0,,,,,,,,,,,,,,,lautaro valenti,0.4834,0.51142031
2608,Óscar Valentín,es ESP,MF,Rayo Vallecano,es La Liga,31.0,1994.0,29,22,1809,20.1,1,0,1,1,0,0,3,1,0.05,13,4,30.8,0.65,0.2,0.08,0.25,0,0,2,34,25,18,3,1,0,26,0,,,,,,,,,,,,,,,oscar valentin,1.0089,1.02430554
2609,Nicolás Valentini,ar ARG,DF,Hellas Verona,it Serie A,25.0,2001.0,18,12,1180,13.1,0,0,0,0,0,0,5,0,0.0,11,5,45.5,0.84,0.38,0.0,0.0,0,0,11,16,12,7,5,0,0,20,0,,,,,,,,,,,,,,,nicolas valentini,0.4991,0.8031609
2610,Germán Valera,es ESP,"MF,DF",Elche,es La Liga,24.0,2002.0,32,29,2500,27.8,4,4,8,4,0,0,3,1,0.29,25,8,32.0,0.9,0.29,0.16,0.5,0,0,89,34,18,62,3,1,0,34,0,,,,,,,,,,,,,,,german valera,2.4395,4.20677971
2611,Emanuele Valeri,it ITA,"MF,DF",Parma,it Serie A,27.0,1998.0,31,27,2475,27.5,0,2,2,0,0,0,2,0,0.07,21,5,23.8,0.76,0.18,0.0,0.0,0,0,219,31,18,23,2,0,0,22,0,,,,,,,,,,,,,,,emanuele valeri,0.5195,3.75374445
2612,Martin Valjent,sk SVK,DF,Mallorca,es La Liga,30.0,1995.0,33,33,2970,33.0,0,0,0,0,0,0,6,0,0.0,15,8,53.3,0.45,0.24,0.0,0.0,0,0,2,28,20,10,6,0,0,32,0,,,,,,,,,,,,,,,martin valjent,0.7434,0.2668056
2613,Álex Valle,es ESP,DF,Como,it Serie A,22.0,2004.0,27,22,1991,22.1,1,4,5,1,0,0,3,0,0.23,11,2,18.2,0.5,0.09,0.09,0.5,0,0,44,31,24,19,3,0,0,34,0,,,,,,,,,,,,,,,alex valle,1.0388,1.09851836
2615,Federico Valverde,uy URU,"MF,DF",Real Madrid,es La Liga,27.0,1998.0,32,30,2650,29.4,5,8,13,5,0,0,3,1,0.44,50,21,42.0,1.7,0.71,0.1,0.24,0,0,30,25,23,13,3,1,0,18,0,,,,,,,,,,,,,,,federico valverde,2.6019,4.52550359
2616,Ignace Van Der Brempt,be BEL,"DF,MF",Como,it Serie A,24.0,2002.0,17,10,836,9.3,0,1,1,0,0,0,2,0,0.11,2,0,0.0,0.22,0.0,0.0,,0,0,10,9,8,14,2,0,0,19,0,,,,,,,,,,,,,,,ignace van der brempt,0.0834,1.05974187
2617,Virgil van Dijk,nl NED,DF,Liverpool,eng Premier League,34.0,1991.0,35,35,3150,35.0,4,0,4,4,0,0,4,0,0.11,25,12,48.0,0.71,0.34,0.16,0.33,0,0,1,15,20,15,4,0,0,17,0,,,,,,,,,,,,,,,virgil van dijk,3.0165,1.12625718
2618,Vladyslav Vanat,ua UKR,FW,Girona,es La Liga,24.0,2002.0,27,27,1942,21.6,9,1,10,6,3,3,4,0,0.32,27,18,66.7,1.25,0.83,0.22,0.33,3,3,5,3,3,17,4,0,0,28,0,,,,,,,,,,,,,,,vladyslav vanat,8.5154,1.2943026
2619,Jari Vandeputte,be BEL,MF,Cremonese,it Serie A,30.0,1996.0,29,22,1789,19.9,1,4,5,1,0,0,2,0,0.25,19,7,36.8,0.96,0.35,0.05,0.14,0,0,147,21,18,25,2,0,0,31,0,,,,,,,,,,,,,,,jari vandeputte,2.0737,4.05872122
2620,Vanderson,br BRA,"DF,MF",Monaco,fr Ligue 1,24.0,2001.0,14,7,616,6.8,0,2,2,0,0,0,4,0,0.29,3,0,0.0,0.44,0.0,0.0,,0,0,33,13,19,2,4,0,0,15,0,,,,,,,,,,,,,,,vanderson,0.1146,1.58735386
2622,Charles Vanhoutte,be BEL,MF,Nice,fr Ligue 1,27.0,1998.0,25,20,1727,19.2,0,2,2,0,0,0,7,0,0.1,4,1,25.0,0.21,0.05,0.0,0.0,0,0,13,26,21,8,7,0,0,34,0,,,,,,,,,,,,,,,charles vanhoutte,0.1807,0.88602495
2623,Jamie Vardy,eng ENG,FW,Cremonese,it Serie A,39.0,1987.0,26,21,1857,20.6,5,2,7,5,0,0,4,0,0.34,28,12,42.9,1.36,0.58,0.18,0.42,0,0,13,9,3,18,4,0,0,18,0,,,,,,,,,,,,,,,jamie vardy,4.3796,0.73770582
2624,Obed Vargas,mx MEX,MF,Atlético Madrid,es La Liga,20.0,2005.0,8,5,478,5.3,0,1,1,0,0,0,2,0,0.19,3,0,0.0,0.56,0.0,0.0,,0,0,4,11,8,6,2,0,0,4,0,,,,,,,,,,,,,,,obed vargas,0.0132,0.0687903
2625,Ruben Vargas,ch SUI,"MF,FW",Sevilla,es La Liga,27.0,1998.0,20,17,1374,15.3,3,5,8,2,1,1,1,0,0.46,32,7,21.9,2.1,0.46,0.06,0.29,1,1,74,12,7,13,1,0,0,12,0,,,,,,,,,,,,,,,ruben vargas,2.364,1.83204795
2627,Johan Vásquez,mx MEX,DF,Genoa,it Serie A,27.0,1998.0,35,35,3125,34.7,0,0,0,0,0,0,2,0,0.0,23,5,21.7,0.66,0.14,0.0,0.0,0,0,23,37,46,42,2,0,0,22,0,,,,,,,,,,,,,,,johan vasquez,1.0642,0.67305378
2628,Denis Vavro,sk SVK,DF,Wolfsburg,de Bundesliga,30.0,1996.0,15,11,996,11.1,1,0,1,1,0,0,2,0,0.09,10,4,40.0,0.9,0.36,0.1,0.25,0,0,4,5,12,5,2,0,0,8,0,,,,,,,,,,,,,,,denis vavro,0.7896,0.1684454
2630,Robinio Vaz,fr FRA,FW,Marseille,fr Ligue 1,19.0,2007.0,14,3,379,4.2,4,2,6,4,0,0,2,0,1.42,8,6,75.0,1.9,1.42,0.5,0.67,0,0,4,4,3,9,2,0,0,8,0,,,,,,,,,,,,,,,robinio vaz,0.5053,0.04266904
2631,Robinio Vaz,fr FRA,FW,Roma,it Serie A,19.0,2007.0,11,0,209,2.3,1,0,1,1,0,0,0,0,0.43,5,2,40.0,2.15,0.86,0.2,0.5,0,0,3,0,2,12,0,0,0,1,0,,,,,,,,,,,,,,,robinio vaz,0.5053,0.04266904
2633,Jesus Vazquez,es ESP,"DF,MF",Valencia,es La Liga,23.0,2003.0,20,5,776,8.6,0,0,0,0,0,0,2,0,0.0,8,2,25.0,0.93,0.23,0.0,0.0,0,0,23,8,2,6,2,0,0,16,0,,,,,,,,,,,,,,,jesus vazquez,0.3039,0.32873223
2634,Lucas Vázquez,es ESP,MF,Leverkusen,de Bundesliga,34.0,1991.0,11,6,474,5.3,1,2,3,1,0,0,2,0,0.57,4,1,25.0,0.76,0.19,0.25,1.0,0,0,19,4,2,8,2,0,0,6,0,,,,,,,,,,,,,,,lucas vazquez,0.5011,1.90783477
2635,Luis Vázquez,ar ARG,FW,Getafe,es La Liga,25.0,2001.0,14,13,1039,11.5,3,0,3,3,0,0,2,0,0.26,19,9,47.4,1.65,0.78,0.16,0.33,0,0,2,3,4,26,2,0,0,20,0,,,,,,,,,,,,,,,luis vazquez,1.184,0.23141582
2636,Matías Vecino,uy URU,MF,Lazio,it Serie A,34.0,1991.0,13,5,603,6.7,0,1,1,0,0,0,1,0,0.15,7,1,14.3,1.04,0.15,0.0,0.0,0,0,0,9,7,3,1,0,0,8,0,,,,,,,,,,,,,,,matias vecino,0.0807,0.08840605
2637,Matías Vecino,uy URU,MF,Celta Vigo,es La Liga,34.0,1991.0,4,2,117,1.3,0,0,0,0,0,0,0,0,0.0,2,0,0.0,1.54,0.0,0.0,,0,0,1,5,2,0,0,0,0,3,0,,,,,,,,,,,,,,,matias vecino,0.0807,0.08840605
2638,Danilo Veiga,pt POR,DF,Lecce,it Serie A,23.0,2002.0,33,30,2777,30.9,0,1,1,0,0,0,8,0,0.03,6,2,33.3,0.19,0.06,0.0,0.0,0,0,84,49,28,44,8,0,0,42,0,,,,,,,,,,,,,,,danilo veiga,0.2384,1.14214576
2639,Renato Veiga,pt POR,DF,Villarreal,es La Liga,22.0,2003.0,30,25,2301,25.6,0,0,0,0,0,0,4,1,0.0,9,3,33.3,0.35,0.12,0.0,0.0,0,0,2,7,26,4,4,1,0,21,0,,,,,,,,,,,,,,,renato veiga,0.1732,0.23716382
2640,Joël Veltman,nl NED,DF,Brighton,eng Premier League,34.0,1992.0,22,8,960,10.7,1,0,1,1,0,0,5,0,0.09,3,1,33.3,0.28,0.09,0.33,1.0,0,0,16,17,19,22,5,0,0,9,0,,,,,,,,,,,,,,,joel veltman,0.952,0.13175198
2641,Micky van de Ven,nl NED,DF,Tottenham Hotspur,eng Premier League,25.0,2001.0,32,32,2771,30.8,4,1,5,4,0,0,8,1,0.16,15,6,40.0,0.49,0.19,0.27,0.67,0,0,3,19,20,19,8,1,0,23,0,,,,,,,,,,,,,,,micky van de ven,2.4957,0.34820443
2643,Lorenzo Venturino,it ITA,FW,Genoa,it Serie A,19.0,2006.0,2,0,40,0.4,0,0,0,0,0,0,0,0,0.0,1,1,100.0,2.25,2.25,0.0,0.0,0,0,8,0,0,0,0,0,0,1,0,,,,,,,,,,,,,,,lorenzo venturino,0.1746,1.01202949
2644,Lorenzo Venturino,it ITA,MF,Roma,it Serie A,19.0,2006.0,9,1,191,2.1,0,0,0,0,0,0,0,0,0.0,4,0,0.0,1.88,0.0,0.0,,0,0,23,0,0,2,0,0,0,0,0,,,,,,,,,,,,,,,lorenzo venturino,0.1746,1.01202949
2645,Nikolas Veratschnig,at AUT,"MF,DF",Mainz 05,de Bundesliga,23.0,2003.0,20,6,639,7.1,0,1,1,0,0,0,3,0,0.14,4,1,25.0,0.56,0.14,0.0,0.0,0,0,20,11,10,9,3,0,0,12,0,,,,,,,,,,,,,,,nikolas veratschnig,0.1029,1.12773378
2647,Calvin Verdonk,id IDN,DF,Lille,fr Ligue 1,29.0,1997.0,16,7,743,8.3,0,0,0,0,0,0,3,1,0.0,3,1,33.3,0.36,0.12,0.0,0.0,0,0,27,9,15,3,3,1,0,14,0,,,,,,,,,,,,,,,calvin verdonk,0.0467,0.84460691
2648,Antonio Vergara,it ITA,MF,Napoli,it Serie A,23.0,2003.0,11,8,601,6.7,1,2,3,1,0,0,2,0,0.45,10,3,30.0,1.5,0.45,0.1,0.33,0,0,11,9,4,20,2,0,0,16,0,,,,,,,,,,,,,,,antonio vergara,0.7664,0.81761363
2649,Arthur Vermeeren,be BEL,MF,Marseille,fr Ligue 1,21.0,2005.0,18,10,784,8.7,0,1,1,0,0,0,1,1,0.11,3,1,33.3,0.34,0.11,0.0,0.0,0,0,3,9,10,1,1,1,0,13,0,,,,,,,,,,,,,,,arthur vermeeren,0.0541,0.36887184
2650,Ioan Vermeșan,ro ROU,FW,Hellas Verona,it Serie A,19.0,2006.0,3,0,58,0.6,0,0,0,0,0,0,0,0,0.0,2,1,50.0,3.1,1.55,0.0,0.0,0,0,0,0,0,1,0,0,0,0,0,,,,,,,,,,,,,,,ioan vermesan,0.0483,0.01514742
2651,Jozhua Vertrouwd,nl NED,DF,Rayo Vallecano,es La Liga,21.0,2004.0,9,3,446,5.0,0,0,0,0,0,0,0,0,0.0,1,0,0.0,0.2,0.0,0.0,,0,0,0,3,4,3,0,0,0,6,1,,,,,,,,,,,,,,,jozhua vertrouwd,0.049,0.01803956
2652,Mikel Vesga,es ESP,MF,Athletic Club,es La Liga,32.0,1993.0,21,1,439,4.9,0,0,0,0,0,0,0,0,0.0,3,0,0.0,0.62,0.0,0.0,,0,0,3,10,9,7,0,0,0,8,0,,,,,,,,,,,,,,,mikel vesga,0.1287,0.17171616
2655,Nacho Vidal,es ESP,DF,Oviedo,es La Liga,31.0,1995.0,25,24,2019,22.4,0,0,0,0,0,0,4,0,0.0,13,3,23.1,0.58,0.13,0.0,0.0,0,0,38,30,26,25,4,0,0,24,0,,,,,,,,,,,,,,,nacho vidal,1.3052,0.71675442
2656,Fabio Vieira,pt POR,"MF,FW",Hamburger SV,de Bundesliga,25.0,2000.0,27,23,2041,22.7,6,5,11,5,1,1,4,2,0.44,52,17,32.7,2.29,0.75,0.1,0.29,1,1,54,7,15,38,4,2,1,15,0,,,,,,,,,,,,,,,fabio vieira,3.7201,3.63691393
2657,Julián Vignolo,ar ARG,MF,Toulouse,fr Ligue 1,19.0,2006.0,13,1,195,2.2,2,0,2,2,0,0,0,0,0.92,8,7,87.5,3.69,3.23,0.25,0.29,0,0,10,3,0,1,0,0,0,3,0,,,,,,,,,,,,,,,julian vignolo,1.4376,0.43710829
2659,Federico Viñas,uy URU,"FW,MF",Oviedo,es La Liga,27.0,1998.0,30,25,2188,24.3,9,1,10,7,2,2,5,3,0.33,54,21,38.9,2.22,0.86,0.13,0.33,2,2,3,30,11,65,5,3,1,42,0,,,,,,,,,,,,,,,federico vinas,7.7424,1.72229971
2660,Jan Virgili,es ESP,"MF,FW",Mallorca,es La Liga,19.0,2006.0,27,18,1646,18.3,2,4,6,2,0,0,0,1,0.33,31,15,48.4,1.7,0.82,0.06,0.13,0,0,34,10,6,23,0,1,0,17,0,,,,,,,,,,,,,,,jan virgili,1.9759,1.98302727
2662,Martin Vitík,cz CZE,DF,Bologna,it Serie A,23.0,2003.0,19,14,1325,14.7,0,0,0,0,0,0,3,0,0.0,8,2,25.0,0.54,0.14,0.0,0.0,0,0,2,22,8,4,3,0,0,23,0,,,,,,,,,,,,,,,martin vitik,0.3603,0.11987508
2663,Vitinha,pt POR,"FW,MF",Genoa,it Serie A,26.0,2000.0,33,26,2046,22.7,5,1,6,5,0,0,4,0,0.26,61,18,29.5,2.68,0.79,0.08,0.28,0,0,60,30,14,65,4,0,0,31,0,,,,,,,,,,,,,,,vitinha,5.4451,1.92319963
2663,Vitinha,pt POR,"FW,MF",Genoa,it Serie A,26.0,2000.0,33,26,2046,22.7,5,1,6,5,0,0,4,0,0.26,61,18,29.5,2.68,0.79,0.08,0.28,0,0,60,30,14,65,4,0,0,31,0,,,,,,,,,,,,,,,vitinha,1.0025,3.71375845
2664,Vitinha,pt POR,MF,Paris Saint-Germain,fr Ligue 1,26.0,2000.0,27,23,2007,22.3,1,7,8,1,0,0,2,0,0.36,32,10,31.3,1.43,0.45,0.03,0.1,0,0,21,19,24,19,2,0,0,13,0,,,,,,,,,,,,,,,vitinha,5.4451,1.92319963
2664,Vitinha,pt POR,MF,Paris Saint-Germain,fr Ligue 1,26.0,2000.0,27,23,2007,22.3,1,7,8,1,0,0,2,0,0.36,32,10,31.3,1.43,0.45,0.03,0.1,0,0,21,19,24,19,2,0,0,13,0,,,,,,,,,,,,,,,vitinha,1.0025,3.71375845
2665,Daniel Vivian,es ESP,DF,Athletic Club,es La Liga,26.0,1999.0,28,26,2384,26.5,1,0,1,1,0,0,8,1,0.04,16,5,31.3,0.6,0.19,0.06,0.2,0,0,10,36,33,16,8,1,0,37,0,,,,,,,,,,,,,,,daniel vivian,1.1387,0.76141279
2667,Dušan Vlahović,rs SRB,FW,Juventus,it Serie A,26.0,2000.0,16,8,741,8.2,4,1,5,3,1,1,0,0,0.49,33,12,36.4,4.01,1.46,0.09,0.25,1,1,3,3,2,15,0,0,0,8,0,,,,,,,,,,,,,,,dusan vlahovic,4.1235,0.68133253
2668,Nikola Vlašić,hr CRO,"MF,FW",Torino,it Serie A,28.0,1997.0,35,34,2863,31.8,8,3,11,3,5,5,7,0,0.19,46,17,37.0,1.45,0.53,0.07,0.18,5,5,47,37,20,42,7,0,0,43,0,,,,,,,,,,,,,,,nikola vlasic,6.0509,2.88027103
2669,Mërgim Vojvoda,xk KVX,"MF,DF",Como,it Serie A,31.0,1995.0,28,18,1538,17.1,2,2,4,2,0,0,2,0,0.23,18,7,38.9,1.05,0.41,0.11,0.29,0,0,65,4,14,12,2,0,0,15,0,,,,,,,,,,,,,,,mergim vojvoda,1.3624,2.70227793
2670,Cristian Volpato,it ITA,FW,Sassuolo,it Serie A,22.0,2003.0,22,11,1037,11.5,2,4,6,2,0,0,4,0,0.52,20,7,35.0,1.74,0.61,0.1,0.29,0,0,47,11,5,11,4,0,0,18,0,,,,,,,,,,,,,,,cristian volpato,0.8818,1.29702517
2671,Alexis Vossah,fr FRA,MF,Toulouse,fr Ligue 1,18.0,2008.0,22,11,1032,11.5,1,1,2,1,0,0,4,1,0.17,9,2,22.2,0.78,0.17,0.11,0.5,0,0,5,7,6,10,4,1,0,17,0,,,,,,,,,,,,,,,alexis vossah,0.5733,0.38938465
2672,Aster Vranckx,be BEL,MF,Sassuolo,it Serie A,23.0,2002.0,16,9,690,7.7,0,0,0,0,0,0,2,0,0.0,3,1,33.3,0.39,0.13,0.0,0.0,0,0,5,9,0,17,2,0,0,16,0,,,,,,,,,,,,,,,aster vranckx,0.1463,0.16390463
2673,Stefan de Vrij,nl NED,DF,Inter,it Serie A,34.0,1992.0,9,6,500,5.6,0,0,0,0,0,0,1,0,0.0,5,2,40.0,0.9,0.36,0.0,0.0,0,0,0,9,4,4,1,0,0,4,0,,,,,,,,,,,,,,,stefan de vrij,0.3226,0.11092072
2674,İsak Vural,tr TUR,MF,Pisa,it Serie A,19.0,2006.0,12,7,578,6.4,0,0,0,0,0,0,4,0,0.0,5,1,20.0,0.78,0.16,0.0,0.0,0,0,5,6,2,26,4,0,0,11,0,,,,,,,,,,,,,,,isak vural,0.1164,0.06683788
2675,Luka Vušković,hr CRO,DF,Hamburger SV,de Bundesliga,19.0,2007.0,26,25,2263,25.1,5,0,5,4,1,1,5,0,0.16,29,8,27.6,1.15,0.32,0.14,0.5,1,1,2,17,31,31,5,0,0,25,0,,,,,,,,,,,,,,,luka vuskovic,4.13,0.99331712
2676,Yannik Wagner,de GER,FW,Heidenheim,de Bundesliga,19.0,2007.0,4,0,49,0.5,0,0,0,0,0,0,0,0,0.0,1,0,0.0,1.84,0.0,0.0,,0,0,2,0,0,0,0,0,0,0,0,,,,,,,,,,,,,,,yannik wagner,0.0187,0.50633539
2677,Elye Wahi,ci CIV,FW,Nice,fr Ligue 1,23.0,2003.0,12,10,817,9.1,5,1,6,4,1,1,4,0,0.55,21,13,61.9,2.31,1.43,0.19,0.31,1,1,9,3,2,4,4,0,0,18,0,,,,,,,,,,,,,,,elye wahi,2.3036,0.52374532
2678,Elye Wahi,ci CIV,FW,Eintracht Frankfurt,de Bundesliga,23.0,2003.0,10,3,324,3.6,0,1,1,0,0,0,1,0,0.28,7,3,42.9,1.94,0.83,0.0,0.0,0,0,5,1,0,4,1,0,0,2,0,,,,,,,,,,,,,,,elye wahi,2.3036,0.52374532
2679,Hauke Wahl,de GER,DF,St Pauli,de Bundesliga,32.0,1994.0,28,28,2475,27.5,2,1,3,2,0,0,1,0,0.11,10,4,40.0,0.36,0.15,0.2,0.5,0,0,12,31,28,13,1,0,0,11,0,,,,,,,,,,,,,,,hauke wahl,0.563,1.38223847
2680,Luca Waldschmidt,de GER,"FW,MF",Köln,de Bundesliga,29.0,1996.0,23,7,644,7.2,5,4,9,3,2,2,1,0,0.98,22,11,50.0,3.07,1.54,0.14,0.27,2,2,20,3,4,6,1,0,0,8,0,,,,,,,,,,,,,,,luca waldschmidt,4.6239,1.11606783
2681,Kyle Walker,eng ENG,"DF,MF",Burnley,eng Premier League,35.0,1990.0,33,32,2826,31.4,0,2,2,0,0,0,9,0,0.06,4,0,0.0,0.13,0.0,0.0,,0,0,36,28,39,21,9,0,0,30,0,,,,,,,,,,,,,,,kyle walker,0.127,1.07930189
2682,Kyle Walker-Peters,eng ENG,DF,West Ham United,eng Premier League,29.0,1997.0,22,14,1293,14.4,1,0,1,1,0,0,2,0,0.07,5,3,60.0,0.35,0.21,0.2,0.33,0,0,19,30,9,24,2,0,0,11,0,,,,,,,,,,,,,,,kyle walker-peters,1.1305,0.35257056
2683,Sebastian Walukiewicz,pl POL,DF,Sassuolo,it Serie A,26.0,2000.0,34,33,2852,31.7,0,1,1,0,0,0,7,0,0.03,7,0,0.0,0.22,0.0,0.0,,0,0,45,34,23,13,7,0,0,35,0,,,,,,,,,,,,,,,sebastian walukiewicz,0.2202,2.01736642
2685,James Ward-Prowse,eng ENG,MF,West Ham United,eng Premier League,31.0,1994.0,5,5,413,4.6,0,0,0,0,0,0,0,0,0.0,2,0,0.0,0.44,0.0,0.0,,0,0,22,2,6,2,0,0,0,4,0,,,,,,,,,,,,,,,james ward-prowse,0.1616,1.67680309
2686,James Ward-Prowse,eng ENG,MF,Burnley,eng Premier League,31.0,1994.0,10,7,651,7.2,0,1,1,0,0,0,1,0,0.14,3,2,66.7,0.41,0.28,0.0,0.0,0,0,46,4,15,11,1,0,0,4,0,,,,,,,,,,,,,,,james ward-prowse,0.1616,1.67680309
2687,Ollie Watkins,eng ENG,FW,Aston Villa,eng Premier League,30.0,1995.0,34,30,2569,28.5,11,2,13,11,0,0,3,0,0.46,71,30,42.3,2.49,1.05,0.15,0.37,0,0,6,13,5,31,3,0,0,33,0,,,,,,,,,,,,,,,ollie watkins,11.8268,1.22722578
2689,Timothy Weah,us USA,"MF,DF",Marseille,fr Ligue 1,26.0,2000.0,28,25,2166,24.1,2,2,4,2,0,0,5,0,0.17,27,10,37.0,1.12,0.42,0.07,0.2,0,0,60,34,14,18,5,0,0,32,0,,,,,,,,,,,,,,,timothy weah,1.5878,2.30118541
2691,Nelson Weiper,de GER,FW,Mainz 05,de Bundesliga,21.0,2005.0,22,3,541,6.0,0,0,0,0,0,0,1,0,0.0,12,6,50.0,2.0,1.0,0.0,0.0,0,0,5,2,3,3,1,0,0,6,0,,,,,,,,,,,,,,,nelson weiper,2.7281,0.28828781
2692,Danny Welbeck,eng ENG,FW,Brighton,eng Premier League,35.0,1990.0,34,23,2061,22.9,13,1,14,12,1,3,5,0,0.57,52,25,48.1,2.27,1.09,0.23,0.48,1,3,3,12,8,8,5,0,0,25,0,,,,,,,,,,,,,,,danny welbeck,11.6308,1.32390458
2694,Wesley,br BRA,MF,Real Sociedad,es La Liga,21.0,2005.0,5,1,88,1.0,0,0,0,0,0,0,0,0,0.0,1,0,0.0,1.02,0.0,0.0,,0,0,3,0,0,1,0,0,0,3,0,,,,,,,,,,,,,,,wesley,1.3855,3.34629617
2695,Wesley,br BRA,MF,Roma,it Serie A,22.0,2003.0,28,26,2289,25.4,5,0,5,5,0,0,7,1,0.2,23,11,47.8,0.9,0.43,0.22,0.45,0,0,86,40,23,54,7,1,1,34,0,,,,,,,,,,,,,,,wesley,1.3855,3.34629617
2696,Adam Wharton,eng ENG,MF,Crystal Palace,eng Premier League,22.0,2004.0,30,27,2325,25.8,0,5,5,0,0,0,6,1,0.19,26,4,15.4,1.01,0.15,0.0,0.0,0,0,78,33,24,28,6,1,1,31,0,,,,,,,,,,,,,,,adam wharton,1.336,5.941441
2697,Ben White,eng ENG,DF,Arsenal,eng Premier League,28.0,1997.0,11,8,675,7.5,0,1,1,0,0,0,0,0,0.13,5,1,20.0,0.67,0.13,0.0,0.0,0,0,15,9,9,6,0,0,0,5,0,,,,,,,,,,,,,,,ben white,0.4567,0.49944491
2698,Silvan Widmer,ch SUI,MF,Mainz 05,de Bundesliga,33.0,1993.0,26,21,1743,19.4,2,1,3,2,0,0,5,0,0.15,20,4,20.0,1.03,0.21,0.1,0.5,0,0,34,27,16,11,5,0,0,15,0,,,,,,,,,,,,,,,silvan widmer,2.3685,2.04597424
2699,Mats Wieffer,nl NED,DF,Brighton,eng Premier League,26.0,1999.0,25,22,1813,20.1,2,3,5,2,0,0,8,0,0.25,18,6,33.3,0.89,0.3,0.11,0.33,0,0,16,41,24,22,8,0,0,29,0,,,,,,,,,,,,,,,mats wieffer,1.9257,1.83800152
2700,Iñaki Williams,gh GHA,"MF,FW",Athletic Club,es La Liga,31.0,1994.0,26,22,1865,20.7,2,4,6,1,1,1,2,0,0.24,48,15,31.3,2.32,0.72,0.02,0.07,1,1,57,8,5,22,2,0,0,22,0,,,,,,,,,,,,,,,inaki williams,4.7624,2.12283626
2701,Neco Williams,wls WAL,DF,Nottingham Forest,eng Premier League,25.0,2001.0,34,33,2934,32.6,2,3,5,2,0,0,6,1,0.15,42,18,42.9,1.29,0.55,0.05,0.11,0,0,124,56,41,49,6,1,0,27,0,,,,,,,,,,,,,,,neco williams,1.8402,3.78168703
2702,Nico Williams,es ESP,MF,Athletic Club,es La Liga,23.0,2002.0,24,19,1639,18.2,6,3,9,5,1,2,2,0,0.44,45,16,35.6,2.47,0.88,0.11,0.31,1,2,70,9,7,28,2,0,0,24,0,,,,,,,,,,,,,,,nico williams,4.7179,4.70012079
2704,Joe Willock,eng ENG,MF,Newcastle United,eng Premier League,26.0,1999.0,22,9,855,9.5,0,1,1,0,0,0,3,0,0.11,14,5,35.7,1.47,0.53,0.0,0.0,0,0,14,15,5,9,3,0,0,15,0,,,,,,,,,,,,,,,joe willock,0.8135,0.65567221
2705,Callum Wilson,eng ENG,"FW,MF",West Ham United,eng Premier League,34.0,1992.0,29,10,1110,12.3,6,1,7,6,0,0,1,0,0.57,33,13,39.4,2.68,1.05,0.18,0.46,0,0,4,1,3,12,1,0,0,10,0,,,,,,,,,,,,,,,callum wilson,6.5493,0.38490815
2706,Harry Wilson,wls WAL,MF,Fulham,eng Premier League,29.0,1997.0,33,31,2581,28.7,10,6,16,10,0,0,7,0,0.56,73,24,32.9,2.55,0.84,0.14,0.42,0,0,111,18,16,34,7,0,0,13,0,,,,,,,,,,,,,,,harry wilson,5.4349,4.43934137
2707,Patrick Wimmer,at AUT,MF,Wolfsburg,de Bundesliga,24.0,2001.0,24,20,1555,17.3,4,3,7,4,0,0,4,0,0.41,22,8,36.4,1.27,0.46,0.18,0.5,0,0,25,20,20,33,4,0,0,28,0,,,,,,,,,,,,,,,patrick wimmer,2.5928,1.32233307
2708,Jonas Wind,dk DEN,FW,Wolfsburg,de Bundesliga,27.0,1999.0,11,5,481,5.3,1,0,1,1,0,0,1,0,0.19,9,6,66.7,1.68,1.12,0.11,0.17,0,0,0,0,0,14,1,0,0,2,0,,,,,,,,,,,,,,,jonas wind,1.1674,0.52080456
2710,Florian Wirtz,de GER,MF,Liverpool,eng Premier League,23.0,2003.0,31,27,2335,25.9,5,3,8,5,0,0,1,0,0.31,48,17,35.4,1.85,0.66,0.1,0.29,0,0,32,25,11,19,1,0,0,21,0,,,,,,,,,,,,,,,florian wirtz,6.1603,4.89570707
2711,Yoane Wissa,cd COD,FW,Newcastle United,eng Premier League,29.0,1996.0,16,4,480,5.3,1,0,1,1,0,0,2,0,0.19,13,5,38.5,2.44,0.94,0.08,0.2,0,0,1,4,0,1,2,0,0,6,0,,,,,,,,,,,,,,,yoane wissa,1.9403,0.54783702
2712,Axel Witsel,be BEL,MF,Girona,es La Liga,37.0,1989.0,28,26,2268,25.2,1,2,3,1,0,0,2,1,0.12,20,5,25.0,0.79,0.2,0.05,0.2,0,0,1,22,26,35,2,1,1,32,0,,,,,,,,,,,,,,,axel witsel,2.3245,1.06298864
2714,Marius Wolf,de GER,"MF,FW",Augsburg,de Bundesliga,30.0,1995.0,27,10,898,10.0,1,1,2,1,0,0,3,0,0.2,14,5,35.7,1.4,0.5,0.07,0.2,0,0,40,7,12,2,3,0,0,7,0,,,,,,,,,,,,,,,marius wolf,1.0141,1.75879858
2715,Nick Woltemade,de GER,MF,Stuttgart,de Bundesliga,24.0,2002.0,1,1,90,1.0,0,0,0,0,0,0,0,0,0.0,0,0,,0.0,0.0,,,0,0,0,0,0,3,0,0,0,1,0,,,,,,,,,,,,,,,nick woltemade,6.3939,0.86234398
2716,Nick Woltemade,de GER,"FW,MF",Newcastle United,eng Premier League,24.0,2002.0,30,21,1692,18.8,7,3,10,6,1,1,0,0,0.48,31,12,38.7,1.65,0.64,0.19,0.5,1,1,3,12,4,19,0,0,0,20,1,,,,,,,,,,,,,,,nick woltemade,6.3939,0.86234398
2718,Chris Wood,nz NZL,FW,Nottingham Forest,eng Premier League,34.0,1991.0,12,9,753,8.4,3,0,3,3,0,0,0,0,0.36,20,8,40.0,2.39,0.96,0.15,0.38,0,0,1,1,1,5,0,0,0,5,0,,,,,,,,,,,,,,,chris wood,3.0883,0.14199119
2721,Joe Worrall,eng ENG,DF,Burnley,eng Premier League,29.0,1997.0,11,5,500,5.6,0,0,0,0,0,0,0,0,0.0,1,0,0.0,0.18,0.0,0.0,,0,0,0,2,6,1,0,0,0,4,0,,,,,,,,,,,,,,,joe worrall,0.08,0.02442092
2723,Granit Xhaka,ch SUI,MF,Sunderland,eng Premier League,33.0,1992.0,31,29,2634,29.3,1,6,7,1,0,0,7,0,0.24,20,5,25.0,0.68,0.17,0.05,0.2,0,0,87,29,27,36,7,0,0,21,0,,,,,,,,,,,,,,,granit xhaka,0.8551,2.48304823
2724,Lamine Yamal,es ESP,"MF,FW",Barcelona,es La Liga,18.0,2007.0,28,26,2262,25.1,16,11,27,13,3,4,1,0,0.95,117,37,31.6,4.66,1.47,0.11,0.35,3,4,77,20,8,52,1,0,0,28,0,,,,,,,,,,,,,,,lamine yamal,11.9014,9.87874076
2726,Roman Yaremchuk,ua UKR,FW,Lyon,fr Ligue 1,30.0,1995.0,9,4,434,4.8,4,1,5,4,0,0,0,0,1.04,13,6,46.2,2.7,1.24,0.31,0.67,0,0,1,2,0,3,0,0,0,5,0,,,,,,,,,,,,,,,roman yaremchuk,0.7692,0.4201639
2728,Gessime Yassine,ma MAR,MF,Strasbourg,fr Ligue 1,20.0,2005.0,11,6,494,5.5,0,1,1,0,0,0,0,0,0.18,8,1,12.5,1.46,0.18,0.0,0.0,0,0,18,9,1,19,0,0,0,7,0,,,,,,,,,,,,,,,gessime yassine,0.7775,1.21815191
2729,Ryan Yates,eng ENG,MF,Nottingham Forest,eng Premier League,28.0,1997.0,20,2,546,6.1,0,2,2,0,0,0,2,0,0.33,5,1,20.0,0.82,0.16,0.0,0.0,0,0,5,9,9,12,2,0,0,12,0,,,,,,,,,,,,,,,ryan yates,0.2239,0.24313268
2730,Terry Yegbe,gh GHA,DF,Metz,fr Ligue 1,25.0,2001.0,22,20,1783,19.8,0,1,1,0,0,0,3,0,0.05,5,1,20.0,0.25,0.05,0.0,0.0,0,0,5,7,20,7,3,0,0,18,0,,,,,,,,,,,,,,,terry yegbe,0.6517,0.26895658
2731,Bertuğ Yıldırım,tr TUR,FW,Rennes,fr Ligue 1,23.0,2002.0,1,0,3,0.0,0,0,0,0,0,0,0,0,0.0,0,0,,0.0,0.0,,,0,0,0,0,0,0,0,0,0,0,0,,,,,,,,,,,,,,,bertug yldrm,3.0827,0.2634148
2732,Kenan Yıldız,tr TUR,"MF,FW",Juventus,it Serie A,21.0,2005.0,34,31,2654,29.5,10,6,16,9,1,2,2,0,0.51,91,38,41.8,3.09,1.29,0.1,0.24,1,2,113,7,7,53,2,0,0,20,0,,,,,,,,,,,,,,,kenan yldz,7.8257,9.06615277
2733,Darlin Yongwa,cm CMR,"DF,MF",Lorient,fr Ligue 1,25.0,2000.0,23,14,1312,14.6,0,1,1,0,0,0,4,1,0.07,10,2,20.0,0.69,0.14,0.0,0.0,0,0,38,24,11,22,4,1,0,14,0,,,,,,,,,,,,,,,darlin yongwa,0.4676,1.52035582
2734,Leny Yoro,fr FRA,DF,Manchester Utd,eng Premier League,20.0,2005.0,31,18,1723,19.1,0,0,0,0,0,0,1,0,0.0,9,3,33.3,0.47,0.16,0.0,0.0,0,0,3,19,30,5,1,0,0,16,0,,,,,,,,,,,,,,,leny yoro,1.3853,0.63126557
2738,Yassir Zabiri,ma MAR,MF,Rennes,fr Ligue 1,21.0,2005.0,6,0,48,0.5,0,0,0,0,0,0,0,0,0.0,4,2,50.0,7.5,3.75,0.0,0.0,0,0,1,1,0,0,0,0,0,6,0,,,,,,,,,,,,,,,yassir zabiri,0.5701,0.00677367
2739,Mattia Zaccagni,it ITA,FW,Lazio,it Serie A,30.0,1995.0,26,26,2104,23.4,3,0,3,3,0,1,6,1,0.13,34,14,41.2,1.45,0.6,0.09,0.21,0,1,55,21,20,82,6,1,0,30,0,,,,,,,,,,,,,,,mattia zaccagni,4.0652,2.36723066
2741,Dan-Axel Zagadou,fr FRA,DF,Stuttgart,de Bundesliga,26.0,1999.0,3,3,209,2.3,0,0,0,0,0,0,0,0,0.0,6,1,16.7,2.58,0.43,0.0,0.0,0,0,0,4,5,1,0,0,0,5,0,,,,,,,,,,,,,,,dan-axel zagadou,0.2831,0.0921155
2742,Stephan Zagadou,fr FRA,DF,Le Havre,fr Ligue 1,17.0,2008.0,8,6,495,5.5,1,0,1,1,0,0,0,1,0.18,1,1,100.0,0.18,0.18,1.0,1.0,0,0,0,5,1,1,0,1,0,7,0,,,,,,,,,,,,,,,stephan zagadou,0.0722,0.02542834
2743,Warren Zaïre-Emery,fr FRA,"DF,MF",Paris Saint-Germain,fr Ligue 1,20.0,2006.0,31,26,2390,26.6,3,4,7,3,0,0,3,0,0.26,19,7,36.8,0.72,0.26,0.16,0.43,0,0,15,29,11,17,3,0,0,35,0,,,,,,,,,,,,,,,warren zaire-emery,1.2139,3.3992388
2744,Denis Zakaria,ch SUI,"DF,MF",Monaco,fr Ligue 1,29.0,1996.0,22,21,1851,20.6,2,1,3,2,0,0,4,1,0.15,17,3,17.6,0.83,0.15,0.12,0.67,0,0,10,22,37,6,4,1,0,23,0,,,,,,,,,,,,,,,denis zakaria,1.4238,0.85991695
2745,Arsen Zakharyan,ru RUS,MF,Real Sociedad,es La Liga,22.0,2003.0,16,2,402,4.5,0,0,0,0,0,0,1,0,0.0,14,3,21.4,3.13,0.67,0.0,0.0,0,0,25,5,0,2,1,0,0,8,0,,,,,,,,,,,,,,,arsen zakharyan,1.0178,1.07529669
2746,Nicola Zalewski,pl POL,MF,Atalanta,it Serie A,24.0,2002.0,31,22,1745,19.4,2,4,6,2,0,0,3,0,0.31,36,6,16.7,1.86,0.31,0.06,0.33,0,0,121,17,11,50,3,0,0,18,0,,,,,,,,,,,,,,,nicola zalewski,2.7069,4.00890167
2748,Nicolò Zaniolo,it ITA,"FW,MF",Udinese,it Serie A,26.0,1999.0,31,27,2180,24.2,5,6,11,5,0,0,8,0,0.45,71,21,29.6,2.93,0.87,0.07,0.24,0,0,117,21,4,59,8,0,0,60,0,,,,,,,,,,,,,,,nicolo zaniolo,5.1506,2.94228689
2749,Alessandro Zanoli,it ITA,MF,Udinese,it Serie A,25.0,2000.0,19,16,1280,14.2,1,2,3,1,0,0,1,0,0.21,3,1,33.3,0.21,0.07,0.33,1.0,0,0,40,18,7,5,1,0,0,16,0,,,,,,,,,,,,,,,alessandro zanoli,0.1005,1.05747883
2750,Duván Zapata,co COL,FW,Torino,it Serie A,35.0,1991.0,26,9,990,11.0,3,1,4,3,0,1,0,0,0.36,33,15,45.5,3.0,1.36,0.09,0.2,0,1,8,2,1,23,0,0,0,14,0,,,,,,,,,,,,,,,duvan zapata,3.4555,0.5240437
2751,Gabriele Zappa,it ITA,DF,Cagliari,it Serie A,26.0,1999.0,28,16,1388,15.4,0,3,3,0,0,0,2,0,0.19,9,0,0.0,0.58,0.0,0.0,,0,0,32,17,17,5,2,0,0,13,0,,,,,,,,,,,,,,,gabriele zappa,0.5313,1.37365741
2752,Davide Zappacosta,it ITA,MF,Atalanta,it Serie A,33.0,1992.0,32,28,2383,26.5,2,3,5,2,0,0,3,0,0.19,34,7,20.6,1.28,0.26,0.06,0.29,0,0,100,13,17,8,3,0,0,16,0,,,,,,,,,,,,,,,davide zappacosta,1.6187,4.43213181
2753,Bryan Zaragoza,es ESP,MF,Roma,it Serie A,24.0,2001.0,4,2,135,1.5,0,1,1,0,0,0,1,0,0.67,1,1,100.0,0.67,0.67,0.0,0.0,0,0,9,1,0,5,1,0,0,5,0,,,,,,,,,,,,,,,bryan zaragoza,0.0504,0.69838992
2754,Bryan Zaragoza,es ESP,"FW,MF",Celta Vigo,es La Liga,24.0,2001.0,19,13,1131,12.6,1,1,2,0,1,1,1,0,0.08,26,12,46.2,2.07,0.95,0.0,0.0,1,1,67,5,2,17,1,0,0,7,0,,,,,,,,,,,,,,,bryan zaragoza,0.0504,0.69838992
2755,Oier Zarraga,es ESP,MF,Udinese,it Serie A,27.0,1999.0,23,2,464,5.2,0,0,0,0,0,0,2,0,0.0,4,1,25.0,0.78,0.19,0.0,0.0,0,0,12,6,7,5,2,0,0,8,0,,,,,,,,,,,,,,,oier zarraga,0.2805,0.23808695
2757,Aaron Zehnter,de GER,"DF,MF",Wolfsburg,de Bundesliga,21.0,2004.0,20,17,1456,16.2,2,0,2,2,0,0,0,0,0.12,11,5,45.5,0.68,0.31,0.18,0.4,0,0,36,10,16,0,0,0,0,2,0,,,,,,,,,,,,,,,aaron zehnter,1.0625,1.63266082
2758,Jordan Zemura,zw ZIM,"MF,DF",Udinese,it Serie A,26.0,1999.0,15,12,1017,11.3,0,1,1,0,0,0,3,0,0.09,5,1,20.0,0.44,0.09,0.0,0.0,0,0,33,17,6,11,3,0,0,22,0,,,,,,,,,,,,,,,jordan zemura,0.4649,0.95434291
2760,Alessio Zerbin,it ITA,MF,Cremonese,it Serie A,27.0,1999.0,30,16,1569,17.4,0,2,2,0,0,0,1,0,0.11,21,7,33.3,1.2,0.4,0.0,0.0,0,0,54,19,3,19,1,0,0,33,0,,,,,,,,,,,,,,,alessio zerbin,1.5367,1.89067323
2761,Cedric Zesiger,ch SUI,DF,Augsburg,de Bundesliga,27.0,1998.0,25,18,1636,18.2,0,0,0,0,0,0,7,0,0.0,10,2,20.0,0.55,0.11,0.0,0.0,0,0,34,23,14,13,7,0,0,17,1,,,,,,,,,,,,,,,cedric zesiger,0.5729,1.14737145
2763,Edon Zhegrova,xk KVX,MF,Juventus,it Serie A,27.0,1999.0,16,0,339,3.8,0,0,0,0,0,0,0,0,0.0,16,8,50.0,4.25,2.12,0.0,0.0,0,0,45,3,0,6,0,0,0,4,0,,,,,,,,,,,,,,,edon zhegrova,0.5188,1.03879125
2764,Piotr Zieliński,pl POL,MF,Inter,it Serie A,31.0,1994.0,32,21,1927,21.4,6,3,9,5,1,1,3,0,0.37,28,10,35.7,1.31,0.47,0.18,0.5,1,1,23,17,7,17,3,0,0,17,0,,,,,,,,,,,,,,,piotr zielinski,2.1768,2.59459061
2768,Joshua Zirkzee,nl NED,"FW,MF",Manchester Utd,eng Premier League,24.0,2001.0,21,4,534,5.9,2,1,3,2,0,0,2,0,0.51,21,7,33.3,3.54,1.18,0.1,0.29,0,0,5,6,1,5,2,0,0,7,0,,,,,,,,,,,,,,,joshua zirkzee,2.3854,0.32850089
2769,Budu Zivzivadze,ge GEO,FW,Heidenheim,de Bundesliga,32.0,1994.0,18,12,970,10.8,6,0,6,6,0,0,1,1,0.56,23,12,52.2,2.13,1.11,0.26,0.5,0,0,3,7,1,10,1,1,0,12,0,,,,,,,,,,,,,,,budu zivzivadze,3.1756,0.54162295
2771,Nadir Zortea,it ITA,DF,Bologna,it Serie A,26.0,1999.0,30,16,1767,19.6,0,2,2,0,0,0,2,0,0.1,11,1,9.1,0.56,0.05,0.0,0.0,0,0,67,16,20,16,2,0,0,27,0,,,,,,,,,,,,,,,nadir zortea,0.4335,2.43118373
2772,Yanis Zouaoui,dz ALG,"DF,MF",Le Havre,fr Ligue 1,28.0,1998.0,29,27,2259,25.1,1,1,2,0,1,1,6,0,0.04,16,5,31.3,0.64,0.2,0.0,0.0,1,1,178,29,27,25,6,0,0,20,1,,,,,,,,,,,,,,,yanis zouaoui,0.5432,2.94101833
2773,Igor Zubeldia,es ESP,DF,Real Sociedad,es La Liga,29.0,1997.0,22,21,1898,21.1,0,1,1,0,0,0,8,0,0.05,6,1,16.7,0.28,0.05,0.0,0.0,0,0,0,18,22,5,8,0,0,34,0,,,,,,,,,,,,,,,igor zubeldia,0.2626,0.42176356
2774,Martín Zubimendi,es ESP,MF,Arsenal,eng Premier League,27.0,1999.0,35,33,2862,31.8,5,1,6,5,0,0,4,0,0.19,27,9,33.3,0.85,0.28,0.19,0.56,0,0,12,39,39,13,4,0,0,31,0,,,,,,,,,,,,,,,martin zubimendi,2.7812,2.19763616
2777,Milan Đurić,ba BIH,FW,Cremonese,it Serie A,35.0,1990.0,10,3,383,4.3,0,1,1,0,0,0,1,0,0.23,10,5,50.0,2.35,1.17,0.0,0.0,0,0,2,0,0,8,1,0,0,3,0,,,,,,,,,,,,,,,milan uric,0.8824,0.6011427
2778,Milan Đurić,ba BIH,FW,Parma,it Serie A,35.0,1990.0,12,0,74,0.8,0,0,0,0,0,0,0,0,0.0,5,0,0.0,6.08,0.0,0.0,,0,0,0,0,0,1,0,0,0,2,0,,,,,,,,,,,,,,,milan uric,0.8824,0.6011427
